date,Aktau,Aktobe,Atyrau
2022-01-01,20.507361111111077,1.9624374999999834,80.01636805555555
2022-01-02,1.2379305555555167,1.9526805555555458,87.06934027777775
2022-01-03,1.2391805555555209,2.0190138888888627,88.5395208333333
2022-01-04,1.2346231884057697,1.7207971014492436,75.43692028985504
2022-01-12,22.38443055555552,1.8962361111110875,80.22448611111109
2022-01-13,2.691798611111071,2.0864583333333253,63.88089583333331
2022-01-14,15.677222222222186,1.8393333333333042,61.26811111111109
2022-01-15,1.2328194444443958,1.828131944444425,69.64344444444443
2022-01-16,1.2326249999999417,1.849465277777754,70.82370833333333
2022-01-17,1.2321111111110667,2.1385972222221956,67.21063888888888
2022-01-18,1.2334722222221792,1.7095624999999834,76.35722463768114
2022-01-19,1.230472222222175,1.9238402777777626,74.12068749999997
2022-01-20,1.23444999999996,1.7443611111110835,58.049231481481456
2022-01-21,1.4744305555555044,1.7525138888888707,60.81605555555554
2022-01-22,1.2337222222221875,1.9630347222222084,76.23218840579709
2022-01-23,1.2323888888888417,1.8899583333333083,78.9987847222222
2022-01-24,1.2341304347825741,1.8971805555555417,83.24402777777775
2022-01-25,1.2328611111110666,2.1325624999999833,63.76247222222221
2022-01-26,1.2336944444444167,1.9984166666666583,90.5976597222222
2022-01-27,1.235958333333296,2.280124999999975,85.67270138888887
2022-01-28,1.2370555555555167,1.9452083333333083,78.93062499999998
2022-01-29,15.37789682539678,1.9347013888888833,69.53506944444443
2022-01-30,1.232611111111071,2.138847222222204,68.2698611111111
2022-01-31,3.057680555555516,1.8826666666666416,80.1543913043478
2022-02-01,3.2887916666666333,1.97543055555555,72.43262499999999
2022-02-02,1.2339722222221834,2.0963402777777627,62.00770138888887
2022-02-03,13.954770833333297,2.022430555555546,67.80763194444444
2022-02-04,1.2322777777777374,1.8762222222221958,58.07828472222221
2022-02-06,17.85969841269837,2.264444444444417,64.81819444444443
2022-02-07,1.2289166666666334,2.0120555555555333,80.62028472222221
2022-02-08,1.2326527777777376,1.921138888888871,71.78757638888888
2022-02-09,1.2310833333332876,1.9937291666666541,88.0534722222222
2022-02-10,1.2329166666666291,1.807381944444425,72.35777777777776
2022-02-11,1.2320555555555208,1.9200069444444292,67.15084027777776
2022-03-12,1.2363749999999625,1.7790902777777668,71.19368055555553
2022-03-13,1.232666666666625,1.7952152777777624,66.83281249999999
2022-03-14,1.2323749999999627,1.9393749999999832,63.14149305555554
2022-03-15,1.2354027777777459,2.0320972222222,84.53422222222221
2022-03-16,1.2354305555555167,1.8059583333333167,73.39043055555554
2022-03-17,1.2365138888888583,1.8559999999999874,62.06693749999999
2022-03-18,1.2381666666666293,2.0605208333333045,69.53722222222221
2022-03-19,1.2381527777777375,2.2075347222222126,70.45589583333333
2022-03-20,1.2390555555555125,2.32597916666665,48.24576388888888
2022-03-21,1.2415694444444043,1.97196527777775,59.825791666666646
2022-03-22,1.2382361111110667,1.9367638888888792,72.19220833333333
2022-03-23,1.2429444444444084,1.7532361111110915,64.67013888888887
2022-03-24,1.239416666666625,1.6981666666666417,66.0476111111111
2022-03-25,1.2388749999999584,2.188729166666658,63.92844444444444
2022-03-26,1.239861111111079,2.2890347222222,79.69263194444443
2022-03-27,1.23840277777775,1.9412777777777583,57.515236111111086
2022-03-28,1.235541666666625,1.705180555555546,69.20304166666666
2022-03-30,1.2322916666666333,2.836388888888879,79.41918055555554
2022-03-31,1.2351944444444125,1.7851111111110958,80.19181249999998
2022-04-01,1.2354444444444,1.885395833333325,58.37181884057969
2022-04-02,1.2318888888888542,1.9882222222222043,71.30968749999998
2022-04-03,1.2375416666666335,2.1491666666666416,67.82665277777777
2022-04-04,1.2333749999999626,2.7853333333333086,83.76743749999999
2022-04-05,1.2325277777777375,1.8572638888888668,60.85947916666665
2022-04-06,1.2307499999999625,2.0896111111111,60.12289393939393
2022-04-07,1.2298550724637216,1.9632681159420131,57.40679710144927
2022-04-08,1.2292222222221916,2.263722222222208,68.18349305555553
2022-04-09,1.2293611111110707,1.827736111111096,71.33746527777777
2022-04-10,1.2258749999999667,1.7202499999999834,61.94574305555554
2022-04-11,3.8121944444444,2.06666666666665,68.10906249999998
2022-04-12,24.480749999999972,2.0597499999999793,68.04204166666665
2022-04-13,1.2214166666666293,2.0324930555555376,68.12857638888887
2022-04-14,1.2215555555555209,1.9335347222222083,74.47163194444444
2022-04-15,3.4174027777777334,2.008062499999975,73.5670972222222
2022-04-16,1.2244027777777415,1.8877986111110916,74.25478472222221
2022-04-17,1.2256944444444124,2.2723402777777664,72.81102083333332
2022-04-18,1.2231249999999585,3.073520833333325,79.28699305555556
2022-04-19,1.2225972222221793,3.7234305555555416,56.77852083333332
2022-04-20,1.2237916666666167,2.7183840579710044,88.27030434782606
2022-04-21,1.2204999999999624,1.491256944444425,67.43722916666665
2022-04-22,1.218694444444396,1.4887499999999834,53.12245454545453
2022-04-23,1.2172638888888583,1.4861041666666583,64.76340277777776
2022-04-24,1.216652173913,1.485717391304326,81.74397101449274
2022-04-25,1.2146825396825047,1.485783333333315,86.15361666666665
2022-04-26,1.2193478260869217,1.4856811594202826,61.65052898550723
2022-04-27,1.2203611111110708,1.4879097222222126,63.37992361111108
2022-04-28,1.220708333333296,1.4895833333333,81.26989583333331
2022-04-30,1.2172361111110792,1.4862638888888748,76.48384027777776
2022-05-01,1.2122777777777374,1.4840694444444293,87.78194444444443
2022-05-02,1.2117222222221833,1.4835069444444209,78.82649999999998
2022-05-03,1.2115277777777334,1.4795347222222042,63.35840277777776
2022-05-04,1.21474999999995,1.4832847222222127,71.03947916666665
2022-05-05,1.2158888888888417,1.4863958333333207,70.49405072463766
2022-05-06,1.2143333333333002,1.4966449275362175,69.41139855072461
2022-05-07,1.2089444444444042,1.4850624999999875,55.45502083333332
2022-05-08,8.722217391304312,1.4834652777777542,58.371527777777764
2022-05-09,4.562666666666636,1.4872083333333208,62.605402777777776
2022-05-10,22.825236111111078,1.4895347222222126,54.024861111111086
2022-05-11,1.2002083333332916,1.4822847222222169,67.7886111111111
2022-05-12,1.1996111111110708,1.4814652777777544,75.75354166666665
2022-05-13,1.199999999999975,1.4842569444444293,65.58483333333332
2022-05-14,1.2008333333333001,1.4827152777777626,54.68674305555553
2022-05-15,1.2030694444444043,1.4768958333333249,64.6742847222222
2022-05-16,1.2022499999999583,1.4760624999999792,66.2346597222222
2022-05-17,1.2027638888888543,1.4493680555555375,72.38437499999996
2022-05-18,1.2014027777777374,1.4430277777777623,71.51481944444441
2022-05-19,1.2020833333332999,1.443277777777771,66.3968472222222
2022-05-20,1.2003749999999624,1.4416527777777584,64.57514583333331
2022-05-21,1.1978055555555167,1.4421180555555375,56.36461111111108
2022-05-22,1.1986944444444168,1.442347222222221,82.34733333333331
2022-05-23,3.9347499999999545,1.4414861111111,67.83270833333331
2022-05-24,24.013291666666618,1.4396666666666542,52.83279166666663
2022-05-25,1.1959861111110708,1.438124999999979,65.81456944444442
2022-06-15,1.2218472222221834,1.443597222222204,64.32731944444441
2022-06-16,1.2179305555555293,1.4451597222222083,65.82153472222221
2022-06-17,1.2139861111110792,1.4475227272727045,57.68634782608694
2022-06-18,1.2079166666666208,1.4478263888888792,45.19500757575755
2022-06-19,1.2066111111110625,1.4479166666666456,67.70464583333333
2022-06-20,1.2060277777777333,1.44385416666665,65.19263888888888
2022-06-21,1.2047083333333,1.446479166666654,81.07561111111109
2022-06-22,1.2056349206348809,1.4439206349206237,65.95749999999998
2022-06-23,1.204599999999955,1.4315999999999751,80.77734999999998
2022-06-24,1.1994583333332918,1.4185486111110956,62.147284722222196
2022-06-25,1.2018888888888584,1.404381944444425,66.05547916666666
2022-06-26,1.2024305555555084,1.4477152777777667,55.97915277777776
2022-06-27,1.2039305555555166,1.452923611111096,68.76593749999998
2022-06-28,1.2036388888888583,1.4445277777777623,55.50429166666665
2022-06-30,1.200486111111075,1.4449652777777624,100.42246527777775
2022-07-01,1.2012222222221915,1.4457361111111042,78.69640277777778
2022-07-02,1.2011249999999667,1.453680555555529,106.94863888888888
2022-07-03,1.1988055555555166,1.4549027777777626,81.67306249999999
2022-07-04,1.1983194444444043,1.4590079365079238,88.81540151515149
2022-07-05,1.1980555555555166,1.4587318840579566,85.0105486111111
2022-07-06,1.1979861111110666,1.4541874999999875,78.67671527777776
2022-07-07,1.1967777777777333,1.4533680555555417,100.67768749999999
2022-07-08,1.1971944444443916,1.450404761904762,83.3003472222222
2022-07-09,1.199097222222175,1.4510138888888793,90.76652777777775
2022-07-10,1.2032361111110625,1.4511180555555458,83.25464583333333
2022-07-11,1.2061388888888458,1.447243055555546,72.0013194444444
2022-07-12,1.2066666666666335,1.4450763888888665,93.9904236111111
2022-07-13,1.2061666666666417,1.4433402777777582,60.19363194444443
2022-07-14,1.2057083333332959,1.4426944444444374,60.50595138888887
2022-07-15,1.2027083333332917,1.4409722222222043,75.06900694444444
2022-07-16,1.2034999999999583,1.4397569444444291,87.68854166666665
2022-07-17,1.204236111111079,1.4406527777777585,74.21827777777777
2022-07-18,1.2014027777777334,1.4417152777777626,81.79784722222219
2022-07-19,1.2028333333332917,1.442291666666654,87.13220833333331
2022-07-21,1.2010694444444125,1.4328611111110916,80.46391666666663
2022-07-22,1.1985833333332876,1.4220507246376564,84.53289855072461
2022-07-23,1.1983194444443999,1.4160277777777666,92.0356875
2022-07-24,1.1957391304347436,1.4178623188405566,88.61924637681157
2022-07-25,1.1950833333332957,1.4154236111110834,67.29009722222222
2022-07-26,1.297541666666629,1.4347499999999915,86.74057638888887
2022-07-27,1.2291666666666334,1.4365069444444292,82.04188888888886
2022-07-28,1.2126018518518167,1.4339444444444334,70.24752777777776
2022-07-30,1.2232727272726953,1.4319513888888584,80.70981944444442
2022-08-01,1.2227083333332918,1.4327361111110875,78.36160416666665
2022-08-02,1.2235277777777291,1.4224444444444206,79.26990277777776
2022-08-03,1.22662499999995,1.422749999999979,83.05353472222221
2022-08-04,1.2242083333332918,1.419145833333321,72.53305797101449
2022-08-05,1.2267916666666208,1.43065277777775,83.25481249999997
2022-08-06,1.2276805555555208,1.440076388888879,89.84276388888888
2022-08-07,1.226236111111075,1.4362569444444124,87.8480486111111
2022-08-08,1.2301805555555207,1.4295069444444206,95.17424999999999
2022-08-09,1.228319444444404,1.4293749999999876,72.35511363636361
2022-08-10,1.2315138888888417,1.4307638888888665,87.39943749999998
2022-08-11,1.232291666666625,1.4286388888888668,82.07162499999998
2022-08-12,1.231541666666625,1.4284652777777627,74.49504166666665
2022-08-13,1.235944444444404,1.4295138888888583,71.20148611111108
2022-08-14,1.2365555555555126,1.431437499999979,75.31262499999998
2022-08-15,1.2418888888888417,1.4244492753623132,66.77836956521737
2022-08-16,1.2441527777777417,1.2332430555555458,77.99662499999998
2022-08-17,1.2465138888888458,1.2365486111110917,79.53572916666666
2022-08-18,1.2470555555555125,1.2391597222222,79.95466666666665
2022-08-19,1.25226388888885,1.2433194444444375,68.16052083333332
2022-08-20,1.2551666666666292,1.2511874999999792,78.95848611111107
2022-08-21,1.2571249999999667,1.24360416666665,78.50684057971013
2022-08-22,1.2609444444444124,1.24971527777775,87.5957847222222
2022-08-23,1.259789855072426,1.2534236111111041,86.28569444444442
2022-08-24,93.56251388888886,1.2501458333333082,54.06987962962961
2022-08-25,1.2586086956521434,1.2503623188405653,78.7145144927536
2022-08-26,1.2591249999999625,1.2499305555555376,80.58972916666666
2022-08-27,1.2602499999999583,1.2479583333333166,76.2994375
2022-08-28,1.2627361111110709,1.2470486111111,83.43177777777775
2022-08-30,1.2647499999999625,1.2467083333333,70.7440486111111
2022-08-31,1.2649861111110667,1.2487499999999834,71.32021527777776
2022-09-01,1.2646249999999626,1.2473194444444209,66.81493055555552
2022-09-02,1.2604583333333002,1.2491041666666376,61.666590277777765
2022-09-03,1.261611111111075,1.2461736111110917,69.97454166666664
2022-09-04,1.2639999999999707,1.2546249999999792,79.9822847222222
2022-09-05,1.2563611111110793,1.2560277777777749,93.22795138888888
2022-09-06,1.247430555555525,1.2640416666666583,64.17939583333332
2022-09-07,1.2366111111110625,1.269513888888875,97.10210416666665
2022-09-08,1.2369583333332916,1.2675416666666501,81.39270833333332
2022-09-09,1.2443611111110668,1.2712777777777584,80.58942028985506
2022-09-10,1.243277777777746,1.2738611111110958,65.17124305555552
2022-09-11,1.2417222222221833,1.2753680555555333,71.56611805555553
2022-09-12,1.2467499999999585,1.2825416666666583,80.47735416666666
2022-09-13,1.2502638888888458,1.4126805555555375,82.8499097222222
2022-09-14,1.2532916666666334,1.3943333333333208,89.41016666666665
2022-09-15,1.2475416666666375,1.3991458333333167,68.87765972222219
2022-09-16,1.2454861111110667,1.3972291666666499,75.13416666666664
2022-09-17,1.2448333333332917,1.3965277777777627,74.998375
2022-09-18,1.2449861111110625,1.3917361111110875,73.12539583333331
2022-09-19,1.244739130434748,1.3929130434782608,72.09202898550723
2022-09-20,1.2488055555555084,1.3764583333333167,81.24818749999999
2022-09-21,1.2510277777777417,1.3590347222222,86.35205555555554
2022-09-22,13.721208333333308,1.3609236111110876,81.91794444444442
2022-09-27,1.4975277777777416,1.3699930555555249,80.50974305555555
2022-09-30,1.714611111111071,1.3822222222221876,62.67751388888888
2022-10-01,1.6699583333332917,1.3801874999999708,76.90824999999998
2022-10-02,1.6747499999999624,1.378576388888871,96.88711805555552
2022-10-03,1.8381944444444,1.3857083333333167,85.06413888888886
2022-10-04,1.6220277777777332,1.3927222222222,72.2603472222222
2022-10-05,1.5676527777777292,1.3905972222221958,66.20713194444444
2022-10-06,1.5913611111110708,1.3928749999999877,82.27771527777774
2022-10-07,1.6024999999999459,1.5035555555555418,65.68484027777777
2022-10-08,1.6337101449275,1.4932028985507002,77.7098260869565
2022-10-09,1.6587499999999624,1.4919027777777583,70.92985416666666
2022-10-10,1.6534722222221874,1.490347222222204,73.60125694444442
2022-10-11,1.6666944444444167,1.4919374999999793,73.01654166666664
2022-10-12,1.7954027777777457,1.4904583333333168,78.71881249999998
2022-10-13,1.6574166666666335,1.492263888888871,63.84115277777775
2022-10-14,1.7184583333333123,1.4925069444444208,68.37122916666662
2022-10-16,1.6457083333332958,1.4954861111111002,64.24975694444443
2022-10-17,1.7277083333332959,1.495217391304335,52.7436111111111
2022-10-18,1.6321403508771528,1.4990263157894474,81.96195614035086
2022-10-19,1.8082638888888543,1.4937430555555418,76.54783333333332
2022-10-20,1.6259027777777417,1.4897361111110958,75.58294444444442
2022-10-21,1.6918695652173479,1.490297101449261,64.64941304347825
2022-10-22,1.9339583333333001,1.490756944444425,70.30062499999998
2022-10-23,1.6288333333332916,1.5114722222222083,68.96871527777776
2022-10-24,1.5775694444443957,1.5026597222222042,79.22242361111108
2022-10-25,1.594507246376765,1.4991521739130262,72.27729710144926
2022-10-26,1.8179242424241908,1.500749999999975,73.73134722222221
2022-11-01,1.4248623188405436,1.500395833333321,60.53195833333333
2022-11-02,1.2246388888888542,1.5168402777777625,78.97221527777776
2022-11-03,1.2688333333332875,1.5132499999999958,69.99252777777777
2022-11-04,1.3447222222221835,1.512499999999979,80.39264583333332
2022-11-05,1.5477499999999582,1.512201388888875,72.78138888888888
2022-11-06,1.3884444444444126,1.5136578947368264,76.83792063492062
2022-11-07,1.2303194444444,1.51391666666665,82.86615277777777
2022-11-08,1.3296944444444083,1.5269236111110915,82.00804861111108
2022-11-09,1.2687971014492305,1.5345724637680955,72.38202898550723
2022-11-10,1.4765416666666251,1.5334652777777624,91.81890277777775
2022-11-11,1.3158472222221833,1.5329027777777624,59.59661805555553
2022-11-12,1.7055972222221876,1.5324236111110832,59.6581736111111
2022-11-13,1.352430555555525,1.5332638888888583,66.79688194444442
2022-11-14,1.3425416666666292,1.5329722222221875,60.279499999999985
2022-11-15,1.2458888888888457,1.538659722222204,70.50963888888886
2022-11-16,1.2298611111110749,1.543694444444425,79.77568749999998
2022-11-17,1.2267638888888417,1.540624999999996,79.1367847222222
2022-11-18,1.3520277777777459,1.5388484848484725,96.0841111111111
2022-11-19,1.5221944444444082,1.538354166666654,74.10947222222221
2022-11-20,1.2234583333333,1.5402291666666417,74.23320138888887
2022-11-21,1.4211249999999664,1.5408611111110917,59.6012222222222
2022-11-22,2.09038888888885,1.5365902777777667,57.366902777777774
2022-11-23,1.5968333333333,1.5374652777777582,69.52110416666666
2022-11-24,1.4811249999999625,1.5359930555555374,63.74932638888887
2022-11-25,1.2678333333332874,1.5385763888888793,67.74318749999999
2022-11-26,1.4324305555555041,1.5358124999999792,84.41075
2022-11-27,1.8203623188405436,1.5198768115941914,80.60109420289854
2022-11-28,1.3423472222221793,1.5338333333333207,63.52939583333332
2022-11-29,1.3450416666666376,1.53160416666665,83.67805555555553
2022-11-30,1.5701527777777458,1.4958695652173741,93.30044202898549
2022-12-02,1.2395972222221834,1.5462152777777665,76.25069444444442
2022-12-03,1.2383888888888541,1.5393680555555294,90.29168055555554
2022-12-04,1.3448333333332918,1.5465208333333207,94.1583333333333
2022-12-05,1.5032463768115607,1.5488478260869392,83.95760869565216
2022-12-06,1.2372777777777375,1.549263888888875,85.83799999999998
2022-12-07,1.3227361111110916,1.5407291666666458,83.5348611111111
2022-12-08,1.24738888888885,1.5364652777777625,79.12845833333331
2022-12-09,1.2604861111110834,1.5467569444444333,76.66114583333332
2022-12-10,1.2529305555555166,1.551673611111104,87.99316666666664
2022-12-11,1.2433333333333,1.5526666666666458,70.77444444444441
2022-12-12,1.2631527777777418,1.5425694444444125,68.77832638888884
2022-12-13,1.3222777777777501,1.552083333333304,73.18270833333331
2022-12-14,1.6790694444443959,1.5535208333332917,67.42306249999997
2022-12-15,2.1642499999999583,1.5561249999999625,70.13512499999996
2022-12-16,2.3381944444444125,1.5565208333333,66.38100694444441
2022-12-17,1.8634444444444125,1.5509999999999584,80.5961458333333
2022-12-18,1.65601388888885,1.5458124999999623,84.91572222222219
2022-12-19,1.8065694444444083,1.5492361111110748,80.97331249999996
2022-12-20,1.827833333333291,1.547841666666635,67.67611666666663
2022-12-21,1.503652777777729,1.5550347222221876,78.07879861111107
2022-12-22,1.8436805555555125,1.5469166666666292,58.51991666666664
2022-12-23,1.7240624999999667,1.5461041666666375,52.90973611111108
2022-12-24,1.3451388888888542,1.5497569444444126,68.31885416666664
2022-12-25,1.6581805555555125,1.5542083333332959,63.56236805555554
2022-12-26,2.055291666666625,1.5517430555555292,72.05015972222219
2022-12-27,1.4709305555555166,1.5540151515151273,85.59648611111108
2022-12-30,1.2539583333332918,1.5441597222221874,84.81965972222218
2023-01-01,1.8628611111110749,1.5421190476190094,62.15508695652171
2023-01-02,1.8802638888888499,1.5420833333333042,50.318173611111085
2023-01-03,1.3596805555555207,1.543437499999971,47.21402083333331
2023-01-04,1.805291666666621,1.541777777777746,52.1658958333333
2023-01-05,1.8621805555555249,1.5416666666666414,57.63847222222219
2023-01-06,1.2637499999999584,1.5408611111110833,62.60385416666663
2023-01-07,1.3504999999999583,1.5398958333333084,58.78497916666663
2023-01-08,1.7187777777777375,1.4882152777777418,54.80627083333329
2023-01-09,1.7089027777777457,1.3877430555555292,65.95443749999997
2023-01-10,1.4493055555555168,1.3521874999999708,81.26773611111108
2023-01-11,1.283361111111071,1.301743055555521,77.88760416666663
2023-01-12,1.2466805555555167,1.3252708333333167,80.90022222222218
2023-01-13,1.393708333333296,1.4586319444444127,81.19775694444442
2023-01-14,1.5368888888888586,1.48463888888885,68.22213888888886
2023-01-15,1.6638472222221792,1.4714374999999584,77.5129097222222
2023-01-16,1.406374999999971,1.457638888888854,62.61265972222218
2023-01-17,2.096472222222187,1.5083043478260607,69.62662318840577
2023-01-18,1.4497777777777416,1.5888124999999542,76.21665277777775
2023-01-19,1.441416666666629,1.5767013888888417,68.95988194444442
2023-01-21,1.2987777777777458,1.5412708333333083,59.81661805555552
2023-01-22,1.6680972222221708,1.5334583333332958,75.50094444444441
2023-01-23,1.3176805555555124,1.5155208333333083,74.02365277777774
2023-01-24,1.2741944444444127,1.5267638888888584,74.43136111111109
2023-01-25,1.2612777777777333,1.5222847222221916,75.83809722222219
2023-01-26,1.3819999999999582,1.5190416666666333,78.4685208333333
2023-01-27,1.2996944444444083,1.4986944444444041,72.9795208333333
2023-01-28,1.519083333333296,1.510749999999975,76.09831944444441
2023-01-29,1.6028749999999752,1.5020694444444,66.38951388888887
2023-01-30,2.1053888888888377,1.5076041666666293,72.52126388888885
2023-01-31,1.6195486111110833,1.5170749999999749,62.107591666666636
2023-02-01,2.326805555555517,1.5508124999999708,69.33599305555552
2023-02-02,2.047550724637648,1.5463611111110833,77.32407638888886
2023-02-03,2.1868888888888374,1.5389236111110751,65.31460416666664
2023-02-04,1.3369722222221752,1.5340694444444167,50.22888194444442
2023-02-05,1.842305555555521,1.5210972222222081,53.75875694444443
2023-02-06,1.3828888888888542,1.5158888888888666,61.51518055555553
2023-02-07,1.8442280701754001,1.5040138888888457,67.04393055555553
2023-02-08,1.7508888888888583,1.4997361111110665,59.218027777777756
2023-02-09,1.871333333333296,1.5135972222221916,68.63080555555553
2023-02-10,1.6757222222221833,1.5123888888888626,67.83416666666663
2023-02-11,1.4766944444444041,1.5358749999999708,77.14881249999996
2023-02-12,1.2909027777777375,1.5446041666666417,61.65611111111108
2023-02-13,1.621416666666625,1.5209999999999626,76.23981944444442
2023-02-14,1.541472222222179,1.532631944444404,84.59088194444442
2023-02-15,1.2419166666666293,1.5412569444444124,58.00520833333331
2023-02-16,1.242986111111071,1.5520138888888582,48.667409722222196
2023-02-17,1.2527083333333,1.5560277777777332,59.431770833333296
2023-02-18,1.4920694444444083,1.5513333333333044,56.314715277777736
2023-02-19,1.379680555555521,1.5556736111110834,80.08790972222218
2023-02-20,1.666513888888846,1.4814848484848318,73.97310416666663
2023-02-21,1.850986111111075,1.5999027777777457,53.944034722222206
2023-02-22,1.6062777777777333,1.5499236111110875,52.45776388888887
2023-02-23,1.293708333333296,1.5497083333333042,58.78695138888886
2023-02-24,1.3260694444443917,1.5184722222222,59.430881944444415
2023-02-25,1.5869027777777418,1.5135833333333168,81.36135416666663
2023-02-26,1.6290416666666208,1.5423194444444166,72.61217361111107
2023-02-27,1.2366388888888542,1.5463055555555165,66.29181249999996
2023-02-28,1.487902777777746,1.5451458333333041,72.30404166666663
2023-03-01,1.7091527777777333,1.5437361111110626,60.91650694444439
2023-03-02,1.5954722222221835,1.5455208333333041,49.84650694444441
2023-03-03,1.6243055555555168,1.5431041666666456,54.397472222222184
2023-03-04,1.3673888888888375,1.5462430555555207,59.45265972222219
2023-03-05,1.2729027777777333,1.5423402777777497,49.5577708333333
2023-03-06,1.841861111111071,1.5393611111110876,62.071368055555524
2023-03-07,1.6732499999999624,1.5377847222221916,52.00190277777775
2023-03-08,1.3276666666666208,1.5451597222221958,59.58756249999997
2023-03-09,1.4803055555555125,1.5377083333332957,66.7157222222222
2023-03-10,1.6393333333332916,1.5460763888888664,49.70706249999996
2023-03-11,1.2612916666666334,1.53121527777775,72.01532638888887
2023-03-15,1.2515555555555167,1.5314583333332958,70.48724999999996
2023-03-16,1.82263888888885,1.5278749999999708,78.16445138888885
2023-03-17,1.7980138888888335,1.52484027777775,53.56190277777775
2023-03-18,1.2106527777777334,1.5255694444444083,73.12745833333331
2023-03-19,1.2167638888888501,1.526868055555525,65.03716666666664
2023-03-20,1.748513888888854,1.5314930555555248,64.43216666666663
2023-03-21,1.2839861111110666,1.5271805555555291,65.8846597222222
2023-03-22,1.3296388888888417,1.5262708333333084,62.07526388888886
2023-03-23,1.2383333333333084,1.5217361111110916,74.29160416666663
2023-03-24,1.2365555555555208,1.5186111111110792,57.229548611111085
2023-03-25,1.3122916666666333,1.5184374999999832,71.19243749999997
2023-03-26,1.6223611111110625,1.5178611111110873,44.903326388888864
2023-03-27,1.28477777777775,1.5156180555555252,58.29521527777775
2023-03-28,1.282833333333296,1.515229166666625,62.81148611111109
2023-03-29,1.5248055555555167,1.5098333333333,69.17456944444442
2023-03-30,1.4580434782608305,1.5155942028985263,51.55048550724635
2023-03-31,1.443166666666625,1.513263888888854,57.63870833333329
2023-04-01,1.4894305555555125,1.5085208333333042,66.17029166666664
2023-04-02,1.3109444444444083,1.5067430555555335,51.871826388888856
2023-04-03,1.22726388888885,1.5079444444444252,71.50345138888885
2023-04-04,1.3396805555555125,1.5087986111110794,53.50309027777775
2023-04-05,1.4634999999999625,1.510743055555525,73.27935416666665
2023-04-06,1.2801249999999667,1.5100138888888541,61.299951388888864
2023-04-07,1.4524492753622824,1.509465277777746,66.41563194444443
2023-04-08,1.3297916666666334,1.514888888888871,54.006784722222186
2023-04-09,1.2071944444444043,1.5129791666666332,56.57861805555553
2023-04-10,1.5101111111110708,1.5104999999999709,55.73082638888886
2023-04-11,1.5743194444443915,1.5084722222221958,64.61971527777776
2023-04-12,1.6249999999999625,1.501312499999979,59.5105347222222
2023-04-13,1.6444166666666291,1.4996041666666333,54.5968194444444
2023-04-14,1.6083888888888582,1.4985138888888667,54.72815277777775
2023-04-15,1.5783749999999666,1.5045069444444168,50.32830555555552
2023-04-16,1.808513888888846,1.5001319444444166,48.47326388888887
2023-04-17,1.492763888888846,1.4974791666666416,63.20597222222219
2023-04-18,1.5493749999999584,1.4939097222222,67.79410416666664
2023-04-19,1.5729583333332833,1.491944444444404,66.33679166666664
2023-04-21,3.456263888888854,1.4890486111110832,51.969493055555525
2023-04-22,1.2434444444444084,1.4886388888888584,75.44331944444441
2023-04-23,1.2869861111110625,1.4869999999999541,47.032881944444426
2023-04-24,1.3049999999999666,1.4871666666666459,56.86613194444441
2023-04-25,1.3637083333332918,1.4836388888888583,54.91234027777774
2023-04-26,1.475999999999954,1.4822361111110751,67.29868749999996
2023-04-27,1.5432083333332958,1.4825555555555334,52.06511111111109
2023-04-28,1.4619999999999582,1.4792430555555376,46.71323611111109
2023-04-29,1.2064861111110792,1.4765208333333,47.1361458333333
2023-04-30,1.35476388888885,1.4733472222221875,50.021069444444414
2023-05-03,1.2266944444444126,1.4739791666666333,42.397805555555514
2023-05-04,1.6412361111110665,1.4758124999999709,56.83460416666663
2023-05-05,1.2647916666666208,1.477062499999971,52.97738888888886
2023-05-06,1.8098611111110792,1.4783819444444042,45.25949999999997
2023-05-07,1.4455833333332917,1.4786666666666248,63.2980833333333
2023-05-08,1.3307777777777374,1.4791527777777418,69.45876388888885
2023-05-09,1.2337638888888376,1.4812638888888585,53.41445833333329
2023-05-10,1.476374999999954,1.4767291666666418,61.13510416666664
2023-05-11,1.2606805555555207,1.4716736111110749,59.079722222222195
2023-05-12,1.1955972222221876,1.4719999999999667,54.783333333333296
2023-05-13,1.3315833333332916,1.470423611111075,64.82290972222218
2023-05-14,1.2753888888888416,1.4709444444444209,55.61285416666663
2023-05-15,1.18263888888885,1.4681805555555252,71.16095833333331
2023-05-16,1.1669583333332916,1.4652361111110708,60.4600972222222
2023-05-17,1.1620555555555208,1.4667638888888668,53.57209027777776
2023-05-18,1.1650277777777374,1.4674722222221834,61.551673611111084
2023-05-19,1.311291666666621,1.4668749999999708,49.37894444444441
2023-05-20,1.1950555555555167,1.4628263888888624,50.79944444444441
2023-05-21,1.1675579710144566,1.461874999999975,53.42026388888885
2023-05-22,1.2855416666666333,1.4592986111110875,52.10584027777775
2023-05-23,1.488902777777729,1.4577361111110791,57.123902777777744
2023-05-24,1.4381805555555207,1.4577569444444167,51.04845138888885
2023-05-25,1.1812592592592055,1.45559027777775,55.85038194444442
2023-05-26,1.418253968253924,1.4546388888888722,67.70507407407405
2023-05-27,1.4149166666666206,1.4552013888888584,68.05119444444442
2023-05-28,1.274291666666629,1.4553541666666332,69.56974305555552
2023-05-29,1.2629583333332917,1.4537638888888582,65.58998611111109
2023-05-30,1.433416666666625,1.4519513888888582,63.31474305555552
2023-05-31,1.3520277777777376,1.4537777777777416,66.74520833333331
2023-06-01,1.2982638888888582,1.4515208333333127,61.156138888888854
2023-06-02,3.578999999999967,1.4513611111110751,56.46789583333331
2023-06-03,1.8460833333332791,1.449451388888871,63.467083333333306
2023-06-04,2.044486111111071,1.4499166666666417,46.138749999999966
2023-06-05,6.0306666666666295,1.4632430555555291,59.25081249999996
2023-06-06,491.36112499999996,1.4629444444444124,55.102381944444424
2023-06-07,1.1166666666666305,1.4646874999999833,54.14731249999997
2023-06-08,14.089319444444406,1.4643958333333085,66.48500694444441
2023-06-09,7.0688749999999585,1.4634652777777417,74.81334027777774
2023-06-10,9.033374999999955,1.4694166666666335,65.4720208333333
2023-06-11,1.622291666666621,1.4679652777777374,52.998486111111085
2023-06-12,2.058666666666629,1.4694791666666334,49.072958333333304
2023-06-13,1.2023194444444083,1.4741597222221958,67.44024305555551
2023-06-14,1.9814444444444,1.474111111111071,54.1355833333333
2023-06-15,1.4674305555555165,1.4744374999999874,42.98243749999998
2023-06-16,100.5171944444444,1.4730902777777501,69.4875833333333
2023-06-17,1.1217222222221876,1.4549513888888377,53.85527083333329
2023-06-18,1.1268055555555292,1.4981388888888667,56.26445138888886
2023-06-19,1.129222222222179,1.4396319444444083,30.252534722222197
2023-06-20,1.1277361111110793,1.4548611111110876,70.61163888888885
2023-06-24,2.2211874999999583,1.4495069444444084,57.403548611111084
2023-06-25,1.3426527777777457,1.4484930555555209,58.36002777777773
2023-06-26,1.2737499999999542,1.448777777777746,60.478499999999976
2023-06-27,1.3313333333332917,1.4458611111110835,56.70247916666663
2023-06-28,1.3916666666666293,1.4434583333333124,69.20339583333329
2023-06-29,1.4399027777777376,1.4403402777777419,59.48909722222219
2023-06-30,1.2916944444444083,1.437909722222175,60.37535416666665
2023-07-01,1.4988333333332917,1.4357708333333081,60.42011805555552
2023-07-02,1.567166666666629,1.4366527777777376,57.72480555555552
2023-07-03,1.58913888888885,1.4388958333333042,45.98829166666664
2023-07-04,1.4147638888888416,1.431714285714257,46.28706944444442
2023-07-05,1.349874999999954,1.429493055555521,57.50620833333331
2023-07-06,1.2918472222221875,1.4258472222221874,53.422284722222194
2023-07-07,1.6200416666666333,1.424243055555525,56.98390277777775
2023-07-08,1.5499861111110709,1.4233124999999707,53.763111111111094
2023-07-09,1.324736111111075,1.4202291666666376,55.36693749999997
2023-07-10,1.4713333333332919,1.4200347222221834,58.82516666666664
2023-07-11,2.5639583333332876,1.4196388888888498,52.740013888888846
2023-07-12,1.5349583333332957,1.4226874999999624,67.14151754385962
2023-07-13,1.2355138888888668,1.4250416666666414,45.73670138888886
2023-07-14,1.2040416666666376,1.427187499999971,61.848618055555534
2023-07-15,1.1902361111110709,1.4247847222221874,55.69160416666665
2023-07-16,1.1855833333333041,1.4253124999999625,45.76084722222217
2023-07-17,1.1830833333333,1.4255555555555084,57.47018055555552
2023-07-18,1.181430555555521,1.4263958333332916,67.47105555555552
2023-07-19,1.202291666666625,1.425798611111075,65.13482638888884
2023-07-20,1.5910416666666167,1.4216180555555251,64.13293055555552
2023-07-21,3.639972222222179,1.4176388888888667,60.137458333333306
2023-07-22,1.1481249999999668,1.4177291666666416,73.47428260869562
2023-07-23,1.196541666666629,1.4174722222221916,58.45269565217389
2023-07-24,2.303361111111079,1.4234166666666332,69.2698819444444
2023-07-25,1.1990694444444083,1.4473472222221877,62.69506944444441
2023-07-26,1.1903194444444043,1.4482361111110709,60.35356249999996
2023-07-27,1.464111111111075,1.4469166666666418,53.48608333333329
2023-07-28,1.503861111111075,1.4464652777777418,74.64547916666665
2023-07-29,1.5714583333332917,1.4472013888888666,59.21184027777775
2023-07-30,1.2288194444444125,1.4438263888888623,75.61380555555552
2023-08-01,1.2081944444444084,1.444888888888854,66.8663333333333
2023-08-02,1.4495416666666332,1.4449583333333125,60.23926388888885
2023-08-03,1.3184722222221834,1.446527777777754,59.252013888888854
2023-08-04,3.047833333333292,1.4458819444444042,47.40116666666663
2023-08-05,1.382791666666621,1.4464999999999708,60.68605555555553
2023-08-06,1.23802777777775,1.4462916666666248,69.63541666666664
2023-08-07,1.4536527777777375,1.4461736111110752,72.0339583333333
2023-08-08,1.493708333333296,1.4456874999999625,68.72103472222219
2023-08-09,1.33213888888885,1.447152777777746,75.0304722222222
2023-08-10,1.328847222222175,1.4469027777777541,56.40120833333331
2023-08-11,1.4154166666666248,1.4475347222222001,65.74398611111107
2023-08-12,1.6980138888888459,1.4466527777777418,67.03399305555551
2023-08-13,1.301666666666625,1.447374999999975,53.15140972222218
2023-08-14,1.2118194444444041,1.4482777777777374,61.49963194444441
2023-08-15,1.4012499999999626,1.4529305555555123,69.07454861111107
2023-08-16,1.2876666666666208,1.4526111111110875,63.52513194444441
2023-08-17,9.428277777777753,1.4540972222222,57.73487499999996
2023-08-18,2.2422777777777374,1.454965277777746,45.15374166666663
2023-08-19,9.28020138888885,1.4556736111110624,50.042326388888874
2023-08-20,74.70655555555552,1.459743055555525,59.2200069444444
2023-08-21,1.7368888888888583,1.4552847222221958,54.452020833333286
2023-08-22,156.65113888888885,1.4546874999999542,54.49101388888886
2023-08-23,1.3334130434782216,1.456305555555529,55.47715972222219
2023-08-24,1.1191805555555168,1.4561666666666373,47.96711805555552
2023-08-25,1.1184999999999585,1.4547916666666374,57.50221527777774
2023-08-26,1.1172777777777458,1.458111111111075,42.28810416666664
2023-08-27,1.1169861111110708,1.4607291666666293,73.5532083333333
2023-08-28,1.117374999999971,1.4654652777777584,58.53979166666662
2023-08-29,1.116236111111075,1.469416666666646,70.77962499999995
2023-08-30,1.1176527777777334,1.4682708333333165,65.34135416666663
2023-08-31,1.117305555555521,1.466624999999971,73.65919696969695
2023-09-01,1.1169166666666208,1.4670624999999708,60.6820833333333
2023-09-02,1.1165833333332917,1.467506944444425,45.97607638888886
2023-09-03,1.1171111111110752,1.4667916666666416,66.01697222222221
2023-09-04,1.1152638888888418,1.4661041666666457,57.71086111111108
2023-09-05,1.1174027777777458,1.46690277777775,62.89410416666663
2023-09-07,1.1170833333332917,1.4664583333332957,37.8167083333333
2023-09-08,1.1160694444444126,1.4685624999999665,59.70649305555553
2023-09-09,1.1164305555555083,1.4706249999999708,51.051404761904735
2023-09-10,1.1171249999999626,1.4711458333333,73.53930555555553
2023-09-11,1.1166527777777457,1.471972222222196,62.97593055555552
2023-09-12,1.1155416666666167,1.471972222222196,51.15411805555552
2023-09-13,1.115361111111075,1.4602499999999792,61.13455555555552
2023-09-14,1.1140833333332918,1.4568541666666333,54.82016666666664
2023-09-15,1.1148749999999625,1.4549027777777541,75.37336805555553
2023-09-16,1.1133472222221834,1.455527777777746,52.47211805555552
2023-09-17,1.1132083333333043,1.4553194444444166,55.12653472222218
2023-09-18,1.1122638888888543,1.4560555555555166,62.46002777777773
2023-09-19,1.1118611111110708,1.4539027777777334,48.9184583333333
2023-09-20,1.1123636363635956,1.4524791666666375,67.36622916666663
2023-09-21,1.1285797101448913,1.4516180555555291,60.692979166666625
2023-09-22,1.1843472222221874,1.4508472222221958,74.31181249999997
2023-09-23,1.1908055555555208,1.4501527777777585,58.071576388888865
2023-09-24,1.2396805555555168,1.4492152777777585,63.23974305555553
2023-09-25,1.2061944444444084,1.4488611111110874,61.45270138888886
2023-09-26,1.2108055555555166,1.448659722222179,56.595624999999984
2023-09-27,1.2371111111110793,1.4500277777777584,57.07650694444442
2023-09-28,1.231416666666629,1.4497291666666456,48.208263888888865
2023-09-29,1.2168472222221876,1.452236111111075,63.23390972222219
2023-09-30,1.2200277777777417,1.4529444444444124,62.11006944444441
2023-10-01,1.2531527777777376,1.4543819444444166,56.70690277777776
2023-10-02,1.2424930555555167,1.4540952380952095,55.943645833333306
2023-10-03,1.252527777777746,1.4573194444444126,86.37913888888886
2023-10-04,1.2214861111110709,1.4578194444444126,71.42013888888884
2023-10-05,1.2223333333332917,1.4577986111110874,59.28088194444442
2023-10-06,1.2231944444444125,1.4611180555555123,70.4466597222222
2023-10-07,1.2347222222221668,1.7499652777777417,58.24550694444442
2023-10-08,1.235236111111075,1.464770833333296,68.28122916666665
2023-10-09,1.2387916666666334,1.4647083333333042,53.08332638888885
2023-10-10,1.2398194444444084,1.4676874999999583,47.693034722222194
2023-10-11,1.2455833333332957,1.4677916666666417,61.67754861111109
2023-10-12,1.2513611111110667,1.4700555555555248,59.76752083333329
2023-10-13,1.254083333333296,1.4710069444444207,64.71445138888886
2023-10-14,1.2451388888888584,1.4711249999999707,62.81770138888885
2023-10-15,1.25151388888885,1.4715555555555249,73.60905555555553
2023-10-16,1.25274999999995,1.4689305555555252,54.52221527777775
2023-10-17,1.2504027777777376,1.4711666666666376,62.23622916666664
2023-10-18,1.2453055555555126,1.4718958333333083,70.34029861111107
2023-10-19,1.2517638888888583,1.4784637681159218,60.51561111111108
2023-10-20,1.2663055555555083,1.4768472222221918,64.22904166666663
2023-10-21,1.2564166666666374,1.4773263888888584,58.12003472222219
2023-10-22,1.2516249999999582,1.4825208333332958,66.96932638888886
2023-10-23,1.2565277777777375,1.4841527777777541,69.86897916666663
2023-10-24,1.2996388888888417,1.4785793650793333,73.46534027777776
2023-10-25,1.6540555555555085,1.5114583333333043,57.51413888888886
2023-10-26,1.7995972222221832,1.4903541666666251,65.5602083333333
2023-10-27,1.7319722222221916,1.4847847222221875,66.93418055555553
2023-10-28,1.6803749999999582,1.516736111111083,68.36815277777775
2023-10-29,1.7423194444444097,1.4795277777777558,41.472270833333305
2023-10-30,1.6011388888888891,1.4848958333333335,46.02769444444444
2023-10-31,1.7002916666666668,1.4829999999999999,61.09427777777777
2023-11-01,2.037888888888889,1.4780902777777778,64.9616875
2023-11-02,1.501486111111111,1.4774166666666666,56.59195833333334
2023-11-03,1.3910972222222222,1.47625,58.315756944444445
2023-11-04,1.4969861111111111,1.4783402777777779,60.888868055555555
2023-11-05,1.4795277777777776,1.4806944444444445,68.79359027777778
2023-11-06,1.7162638888888886,1.479749999999996,69.32016666666667
2023-11-07,1.6382083333333333,1.48025,76.18778472222222
2023-11-08,1.4461388888888889,1.4782916666666666,50.57816666666667
2023-11-09,1.5512916666666665,1.4765,65.695375
2023-11-10,1.6637916666666666,1.4771875,62.55757638888889
2023-11-11,1.7409444444444444,1.4804166666666667,62.594854166666664
2023-11-12,1.7576527777777777,1.4802916666666668,60.86445138888888
2023-11-13,1.336875,1.480173611111111,72.42796527777777
2023-11-14,1.4516666666666664,1.4785694444444444,64.31684722222222
2023-11-15,1.4055138888888887,1.4827916666666667,70.15867361111111
2023-11-16,1.5427222222222223,1.4836527777777777,80.63706944444445
2023-11-17,1.697375,1.4824305555555555,66.12236111111112
2023-11-18,2.829041666666667,1.4885902777777777,80.06386805555555
2023-11-19,1.7059166666666667,1.4853888888888889,68.30750694444446
2023-11-20,1.7170416666666666,1.4859916666666617,51.923187500000004
2023-11-21,1.5667499999999999,1.4907847222222221,66.06484027777778
2023-11-22,2.704930555555556,1.4926319444444445,64.85263194444444
2023-11-23,2.6630694444444445,1.4769930555555557,57.60344444444444
2023-11-24,2.2303888888888888,1.4457916666666666,56.07884027777778
2023-11-25,1.62625,1.4868263888888889,52.172958333333334
2023-11-26,1.4727916666666667,1.492201388888889,63.477875000000004
2023-11-27,1.8232499999999998,1.4981805555555556,61.81007638888889
2023-11-28,2.066722222222222,1.4990138888888886,56.467597222222224
2023-11-29,2.7289999999999996,1.504013888888889,57.98379166666666
2023-11-30,2.917902777777778,1.5040069444444446,49.28819444444445
2023-12-01,1.6648055555555556,1.5037222222222224,57.540708333333335
2023-12-02,1.500986111111111,1.5038472222222221,70.42689583333333
2023-12-03,1.613236111111111,1.509625,63.347590277777776
2023-12-04,1.6712777777777779,1.506516666666655,61.82820833333333
2023-12-05,1.7271527777777778,1.4995347222222222,54.378951388888886
2023-12-06,2.1986666666666665,1.487951388888889,61.788375
2023-12-07,1.716513888888889,1.4668402777777778,49.23815277777778
2023-12-08,2.385236111111111,1.380083333333329,50.92966666666666
2023-12-12,1.8929444444444445,1.2607291666666667,43.40427777777777
2023-12-13,1.9965972222222224,1.2952708333333334,43.548673611111106
2023-12-14,1.4820416666666667,1.407298611111111,36.1679375
2023-12-15,1.2858333333333334,1.4303888888888834,41.27504166666667
2023-12-16,1.3065,1.480951388888889,40.189256944444445
2023-12-17,1.3145138888888888,1.5139444444444443,40.947340277777776
2023-12-18,1.308263888888889,1.5127430555555554,43.70775694444444
2023-12-19,1.4660972222222168,1.5084930555555527,46.39739583333334
2023-12-20,1.2897083333333332,1.5079930555555556,46.18058333333334
2023-12-21,1.2849166666666667,1.5048124999999999,49.26639583333333
2023-12-22,1.343638888888889,1.5085694444444444,50.911368055555556
2023-12-23,1.3480833333333333,1.5154583333333334,44.21409027777778
2023-12-24,1.328625,1.5134999999999945,48.893631944444444
2023-12-25,1.32475,1.5163125,48.98995138888889
2023-12-26,1.3278333333333334,1.5121319444444445,45.532472222222225
2023-12-27,1.2679305555555556,1.516076388888889,54.11600694444445
2023-12-28,1.2857916666666667,1.5142222222222221,56.025395833333334
2023-12-29,1.323388888888889,1.4891666666666667,52.66676388888889
2023-12-30,1.3213888888888887,1.5032152777777776,45.10525694444445
2023-12-31,1.316125,1.5124652777777776,48.524951388888894
2024-01-01,1.3077083333333333,1.5107708333333332,49.919999999999995
2024-01-02,1.3039444444444446,1.4850416666666666,51.04911805555556
2024-01-03,1.3078194444444444,1.4988680555555556,48.38211111111111
2024-01-04,1.3244166666666668,1.5122708333333332,43.50060416666667
2024-01-05,1.2945833333333334,1.5104347826086812,55.01701388888889
2024-01-06,1.2906666666666666,1.5082569444444445,51.68548611111111
2024-01-07,1.2867083333333333,1.5128055555555555,50.51647916666667
2024-01-08,1.2569166666666667,1.4326041666666667,44.31118055555555
2024-01-09,1.3211736111111112,1.3129166666666667,46.86479166666667
2024-01-10,1.3119166666666668,1.359763888888889,45.674125000000004
2024-01-11,1.3000972222222222,1.3225555555555555,44.81751388888889
2024-01-12,1.292736111111111,1.3595416666666666,42.45556944444444
2024-01-13,1.2981944444444444,1.467472222222222,49.14844444444444
2024-01-14,1.3050555555555554,1.3220486111111112,43.029090277777776
2024-01-15,1.2810694444444444,1.278145833333329,43.041500000000006
2024-01-16,1.3121666666666667,1.2906481481481409,42.91845138888889
2024-01-17,1.3192083333333333,1.329611111111111,42.78336805555555
2024-01-18,1.297125,1.455236111111111,49.21700694444444
2024-01-19,1.3139027777777779,1.4786875000000002,46.180618055555556
2024-01-20,1.3256944444444445,1.4841736111111112,46.572965277777776
2024-01-21,1.309388888888889,1.4752222222222222,42.14339583333334
2024-01-22,1.2951249999999999,1.4946527777777778,43.76519444444444
2024-01-23,1.293875,1.4769027777777681,49.63199305555556
2024-01-24,1.2750833333333331,1.4404027777777777,40.162909722222224
2024-01-25,1.2792083333333333,1.411701388888889,44.08634722222222
2024-01-26,1.2714444444444444,1.4392222222222222,41.71447916666667
2024-01-27,1.3089444444444445,1.4304791666666665,42.26818055555555
2024-01-28,1.3155833333333333,1.45925,41.74720138888889
2024-01-29,1.2911805555555556,1.4807222222222223,38.381166666666665
2024-01-30,1.2900972222222222,1.4462222222222223,40.263375
2024-01-31,1.3214583333333332,1.4940277777777722,40.79096527777778
2024-02-01,1.3351666666666668,1.5086666666666628,50.677305555555556
2024-02-02,1.3087777777777778,1.5101944444444444,51.170812500000004
2024-02-03,1.2904583333333333,1.5160138888888888,51.29277083333333
2024-02-04,1.3127083333333305,1.5195138888888888,50.63570138888889
2024-02-05,1.2983888888888888,1.5172638888888887,46.72552083333334
2024-02-06,1.3027777777777778,1.5172430555555554,51.02957638888889
2024-02-07,1.303972222222222,1.4953680555555557,53.05086111111111
2024-02-10,1.288513888888889,1.488923611111111,54.54728472222222
2024-02-11,1.2702916666666666,1.4381388888888889,47.13509027777778
2024-02-12,1.260513888888889,1.3842222222222222,46.90754861111111
2024-02-13,1.2671666666666666,1.4688055555555557,57.98197916666667
2024-02-14,1.2581805555555556,1.5114374999999998,52.514006944444446
2024-02-15,1.262763888888889,1.4215263157894633,53.14130555555556
2024-02-16,1.2854305555555554,1.317076388888889,41.049104166666666
2024-02-17,1.2907083333333333,1.3321041666666666,38.61163888888889
2024-02-18,1.2654166666666666,1.4092638888888889,41.08402777777778
2024-02-19,1.2964722222222222,1.4053263888888887,37.775284722222224
2024-02-20,1.323611111111111,1.3715624999999998,42.03380555555555
2024-02-21,1.2869305555555555,1.3272916666666668,39.75577777777778
2024-02-22,1.2916666666666667,1.3264791666666667,44.25525694444445
2024-02-23,1.2860972222222193,1.3369930555555556,41.05661111111112
2024-02-24,1.3082916666666666,1.345986111111111,46.06571527777778
2024-02-25,1.3055972222222223,1.3708680555555555,41.58433333333333
2024-02-26,1.3053333333333332,1.3937222222222208,41.8945625
2024-02-27,1.3100694444444445,1.4523611111111112,51.88013194444445
2024-02-28,1.3223749999999999,1.4858623188405753,51.139180555555555
2024-02-29,1.2921666666666667,1.500152777777778,52.542319444444445
2024-03-01,1.3026597222222223,1.4989722222222222,55.9793611111111
2024-03-02,1.297048611111111,1.495784722222222,53.722361111111105
2024-03-03,1.3000277777777778,1.4975208333333334,52.738395833333335
2024-03-04,1.2884375,1.4924236111111113,50.08159722222222
2024-03-05,1.3032916666666667,1.4830486111111112,47.13831944444445
2024-03-06,1.2931319444444445,1.4927916666666665,53.62114583333334
2024-03-07,1.280375,1.4915486111111111,58.08998611111111
2024-03-08,1.2965,1.4910694444444443,55.9915
2024-03-09,1.2939791666666667,1.4820416666666667,48.66824305555556
2024-03-10,1.3216805555555555,1.495263888888889,48.76188194444445
2024-03-11,1.3081597222222223,1.505263888888889,54.75871527777778
2024-03-12,1.3039930555555557,1.5119166666666668,56.414861111111115
2024-03-13,1.2989930555555556,1.477125,56.09480555555555
2024-03-14,1.2909583333333334,1.4925694444444444,43.32570138888889
2024-03-15,1.287756944444443,1.4968055555555555,50.14736805555555
2024-03-16,1.2506180555555555,1.5029583333333332,46.93083333333334
2024-03-17,1.2486805555555556,1.4962708333333332,50.118340277777776
2024-03-18,1.253763888888889,1.51675,47.12770833333334
2024-03-19,1.2531944444444443,1.5124791666666668,45.885416666666664
2024-03-20,1.2530069444444443,1.5144027777777778,42.16919444444444
2024-03-21,1.3132575757575728,1.5041944444444446,48.01991666666667
2024-03-22,1.2969375,1.5107916666666668,54.46423611111111
2024-03-23,1.2584166666666665,1.5111736111111111,41.57028472222222
2024-03-24,1.265236111111111,1.5074652777777777,46.680993055555554
2024-03-25,1.2623055555555556,1.5061041666666668,41.83904861111111
2024-03-26,1.257763888888889,1.5067083333333333,48.27964583333334
2024-03-27,1.2511875000000001,1.5084097222222221,42.29430555555555
2024-03-28,1.2706388888888875,1.5087222222222223,38.29815277777778
2024-03-29,1.273076388888889,1.5104583333333332,45.73963888888889
2024-03-30,1.255597222222222,1.5050555555555556,51.299368055555554
2024-03-31,1.2546805555555556,1.5048402777777776,55.59022222222222
2024-04-01,1.2491597222222222,1.5003611111111113,55.479659722222216
2024-04-02,1.242625,1.4960694444444445,56.05231944444444
2024-04-03,1.2450416666666666,1.498819444444439,43.15752777777777
2024-04-04,1.242326388888889,1.495611111111111,64.13220833333334
2024-04-05,1.251298611111111,1.4950277777777778,61.3130625
2024-04-06,1.2458055555555554,1.4920763888888888,41.33855555555555
2024-04-07,1.2469722222222221,1.490048611111111,38.52213888888889
2024-04-08,1.2431944444444445,1.4920555555555557,65.62597916666667
2024-04-09,1.2336041666666666,1.4887430555555554,47.4515625
2024-04-10,1.2416041666666666,1.483097222222222,40.5423125
2024-04-11,1.2392013888888889,1.4815763888888889,23.22378472222222
2024-04-12,1.2387986111111111,1.4826666666666668,45.85748611111111
2024-04-13,1.2410069444444445,1.4816527777777777,48.58761111111111
2024-04-14,1.232201388888889,1.4817083333333334,22.62226388888889
2024-04-15,1.2340763888888888,1.481326388888889,23.34872916666667
2024-04-16,1.2408333333333335,1.4805416666666666,30.908243055555555
2024-04-17,1.2365972222222223,1.4756319444444443,22.742951388888887
2024-04-18,1.2415486111111111,1.4682361111111113,9.366430555555555
2024-04-19,1.2371458333333334,1.4681111111111111,1.0981458333333334
2024-04-20,1.2414027777777779,1.4662986111111111,1.1741527777777778
2024-04-21,1.2447361111111113,1.4635138888888888,1.2812222222222223
2024-04-22,1.2434097222222222,1.466324074074063,1.1164722222222223
2024-04-24,1.2353958333333332,1.4575972222222224,3.7557152777777776
2024-04-25,1.2239930555555556,1.455076388888889,15.757263888888888
2024-04-26,1.2255416666666668,1.4561416666666633,3.6648680555555555
2024-04-29,1.2422916666666597,1.3303194444444444,12.306409722222222
2024-04-30,1.2468958333333333,1.3294166666666667,5.417131944444445
2024-05-01,1.2362847222222222,1.3335,31.18427777777778
2024-05-02,1.248138888888889,1.3286041666666666,13.349104166666665
2024-05-03,1.2505833333333334,1.3312847222222195,16.46409027777778
2024-05-04,1.2470833333333333,1.3437142857142825,39.675104166666664
2024-05-05,1.2463125,1.3502708333333333,45.66064583333334
2024-05-06,1.2397500000000001,1.3538819444444374,32.782784722222225
2024-05-07,1.232236111111111,1.3576319444444447,20.766111111111112
2024-05-08,1.2393819444444445,1.3592777777777778,34.18052083333333
2024-05-09,1.2308125,1.3593749999999958,56.40122222222222
2024-05-10,1.2331944444444445,1.3611597222222223,51.33880555555555
2024-05-11,1.2062916666666668,1.3626805555555555,33.61995833333334
2024-05-12,1.20654166666665,1.3604047619047508,21.41385416666665
2024-05-13,1.2040416666666292,1.3642222222221916,22.4216458333333
2024-05-14,1.2037013888888541,1.364124999999971,51.50555555555553
2024-05-15,1.2013888888888735,1.3626111111111043,34.27068749999999
2024-05-16,1.2011180555555556,1.3600069444444445,34.980576388888885
2024-05-17,1.2030972222222223,1.3644375,28.24304861111111
2024-05-18,1.2014652777777777,1.3659444444444444,33.47655555555556
2024-05-19,1.1977430555555555,1.3645625,21.845625
2024-05-20,1.1963333333333332,1.3653611111111112,16.861868055555558
2024-05-21,1.196888888888889,1.3665416666666665,21.792694444444447
2024-05-22,1.1961180555555557,1.365902777777771,2.5893819444444444
2024-05-23,1.1952569444444445,1.365388888888889,1.1228749999999998
2024-05-24,1.19425,1.364972222222222,9.35838095238094
2024-05-25,1.1947708333333333,1.3663125,38.70144444444444
2024-05-26,1.2722361111111111,1.3667430555555555,14.384055555555555
2024-05-27,1.5824305555555556,1.3649930555555556,1.1276666666666666
2024-05-28,1.661201388888889,1.3659583333333334,1.2664236111111111
2024-05-29,1.6890555555555553,1.3662986111111113,1.1116458333333334
2024-05-30,1.6898472222222223,1.368111111111111,0.9746458333333333
2024-05-31,1.70625,1.3696319444444445,0.7630277777777777
2024-06-01,1.7245902777777777,1.368875,0.7637291666666667
2024-06-02,1.7012361111111112,1.367527777777778,0.9495833333333333
2024-06-03,1.7001666666666668,1.3658541666666668,18.09126388888889
2024-06-04,1.7187083333333335,1.3653680555555556,48.21122916666667
2024-06-05,1.7314097222222224,1.365701388888889,36.19600694444444
2024-06-06,1.508902777777778,1.3650347222222223,35.32310416666667
2024-06-07,1.211673611111111,1.3637430555555554,37.316069444444445
2024-06-08,1.2094305555555513,1.3657638888888861,31.86972222222222
2024-08-19,1.1205763888888889,1.311736111111111,45.68482638888889
2024-08-20,1.1213541666666667,1.3104930555555556,41.74272916666667
2024-08-21,1.1219444444444444,1.3102916666666666,44.58132638888889
2024-08-22,1.1257986111111082,1.3113402777777778,42.60033333333333
2024-08-23,1.1253125,1.3102500000000001,50.087375
2024-08-24,1.1272847222222222,1.3105277777777777,44.60527777777778
2024-08-25,1.1288055555555554,1.307736111111111,54.670298611111114
2024-08-26,1.1310833333333334,1.3076666666666668,47.05335416666667
2024-08-27,1.5663680555555555,1.3076319444444444,53.31002083333333
2024-08-28,1.1298194444444445,1.3066944444444444,42.56622222222222
2024-08-29,1.1312777777777778,1.3072291666666667,51.3503125
2024-08-30,1.1327847222222223,1.3085972222222222,48.014097222222226
2024-08-31,1.1358194444444445,1.3051944444444443,58.073187499999996
2024-09-01,1.1824027777777777,1.3043819444444444,55.407354166666664
2024-09-02,1.1864444444444444,1.3042430555555555,46.255409722222225
2024-09-03,1.166361111111111,1.3074166666666667,50.991736111111116
2024-09-04,1.162784722222222,1.3032847222222221,51.601215277777776
2024-09-05,1.164048611111111,1.300923611111111,46.26743055555554
2024-09-06,1.1785208333333335,1.3000833333333335,58.03938888888889
2024-09-07,1.155138888888889,1.3018819444444445,44.59229861111111
2024-09-08,1.157875,1.3045555555555557,49.25819444444445
2024-09-09,1.1797152777777777,1.3050208333333335,55.29152777777778
2024-09-10,1.1703055555555555,1.3076527777777778,56.13885416666667
2024-09-11,1.1687708333333333,1.3042430555555555,49.68264583333333
2024-09-12,1.1622083333333333,1.3020277777777778,57.468333333333334
2024-09-13,1.162201388888889,1.3005972222222222,58.85165972222222
2024-09-14,1.1751319444444446,1.3014305555555554,51.74957638888889
2024-09-15,1.178138888888889,1.3006875,53.57918055555555
2024-09-16,1.1685277777777776,1.2996736111111111,54.9128125
2024-09-17,1.1571944444444444,1.2967638888888888,46.02504861111111
2024-09-18,1.166611111111111,1.2994652777777778,46.80942361111111
2024-09-19,1.1643055555555557,1.3018124999999998,47.995666666666665
2024-09-20,1.1682638888888874,1.3038472222222224,44.5506875
2024-09-21,1.1531944444444444,1.3051041666666665,46.340694444444445
2024-09-22,1.152097222222222,1.3077222222222222,53.60415277777778
2024-09-23,1.150423611111111,1.3055486111111112,51.95779166666667
2024-09-24,1.1499930555555555,1.305625,50.55714583333333
2024-09-25,1.1463680555555555,1.307951388888889,44.913868055555554
2024-09-26,1.1443472222222224,1.308701388888889,37.88633333333333
2024-09-27,1.1444027777777779,1.3083055555555554,43.215631944444446
2024-09-28,1.1469930555555556,1.3107430555555555,43.98434027777778
2024-09-29,1.1492361111111111,1.3114930555555555,44.16777083333333
2024-09-30,1.1498055555555555,1.3126597222222223,49.16572222222222
2024-10-01,1.1526944444444445,1.314611111111111,56.388125
2024-10-02,1.1554236111111111,1.3143472222222223,38.56804861111111
2024-10-03,1.1559652777777778,1.3153124999999999,47.455937500000005
2024-10-04,1.1545555555555556,1.3171527777777776,43.18877777777777
2024-10-05,1.1529097222222222,1.3192708333333332,42.32021527777778
2024-10-06,1.1499097222222223,1.3199652777777777,48.870652777777785
2024-10-07,1.1487013888888888,1.3203125,49.24904166666666
2024-10-08,1.1479861111111112,1.3233541666666666,42.01497222222222
2025-01-14,1.3191458333333335,1.3566319444444446,33.61495138888889
2025-01-15,1.3130902777777778,1.3562499999999946,33.267152777777774
2025-01-17,1.3072916666666667,1.3654097222222223,33.91014583333334
2025-01-18,1.3171388888888889,1.3664861111111113,40.949555555555555
2025-01-19,1.3035069444444445,1.3627013888888888,42.15452777777778
2025-01-20,1.2984236111111112,1.3627013888888888,40.738930555555555
2025-01-21,1.2992916666666667,1.3678194444444445,49.203743055555556
2025-01-22,1.3056180555555557,1.3392569444444444,41.895208333333336
2025-01-23,1.3590833333333334,1.25675,42.88848611111111
2025-01-24,1.329423611111111,1.2717569444444445,38.350763888888885
2025-01-25,1.3047986111111112,1.3191111111111111,35.425104166666664
2025-01-26,1.3240347222222222,1.363701388888889,38.56772916666667
2025-01-27,1.3366805555555556,1.3681180555555557,44.54617361111111
2025-01-28,1.3155833333333333,1.3637500000000002,40.39670833333333
2025-01-29,1.326659722222222,1.3639166666666667,40.02838888888889
2025-01-30,1.3233472222222222,1.3612777777777778,39.224243055555554
2025-01-31,1.319,1.3597708333333334,43.03959722222223
2025-02-01,1.2880624999999999,1.3593402777777779,41.33575694444445
2025-02-02,1.292513888888889,1.3586458333333333,43.00575
2025-02-03,1.2901805555555554,1.3579930555555555,42.746048611111114
2025-02-04,1.2889513888888888,1.3636041666666667,38.02025
2025-02-05,1.2908819444444444,1.366215277777772,40.46826388888889
2025-02-06,1.2914722222222221,1.363173611111111,39.868604166666664
2025-02-07,1.2960416666666668,1.361236111111111,38.24559722222222
2025-02-08,1.2620347222222221,1.367034722222222,40.14910416666667
2025-02-09,1.2608680555555556,1.3661180555555557,34.343069444444446
2025-02-10,1.2829444444444444,1.3600069444444445,34.60159027777778
2025-02-11,1.3021527777777777,1.3563888888888889,35.73320833333333
2025-02-12,1.2980277777777778,1.3575069444444445,37.391243055555556
2025-02-13,1.3008125,1.3558263888888888,35.560972222222226
2025-02-14,1.2990833333333334,1.3564999999999998,34.8006875
2025-02-15,1.2980208333333334,1.3585972222222222,34.95902777777778
2025-02-16,1.2941319444444443,1.3567291666666668,33.55698611111111
2025-02-17,1.2979444444444443,1.3559722222222224,36.04038888888889
2025-02-18,1.2968125,1.357763888888889,35.12155555555555
2025-02-19,1.3015,1.3515763888888888,32.48875694444445
2025-02-20,1.2860902777777776,1.358638888888889,30.79336111111111
2025-02-21,1.2554375,1.3599097222222223,31.49607638888889
2025-02-22,1.2850902777777777,1.3586527777777777,30.070888888888888
2025-02-23,1.3073541666666666,1.3594722222222222,30.61747916666667
2025-02-24,1.3163819444444445,1.3605625000000001,29.96755555555556
2025-02-25,1.2991666666666668,1.3642152777777776,30.45573611111111
2025-02-26,1.3147847222222222,1.3595902777777777,31.121604166666668
2025-02-27,1.3559722222222195,1.3615277777777697,29.386916666666664
2025-02-28,1.340138888888889,1.359715277777778,31.971652777777777
2025-03-01,1.2824861111111112,1.3608888888888888,30.129958333333335
2025-03-02,1.271111111111111,1.3614097222222223,31.599722222222223
2025-03-03,1.2914513888888888,1.3654583333333334,31.933666666666667
2025-03-04,1.3260416666666666,1.3619583333333332,31.95067361111111
2025-03-05,1.3348680555555557,1.3640555555555556,33.05685416666667
2025-03-06,1.3314861111111111,1.3652777777777778,35.06113194444445
2025-03-07,1.3283888888888888,1.3619791666666667,40.050270833333336
2025-03-08,1.3219375,1.3615347222222223,37.96836805555555
2025-03-09,1.3099166666666666,1.3579930555555555,37.911520833333334
2025-03-10,1.2937222222222222,1.356625,36.14125694444444
2025-03-11,1.2938402777777778,1.35375,42.63284027777778
2025-03-12,1.307388888888889,1.3538750000000002,43.80821527777778
2025-03-13,1.3083472222222223,1.352277777777778,42.50963194444444
2025-03-14,1.301590277777778,1.3512569444444444,39.56410416666667
2025-03-15,1.290736111111111,1.3504305555555556,38.744277777777775
2025-03-16,1.2960486111111111,1.3500416666666666,45.86579166666667
2025-03-17,1.2850208333333335,1.3511805555555556,43.329729166666674
2025-03-18,1.289,1.347986111111111,57.86420138888889
2025-03-19,1.2917777777777777,1.3445347222222221,48.470756944444446
2025-03-20,1.29925,1.3415972222222223,49.147638888888885
2025-03-21,1.3118611111111111,1.339576388888889,48.74397916666667
2025-03-22,1.2963888888888888,1.3402916666666667,46.01580555555555
2025-03-23,1.2888472222222223,1.340638888888889,43.67008333333333
2025-03-24,1.2839375,1.3394097222222223,42.88023611111111
2025-03-25,1.2795347222222222,1.3398680555555555,44.12459722222223
2025-03-26,1.2765833333333332,1.3394513888888888,44.574284722222224
2025-03-27,1.2802916666666666,1.338840277777778,38.062916666666666
2025-03-28,1.2890208333333333,1.3415486111111112,43.69940277777778
2025-03-29,1.2957291666666666,1.3411319444444445,53.76174305555556
2025-03-30,1.2757083333333334,1.3412986111111111,55.064902777777775
2025-03-31,1.2760624999999999,1.3393611111111012,48.548680555555556
2025-04-01,1.2762222222222224,1.3365833333333335,58.24863194444444
2025-04-02,1.2900833333333332,1.336375,64.54597222222222
2025-04-03,1.2732708333333334,1.3376111111111113,38.36870138888889
2025-04-04,1.283972222222222,1.3362708333333335,51.726756944444446
2025-04-05,1.2753194444444444,1.3349305555555555,47.36183333333333
2025-04-06,1.277048611111111,1.333076388888889,56.62146527777778
2025-04-09,1.2661805555555554,1.3293263888888889,39.07938888888889
2025-04-10,1.2707638888888888,1.3280416666666668,34.61958333333333
2025-04-11,1.2710277777777776,1.325629629629626,37.67055555555556
2025-04-12,1.2690625,1.3267407407407408,33.40906944444445
2025-04-13,1.2728541666666666,1.3276597222222222,39.64902777777778
2025-04-14,1.272031746031735,1.3288095238095174,43.18907142857142
2025-04-16,1.2684583333333332,1.3256944444444445,40.469
2025-04-17,1.2828055555555555,1.3263958333333334,45.64927083333333
2025-04-20,1.2602361111111111,1.3258402777777778,46.85902777777778
2025-04-21,1.2630277777777776,1.3256597222222222,49.16858333333334
2025-04-22,1.2627152777777777,1.3241736111111098,39.66606818181817
2025-04-23,1.2697916666666667,1.3240249999999882,50.85078472222222
2025-04-24,1.264347222222222,1.3231388888888889,44.62147916666667
2025-04-25,1.2757569444444445,1.3237291666666666,50.772687499999996
2025-04-26,1.2798749999999999,1.321611111111111,55.03540277777778
2025-04-30,1.2586597222222222,1.3146180555555553,44.22403472222222
2025-05-01,1.2617222222222222,1.3175486111111112,46.62359027777777
2025-05-02,1.2613333333333332,1.3160902777777779,42.588631944444444
2025-05-03,1.2607083333333333,1.3179999999999998,50.14093055555555
2025-05-04,1.261472222222222,1.3181944444444444,41.047979166666664
2025-05-05,1.255361111111111,1.3173402777777736,46.55034027777777
2025-05-06,1.225625,1.318076388888889,46.43434722222222
2025-05-07,1.226326388888889,1.3167777777777778,44.64101388888889
2025-05-08,1.2604861111111112,1.3195833333333333,42.31013194444444
2025-05-09,1.2448680555555556,1.3154652777777776,47.68579166666667
2025-05-10,1.2417569444444445,1.3120625000000001,37.45968055555556
2025-05-11,1.2412569444444446,1.3128541666666667,45.27079166666667
2025-05-12,1.2428194444444445,1.310736111111111,41.631236111111114
2025-05-13,1.2422222222222221,1.3101944444444444,44.72463888888888
2025-05-14,1.2428263888888889,1.3101666666666667,41.54054861111111
2025-05-15,1.2379097222222224,1.3052986111111111,40.67013194444444
2025-05-16,1.2389652777777778,1.3028402777777779,46.615208333333335
2025-05-17,1.2344722222222222,1.303784722222222,44.70516666666666
2025-05-18,1.236625,1.3010833333333334,44.61158333333333
2025-05-19,1.236402777777778,1.3002638888888889,41.73867361111111
2025-05-20,1.2348194444444445,1.3008125,48.564506944444446
2025-05-21,1.2357152777777778,1.3036388888888888,42.07696527777777
2025-05-22,1.2357361111111111,1.3004027777777778,47.73141666666667
2025-05-23,1.2344513888888888,1.30125,43.82485416666666
2025-05-24,1.2338680555555557,1.2997222222222222,51.751798611111106
2025-05-25,1.2334583333333333,1.297798611111111,42.073006944444444
2025-05-26,1.236013888888889,1.2960972222222222,45.64190277777777
2025-05-27,1.2387777777777778,1.2998611111111111,41.34551388888889
2025-05-28,1.2406805555555556,1.301111111111111,30.907611111111112
2025-05-29,1.2443194444444445,1.3007986111111112,43.942145833333335
2025-06-02,1.1948333333333332,1.3066527777777779,42.17228472222222
2025-06-03,1.192076388888889,1.3051319444444445,44.194590277777785
2025-06-04,1.1892847222222223,1.3030277777777777,44.058548611111114
2025-06-05,1.1869583333333333,1.3033194444444445,45.96208333333333
2025-06-06,1.1845277777777776,1.304875,47.55336805555555
2025-06-07,1.1824097222222223,1.3053194444444445,45.17966666666666
2025-06-08,1.1784375,1.3040902777777779,36.09916666666667
2025-06-09,1.1992777777777779,1.3016180555555554,37.43391666666667
2025-06-10,1.142249999999993,1.3031527777777723,43.23492361111111
2025-06-11,1.1405,1.307,44.88638888888889
2025-06-12,1.141152777777778,1.3087291666666667,41.31164583333333
2025-06-13,1.1075277777777777,1.3094166666666667,39.27398611111111
2025-06-14,1.1019097222222223,1.3074999999999999,40.10754861111111
2025-06-15,1.1138560606060561,1.3114924242424166,41.0541984126984
2025-06-16,1.1095555555555556,1.3160208333333332,41.73088405797102
2025-06-17,1.1158819444444446,1.3149652777777778,38.025194444444445
2025-06-18,1.1192083333333334,1.3437916666666665,41.18595833333333
2025-06-19,1.120951388888889,1.3134166666666653,37.65265277777778
2025-06-20,1.1241180555555557,1.3074652777777778,36.47757971014492
2025-06-21,1.1235000000000002,1.3035347222222222,32.546194444444446
2025-06-22,1.12175,1.3039652777777777,39.372479166666665
2025-06-23,1.1213055555555556,1.3143125,40.60418055555556
2025-06-24,1.1259305555555557,1.3120277777777778,41.92545833333333
2025-06-25,1.1247222222222222,1.3099027777777779,40.046395833333335
2025-06-26,1.1265347222222222,1.3078194444444444,37.34149305555555
2025-06-27,1.1110833333333334,1.302125,35.784868055555556
2025-06-28,1.1089444444444445,1.3105208333333334,38.69956944444444
2025-06-29,1.1118958333333333,1.309451388888889,39.201548611111114
2025-06-30,1.1125138888888888,1.3114097222222223,38.95416666666667
2025-07-01,1.1107916666666668,1.2907708333333334,35.4433125
2025-07-02,1.1085625,1.2932777777777777,33.01836111111111
2025-07-03,1.107777777777778,1.2992569444444444,34.30195833333333
2025-07-04,1.105923611111111,1.2982430555555555,41.819493055555554
2025-07-05,1.107611111111111,1.3003055555555556,35.948819444444446
2025-07-06,1.1070277777777777,1.3009861111111112,40.23052777777777
2025-07-07,1.1072430555555557,1.2980486111111111,37.221805555555555
2025-07-08,1.1074791666666668,1.2952569444444444,39.79136805555556
2025-07-09,1.1096527777777778,1.2939444444444443,36.230444444444444
2025-07-10,1.1102569444444443,1.29559523809523,42.123625
2025-07-12,1.1151805555555556,1.3000208333333332,42.12931944444444
2025-07-13,1.1177916666666667,1.298715277777778,28.561736111111106
2025-07-14,1.1171458333333335,1.2974722222222221,38.93438888888889
2025-07-15,1.118326388888889,1.2998680555555555,35.06216666666666
2025-07-16,1.1395902777777778,1.3051944444444443,35.07091666666667
2025-07-17,1.1338333333333332,1.3051180555555555,34.23309027777778
2025-07-18,1.1162916666666667,1.3053541666666666,29.601875000000003
2025-07-19,1.1168541666666667,1.3040625,31.37715972222222
2025-07-20,1.116638888888889,1.3028680555555556,38.45440277777778
2025-07-21,1.1175,1.3017430555555556,33.146166666666666
2025-07-22,1.1199930555555555,1.3052430555555554,39.45071527777778
2025-07-23,1.1177986111111111,1.309909722222222,36.42313888888889
2025-07-24,1.1151736111111112,1.3114652777777778,36.99023611111111
2025-07-25,1.1132569444444445,1.3087708333333334,32.663000000000004
2025-07-26,1.1139444444444444,1.3065972222222222,34.849944444444446
2025-07-27,1.1105416666666668,1.3027569444444445,40.94779166666667
2025-07-28,1.1094861111111112,1.3000486111111111,38.024791666666665
2025-07-29,1.1115486111111113,1.3029791666666666,46.114784722222225
2025-07-30,1.1085833333333335,1.3028333333333333,40.58850694444445
2025-07-31,1.105236111111111,1.301,40.408145833333336
2025-08-01,1.1057291666666667,1.3025833333333334,41.301291666666664
2025-08-02,1.1070555555555555,1.301048611111111,33.85126388888889
2025-08-03,1.1062569444444446,1.3028402777777777,38.15197916666666
2025-08-06,1.108104166666667,1.3084236111111112,33.09315277777778
2025-08-07,1.1064166666666668,1.3094861111111111,28.761687500000004
2025-08-08,1.1057430555555554,1.3120694444444445,37.25566666666666
2025-08-09,1.1047569444444445,1.3091388888888889,34.416534722222224
2025-08-10,1.103402777777778,1.308451388888889,32.05014583333333
2025-08-11,1.1031250000000001,1.3066527777777777,40.07734027777778
2025-08-12,1.1051875,1.307423611111111,39.348284722222225
2025-08-13,1.1030555555555555,1.306451388888889,36.426541666666665
2025-08-14,1.1034444444444444,1.3065138888888888,40.140499999999996
2025-08-15,1.1018125,1.3045555555555557,36.066916666666664
2025-08-16,1.102138888888889,1.3073333333333335,37.20747222222222
2025-08-17,1.1008958333333334,1.306826388888889,41.311819444444446
2025-08-18,1.0994861111111112,1.304159722222222,37.84723611111111
2025-08-19,1.1000833333333333,1.303231481481474,39.34922916666667
2025-08-23,1.1135416666666667,1.3051041666666665,35.264125
2025-08-24,1.1137847222222221,1.3055138888888889,38.51373611111111
2025-08-25,1.114256944444443,1.3044236111111112,38.09504166666667
2025-08-26,1.1147708333333333,1.3034097222222223,31.450784722222224
2025-08-27,1.1128194444444446,1.3072638888888888,37.963875
2025-08-28,1.1128958333333334,1.3028541666666666,36.54396527777778
2025-08-29,1.1145347222222222,1.2994027777777777,28.738637681159418
2025-08-30,1.1149652777777777,1.2985416666666667,33.2090625
2025-08-31,1.1165902777777779,1.3019097222222222,30.906625000000002
2025-09-01,1.117736111111111,1.3045694444444444,35.14240972222222
2025-09-02,1.1207291666666557,1.305368055555553,33.37927083333333
2025-09-03,1.1225138888888833,1.3062986111111083,37.24574305555555
2025-09-04,1.1258263888888889,1.3038680555555529,41.68736805555556
2025-09-05,1.1241111111111113,1.3024722222222223,34.97529166666666
2025-09-06,1.1239861111111111,1.305125,43.004875
2025-09-07,1.122298611111111,1.3036666666666668,34.04457638888889
2025-09-08,1.1221041666666667,1.3008125,35.84013888888889
2025-09-09,1.1191875,1.3002847222222222,37.679270833333334
2025-09-10,1.1188125,1.296701388888889,35.147576388888886
2025-09-11,1.1189791666666666,1.2955833333333333,30.20297222222222
2025-09-12,1.1214444444444445,1.2944513888888889,31.764131944444443
2025-09-13,1.1186527777777777,1.292638888888889,34.9420625
2025-09-19,1.1220277777777776,1.2984236111111112,31.4679375
2025-09-20,1.1247152777777778,1.3003680555555555,33.81693055555555
2025-09-21,1.1272152777777777,1.3012291666666667,38.67936111111111
2025-09-22,1.1260416666666666,1.3014861111111111,36.95858333333333
2025-09-23,1.1254375,1.3023333333333333,41.50633333333333
2025-09-24,1.1231597222222223,1.3030416666666667,37.52940972222222
2025-09-25,1.1241666666666636,1.3039791666666667,39.85888888888889
2025-10-01,1.1314305555555555,1.3033611111111112,24.624277777777774
2025-10-16,1.1461875000000001,1.3168333333333333,31.1549375
2025-10-17,1.1445902777777779,1.3165416666666665,31.69209027777778
2025-10-18,1.1454305555555555,1.3159305555555554,26.303319444444444
2025-10-19,1.1448333333333334,1.3172152777777777,26.492979166666668
2025-10-20,1.1456458333333333,1.3301944444444445,24.70561111111111
2025-10-23,1.1455625,1.370798611111111,28.949951388888888
2025-10-24,1.1452638888888889,1.3698750000000002,30.573229166666664
2025-10-25,1.146951388888889,1.3721944444444445,27.111125
2025-10-26,1.1470624999999999,1.3705,28.905013888888888
2025-10-27,1.1463611111111112,1.3723472222222195,33.797645833333334
2025-10-28,1.1446875,1.373013888888889,34.09263888888889
2025-10-29,1.1436111111111111,1.3739236111111113,35.97329166666667
2025-10-30,1.1415208333333333,1.3756041666666665,32.80019444444444
2025-10-31,1.1403333333333332,1.3780000000000001,28.37427083333333
2025-11-01,1.1395763888888888,1.3825694444444443,32.049701388888884
2025-11-02,1.138923611111111,1.3787569444444445,28.413979166666667
2025-11-03,1.1394305555555555,1.3781736111111111,27.37023611111111
2025-11-04,1.1449444444444443,1.3850069444444444,21.822805555555558
2025-11-05,1.147326388888889,1.3892569444444443,19.295222222222222
2025-11-06,1.1485694444444443,1.3866944444444445,16.638118055555555
2025-11-07,1.1505555555555556,1.3884444444444444,16.290979166666666
2025-11-08,1.150388888888889,1.38825,19.332916666666666
2025-11-09,1.1722708333333334,1.3879652777777778,23.45726388888889
2025-11-10,1.198173611111111,1.3914305555555557,29.087374999999998
2025-11-11,1.196590277777778,1.3876180555555555,30.028881944444446
2025-11-12,1.1955,1.3854583333333332,32.418458333333334
2025-11-13,1.194,1.3831388888888887,27.561555555555557
2025-11-14,1.1896736111111113,1.3890151515151454,23.891381944444444
2025-11-15,1.1888402777777778,1.4021458333333265,25.724326388888887
2025-11-16,1.1891597222222223,1.403013888888889,26.904916666666665
2025-11-17,1.1881875,1.3993913043478217,28.91207638888889
2025-11-18,1.1917847222222222,1.3838680555555554,26.370840277777777
2025-11-19,1.1892708333333335,1.4059374999999916,23.369444444444444
2025-11-20,1.185951388888882,1.4010378787878681,32.63784027777778
2025-11-27,1.1921527777777776,1.4045217391304259,23.538451388888888
2025-12-09,1.2135069444444444,1.4325797101449234,20.023819444444445
2025-12-10,1.2189375000000002,1.3562833333333315,14.456458333333332
2025-12-11,1.2164444444444444,1.4045486111111112,11.120395833333333
2025-12-12,1.2205208333333333,1.4216597222222223,10.322694444444444
2025-12-13,1.2150277777777778,1.4472222222222222,12.190229166666667
2025-12-14,1.2211944444444445,1.4493188405797102,11.7796875
2025-12-15,1.2174375,1.4140238095238047,12.55047222222222
2025-12-16,1.2195902777777778,1.4070952380952348,13.188534722222222
2025-12-17,1.2228958333333335,1.3838181818181758,12.493986111111111
2025-12-18,1.2188819444444445,1.4467536231884044,14.542625
2025-12-19,1.214923611111111,1.4506086956521695,14.654333333333334
2025-12-20,1.2174375,1.4525486111111057,16.323888888888888
2025-12-21,1.2193125,1.3674236111111082,17.735069444444445
2025-12-22,1.2253333333333258,1.371791666666655,15.089159090909073
