city,station_id,parameter,year,observed_days,valid_days,hours,calendar_days,valid_day_coverage
Aktau,22,co,2022,350,338,8151,365,0.9260273972602739
Aktau,22,co,2023,364,361,8654,365,0.989041095890411
Aktau,22,co,2024,297,294,7082,366,0.8032786885245902
Aktau,22,co,2025,349,334,8176,365,0.915068493150685
Aktau,22,h2s,2022,350,338,8135,365,0.9260273972602739
Aktau,22,h2s,2023,364,360,8635,365,0.9863013698630136
Aktau,22,h2s,2024,297,294,7082,366,0.8032786885245902
Aktau,22,h2s,2025,349,333,8162,365,0.9123287671232877
Aktau,22,no2,2022,350,339,8150,365,0.9287671232876712
Aktau,22,no2,2023,100,99,2371,365,0.27123287671232876
Aktau,22,o3,2025,18,17,420,365,0.04657534246575343
Aktau,22,pm10,2022,350,339,8155,365,0.9287671232876712
Aktau,22,pm10,2023,364,361,8657,365,0.989041095890411
Aktau,22,pm10,2024,297,294,7082,366,0.8032786885245902
Aktau,22,pm10,2025,349,334,8176,365,0.915068493150685
Aktau,22,pm2_5,2022,309,296,7148,365,0.810958904109589
Aktau,22,pm2_5,2023,362,358,8587,365,0.9808219178082191
Aktau,22,pm2_5,2024,297,294,7082,366,0.8032786885245902
Aktau,22,pm2_5,2025,349,334,8176,365,0.915068493150685
Aktau,22,so2,2022,350,338,8135,365,0.9260273972602739
Aktau,22,so2,2023,364,360,8635,365,0.9863013698630136
Aktau,22,so2,2024,297,294,7082,366,0.8032786885245902
Aktau,22,so2,2025,349,333,8162,365,0.9123287671232877
Aktobe,31,co,2022,354,336,8202,365,0.9205479452054794
Aktobe,31,co,2023,364,357,8593,365,0.9780821917808219
Aktobe,31,co,2024,297,291,7013,366,0.7950819672131147
Aktobe,31,co,2025,344,328,7974,365,0.8986301369863013
Aktobe,31,h2s,2022,289,270,6631,365,0.7397260273972602
Aktobe,31,h2s,2023,169,165,3984,365,0.4520547945205479
Aktobe,31,h2s,2025,6,5,126,365,0.0136986301369863
Aktobe,31,no2,2022,356,338,8259,365,0.9260273972602739
Aktobe,31,no2,2023,352,341,8252,365,0.9342465753424658
Aktobe,31,no2,2024,297,291,7013,366,0.7950819672131147
Aktobe,31,no2,2025,351,335,8153,365,0.9178082191780822
Aktobe,31,pm10,2022,356,338,8258,365,0.9260273972602739
Aktobe,31,pm10,2023,364,358,8621,365,0.9808219178082191
Aktobe,31,pm10,2024,296,289,6971,366,0.7896174863387978
Aktobe,31,pm10,2025,355,341,8282,365,0.9342465753424658
Aktobe,31,pm2_5,2022,356,338,8257,365,0.9260273972602739
Aktobe,31,pm2_5,2023,364,358,8621,365,0.9808219178082191
Aktobe,31,pm2_5,2024,296,289,6971,366,0.7896174863387978
Aktobe,31,pm2_5,2025,355,341,8282,365,0.9342465753424658
Aktobe,31,so2,2022,289,270,6631,365,0.7397260273972602
Aktobe,31,so2,2023,169,165,3984,365,0.4520547945205479
Aktobe,31,so2,2025,41,37,889,365,0.10136986301369863
Atyrau,32,co,2022,357,338,8271,365,0.9260273972602739
Atyrau,32,co,2023,363,355,8560,365,0.9726027397260274
Atyrau,32,co,2024,214,211,5095,366,0.5765027322404371
Atyrau,32,co,2025,316,304,7405,365,0.8328767123287671
Atyrau,32,no2,2022,350,332,8125,365,0.9095890410958904
Atyrau,32,no2,2023,195,191,4605,365,0.5232876712328767
Atyrau,32,no2,2024,192,188,4551,366,0.5136612021857924
Atyrau,32,no2,2025,314,301,7336,365,0.8246575342465754
Atyrau,32,pm10,2022,357,338,8275,365,0.9260273972602739
Atyrau,32,pm10,2023,363,356,8579,365,0.9753424657534246
Atyrau,32,pm10,2024,214,211,5095,366,0.5765027322404371
Atyrau,32,pm10,2025,316,304,7405,365,0.8328767123287671
Atyrau,32,pm2_5,2022,357,338,8275,365,0.9260273972602739
Atyrau,32,pm2_5,2023,363,356,8579,365,0.9753424657534246
Atyrau,32,pm2_5,2024,214,211,5095,366,0.5765027322404371
Atyrau,32,pm2_5,2025,316,304,7405,365,0.8328767123287671
Atyrau,32,so2,2022,357,338,8271,365,0.9260273972602739
Atyrau,32,so2,2023,195,191,4605,365,0.5232876712328767
