target_date,actual,mean,ridge,forest,residual,absolute_error
2025-12-12,10.322694444444444,60.659855473684054,65.09922117617708,63.950393431566546,50.33716102923961,50.33716102923961
2025-12-11,11.120395833333333,60.659855473684054,64.91651153709577,61.34770193026242,49.53945964035072,49.53945964035072
2025-12-14,11.7796875,60.659855473684054,62.328213611345824,55.55808508760777,48.88016797368405,48.88016797368405
2025-12-13,12.190229166666667,60.659855473684054,62.34380170580157,59.98820242653619,48.469626307017386,48.469626307017386
2025-12-17,12.493986111111111,60.659855473684054,66.52146667093025,62.179682836322,48.16586936257294,48.16586936257294
2025-12-15,12.55047222222222,60.659855473684054,63.98181363911603,57.35804410741066,48.109383251461836,48.109383251461836
2025-12-16,13.188534722222222,60.659855473684054,66.06854051437766,64.79823675692869,47.47132075146183,47.47132075146183
2025-12-10,14.456458333333332,60.659855473684054,65.05450678589973,64.02758528815666,46.203397140350724,46.203397140350724
2025-12-18,14.542625,60.659855473684054,65.51327301734067,64.035449133832,46.11723047368405,46.11723047368405
2025-12-19,14.654333333333334,60.659855473684054,64.88254687261744,60.35456454952386,46.00552214035072,46.00552214035072
2025-12-22,15.089159090909073,60.659855473684054,65.10135034159086,69.67202278890413,45.57069638277498,45.57069638277498
2025-11-07,16.290979166666666,60.659855473684054,67.43393690853576,69.41529574804862,44.36887630701739,44.36887630701739
2025-12-20,16.323888888888888,60.659855473684054,64.31263638652774,58.607636908599346,44.335966584795166,44.335966584795166
2025-11-06,16.638118055555555,60.659855473684054,66.73613536890049,69.77620548613002,44.021737418128495,44.021737418128495
2025-12-21,17.735069444444445,60.659855473684054,64.74875270033124,67.11573789518683,42.92478602923961,42.92478602923961
