city,parameter,count,mean,std,min,max
Aktau,co,1327,252.30327546915893,138.15769998817424,108.17447826086952,1338.9468749999999
Aktau,h2s,1325,3.4697068536916738,2.267953126897039,0.06740277777777777,16.04647222222218
Aktau,no2,438,38.39610219484089,14.543802534974622,12.012347222222175,95.8906805555555
Aktau,o3,17,4.527796308674985,0.11925320829887219,4.290319444444444,4.731826388888889
Aktau,pm10,1328,195.04502969877544,38.31965635586631,0.0,593.2516805555555
Aktau,pm2_5,1282,2.2218398722882795,15.0682395984529,1.0994861111111112,491.36112499999996
Aktau,so2,1325,13.026340197910871,5.74670226472501,1.0551944444444443,25.91522222222218
Aktobe,co,1312,554.3665325541398,310.4891663791942,81.32264166666667,2199.648125
Aktobe,h2s,440,2.0477560395926746,4.407091673712759,0.0,49.09512698412697
Aktobe,no2,1305,35.72425069557594,53.69846400295764,0.016687499999999977,534.2753958333333
Aktobe,pm10,1326,1.5986325911984016,0.2328387385534465,1.3590277777777666,4.567631944444433
Aktobe,pm2_5,1326,1.4565815286954997,0.19808787450433463,1.2332430555555458,3.7234305555555416
Aktobe,so2,472,12.047339566667604,16.60111577360388,0.0,148.88434999999998
Atyrau,co,1208,256.53249027753293,93.03118637624368,59.59211111111109,905.5429861111111
Atyrau,no2,1012,3.25634457236512,6.544391520954234,0.38743749999999993,162.6446875
Atyrau,pm10,1209,51.07385564347183,20.08216339550287,0.7585208333333333,106.44075694444443
Atyrau,pm2_5,1209,54.704925635991735,18.53993316882126,0.7630277777777777,107.63400793650793
Atyrau,so2,529,3.824539054316856,12.160863722870074,0.037201388888879146,103.36603472222221
