target_date,actual,mean,ridge,forest
2025-01-14,33.61495138888889,60.659855473684054,63.164886373415015,60.26709131473516
2025-01-15,33.267152777777774,60.659855473684054,62.47459260937351,64.58900452794789
2025-01-16,30.545354166666666,60.659855473684054,61.23336701639012,63.25077968338018
2025-01-17,33.91014583333334,60.659855473684054,61.51486250454222,64.32330993240934
2025-01-18,40.949555555555555,60.659855473684054,60.54802580231656,60.331613868448684
2025-01-19,42.15452777777778,60.659855473684054,62.367365981659134,60.86259486877463
2025-01-20,40.738930555555555,60.659855473684054,62.00409197190902,59.18906553318506
2025-01-21,49.203743055555556,60.659855473684054,59.711186417917624,60.08435509184123
2025-01-22,41.895208333333336,60.659855473684054,60.03277473688662,65.26902920068838
2025-01-23,42.88848611111111,60.659855473684054,60.36166806362678,57.924810514368
2025-01-24,38.350763888888885,60.659855473684054,59.6503965745045,64.41838156260674
2025-01-25,35.425104166666664,60.659855473684054,61.44153801321474,70.34749585865984
2025-01-26,38.56772916666667,60.659855473684054,61.291899101557156,69.86180422743914
2025-01-27,44.54617361111111,60.659855473684054,61.58725913287281,70.91006381791973
2025-01-28,40.39670833333333,60.659855473684054,62.948778330222524,71.0534931617932
2025-01-29,40.02838888888889,60.659855473684054,61.793557001933515,69.00542814298484
2025-01-30,39.224243055555554,60.659855473684054,61.42719750271695,68.61228647564951
2025-01-31,43.03959722222223,60.659855473684054,60.998268202824114,67.46335102298214
2025-02-01,41.33575694444445,60.659855473684054,60.46010979509217,66.06984738248046
2025-02-02,43.00575,60.659855473684054,60.43779901268881,63.82446254564417
2025-02-03,42.746048611111114,60.659855473684054,61.08990036138006,65.15143141145703
2025-02-04,38.02025,60.659855473684054,60.145705073412394,61.49626298624067
2025-02-05,40.46826388888889,60.659855473684054,60.363534870200596,64.21992290476015
2025-02-06,39.868604166666664,60.659855473684054,59.06888123814361,63.75805279827486
2025-02-07,38.24559722222222,60.659855473684054,58.14868456064315,60.528242148557446
2025-02-08,40.14910416666667,60.659855473684054,58.557777261414685,52.54528979097047
2025-02-09,34.343069444444446,60.659855473684054,59.86109295663128,53.80271229382331
2025-02-10,34.60159027777778,60.659855473684054,60.20030124501277,59.66275402874954
2025-02-11,35.73320833333333,60.659855473684054,60.05382455885733,65.1755569461274
2025-02-12,37.391243055555556,60.659855473684054,59.97580858443156,66.06423413025821
2025-02-13,35.560972222222226,60.659855473684054,60.58741220989839,66.87087512016477
2025-02-14,34.8006875,60.659855473684054,60.151151345690266,67.01023917560329
2025-02-15,34.95902777777778,60.659855473684054,59.494685473784294,66.4498441543786
2025-02-16,33.55698611111111,60.659855473684054,59.81031580659263,63.38633206523276
2025-02-17,36.04038888888889,60.659855473684054,59.4545073075664,65.6508031290653
2025-02-18,35.12155555555555,60.659855473684054,59.770782632265,53.26744974876771
2025-02-19,32.48875694444445,60.659855473684054,59.20147731784943,51.46854216840353
2025-02-20,30.79336111111111,60.659855473684054,60.39469642133249,59.70590225480087
2025-02-21,31.49607638888889,60.659855473684054,57.73172728863879,60.1828458641512
2025-02-22,30.070888888888888,60.659855473684054,59.3065476395612,60.439942930242196
2025-02-23,30.61747916666667,60.659855473684054,60.57178632979704,53.934537437317985
2025-02-24,29.96755555555556,60.659855473684054,62.39160246749993,58.76241569232485
2025-02-25,30.45573611111111,60.659855473684054,61.586154261017676,54.30620423587385
2025-02-26,31.121604166666668,60.659855473684054,61.51530617236766,55.48154559839678
2025-02-27,29.386916666666664,60.659855473684054,61.0216946904285,55.987565351702386
2025-02-28,31.971652777777777,60.659855473684054,60.609743190000984,57.44947070683169
2025-03-01,30.129958333333335,60.659855473684054,60.55026533479526,56.55769723556926
2025-03-02,31.599722222222223,60.659855473684054,60.53570934954105,58.7066598868394
2025-03-03,31.933666666666667,60.659855473684054,62.15929521778184,56.62872400327067
2025-03-04,31.95067361111111,60.659855473684054,61.18210117679152,61.6324696996782
2025-03-05,33.05685416666667,60.659855473684054,57.04629266732174,62.940231848115346
2025-03-06,35.06113194444445,60.659855473684054,56.91790071330984,58.72044544406195
2025-03-07,40.050270833333336,60.659855473684054,57.23272041618382,61.65683530824338
2025-03-08,37.96836805555555,60.659855473684054,56.75703568177303,61.42471615400623
2025-03-09,37.911520833333334,60.659855473684054,58.47366701026843,60.023401992780094
2025-03-10,36.14125694444444,60.659855473684054,59.23222594421425,60.96216195113574
2025-03-11,42.63284027777778,60.659855473684054,58.81726266346815,59.55746206867973
2025-03-12,43.80821527777778,60.659855473684054,57.64803420641928,59.22937429518112
2025-03-13,42.50963194444444,60.659855473684054,56.572463933560904,59.74203988066952
2025-03-14,39.56410416666667,60.659855473684054,55.430314174508176,60.305304074961015
2025-03-15,38.744277777777775,60.659855473684054,55.11715447748207,61.74005905781497
2025-03-16,45.86579166666667,60.659855473684054,55.21353766178102,60.894867044304384
2025-03-17,43.329729166666674,60.659855473684054,55.233847224460476,61.27174295134897
2025-03-18,57.86420138888889,60.659855473684054,55.87630477893755,62.56120510072634
2025-03-19,48.470756944444446,60.659855473684054,55.76922980541232,63.015538153235475
2025-03-20,49.147638888888885,60.659855473684054,55.19753834954251,60.25944195522645
2025-03-21,48.74397916666667,60.659855473684054,55.09750058379167,59.33340044866762
2025-03-22,46.01580555555555,60.659855473684054,54.525180821754354,60.808340236336996
2025-03-23,43.67008333333333,60.659855473684054,54.763526774326884,60.30744200611278
2025-03-24,42.88023611111111,60.659855473684054,54.68776803622911,60.25598559390256
2025-03-25,44.12459722222223,60.659855473684054,56.380944363228764,59.233238575825
2025-03-26,44.574284722222224,60.659855473684054,55.683611726486085,59.28670767139757
2025-03-27,38.062916666666666,60.659855473684054,55.96811607540617,59.1732837145885
2025-03-28,43.69940277777778,60.659855473684054,55.954683248873756,61.09382357529771
2025-03-29,53.76174305555556,60.659855473684054,55.194050468901025,60.41758483601301
2025-03-30,55.064902777777775,60.659855473684054,52.934312877857195,62.13277145266088
2025-03-31,48.548680555555556,60.659855473684054,52.02999616291173,56.05085710826702
2025-04-01,58.24863194444444,60.659855473684054,53.69242640366253,59.82009857199647
2025-04-02,64.54597222222222,60.659855473684054,54.94886777417209,61.81899886966419
2025-04-03,38.36870138888889,60.659855473684054,53.4833461281286,59.114832550044504
2025-04-04,51.726756944444446,60.659855473684054,53.96964972170502,59.77490544540635
2025-04-05,47.36183333333333,60.659855473684054,54.71227117589667,60.66362107757239
2025-04-06,56.62146527777778,60.659855473684054,49.271892163502855,53.33257005943184
2025-04-07,45.46279166666667,60.659855473684054,56.658842399419015,60.59246616444257
2025-04-08,45.84388888888889,60.659855473684054,55.61271967023164,47.88541823233612
2025-04-09,39.07938888888889,60.659855473684054,54.88382906827458,60.25098845287236
2025-04-10,34.61958333333333,60.659855473684054,55.51689317057002,60.35688058453204
2025-04-11,37.67055555555556,60.659855473684054,56.23153119972644,58.95200735441102
2025-04-12,33.40906944444445,60.659855473684054,55.48410050689485,59.91085000298424
2025-04-13,39.64902777777778,60.659855473684054,55.367093468049035,59.007532852469986
2025-04-14,43.18907142857142,60.659855473684054,55.711643866134224,63.601630099655615
2025-04-16,40.469,60.659855473684054,54.22274461165915,60.711962175349875
2025-04-17,45.64927083333333,60.659855473684054,53.159392014811964,58.79305199403303
2025-04-18,45.484659722222226,60.659855473684054,52.71550801845159,47.969156714619636
2025-04-19,42.128062500000006,60.659855473684054,52.97263571285544,48.204390014211604
2025-04-20,46.85902777777778,60.659855473684054,53.556370075625935,47.26045908267142
2025-04-21,49.16858333333334,60.659855473684054,51.206388195171606,43.951583818756205
2025-04-22,39.66606818181817,60.659855473684054,52.22046498446269,50.00230251490309
2025-04-23,50.85078472222222,60.659855473684054,51.77894322640546,47.64863989018499
2025-04-24,44.62147916666667,60.659855473684054,53.263176910760976,40.65202343143006
2025-04-25,50.772687499999996,60.659855473684054,53.990715375029566,42.52133025075455
2025-04-26,55.03540277777778,60.659855473684054,54.048106425678824,43.73399940455659
2025-04-27,44.68770138888889,60.659855473684054,55.7580124975922,45.352956855955064
2025-04-28,48.18553472222222,60.659855473684054,55.49476197439249,63.726063369012806
2025-04-29,44.96534027777778,60.659855473684054,55.89949449491108,59.267845975770605
2025-04-30,44.22403472222222,60.659855473684054,55.5744614688168,58.9748218876378
2025-05-01,46.62359027777777,60.659855473684054,54.71191190598834,58.255482992244396
2025-05-02,42.588631944444444,60.659855473684054,53.307599932685896,48.28672268510351
2025-05-03,50.14093055555555,60.659855473684054,54.50072823955286,46.08365746336206
2025-05-04,41.047979166666664,60.659855473684054,54.523606723350596,44.91198990994417
2025-05-05,46.55034027777777,60.659855473684054,54.95554325392049,61.31164426416064
2025-05-06,46.43434722222222,60.659855473684054,56.386922654947064,50.57811371834402
2025-05-07,44.64101388888889,60.659855473684054,54.93317809332305,45.73691674042392
2025-05-08,42.31013194444444,60.659855473684054,53.834618631266366,45.45076661352804
2025-05-09,47.68579166666667,60.659855473684054,55.30514494147864,45.981658158926905
2025-05-10,37.45968055555556,60.659855473684054,55.22056882115739,52.50819319298356
2025-05-11,45.27079166666667,60.659855473684054,54.820648831812306,44.71092136682292
2025-05-12,41.631236111111114,60.659855473684054,55.153820770055205,49.54845489758343
2025-05-13,44.72463888888888,60.659855473684054,55.27554658369559,43.58636983207995
2025-05-14,41.54054861111111,60.659855473684054,54.77557165887025,50.163460681488495
2025-05-15,40.67013194444444,60.659855473684054,55.34719287853097,49.56007911089484
2025-05-16,46.615208333333335,60.659855473684054,53.1638644155151,46.749136998960836
2025-05-17,44.70516666666666,60.659855473684054,53.37840103830342,44.38131511044656
2025-05-18,44.61158333333333,60.659855473684054,53.582969422874314,43.35959353061185
2025-05-19,41.73867361111111,60.659855473684054,56.16422407756308,46.91150635037934
2025-05-20,48.564506944444446,60.659855473684054,57.41170207469363,54.37633562124686
2025-05-21,42.07696527777777,60.659855473684054,57.56228009122845,53.89078968723609
2025-05-22,47.73141666666667,60.659855473684054,56.28052958116919,55.35316967686738
2025-05-23,43.82485416666666,60.659855473684054,55.17041021081977,37.77053264018311
2025-05-24,51.751798611111106,60.659855473684054,53.951719642058954,40.56918926644242
2025-05-25,42.073006944444444,60.659855473684054,53.66371842824978,38.44770642555295
2025-05-26,45.64190277777777,60.659855473684054,54.47031815909119,54.02831903510642
2025-05-27,41.34551388888889,60.659855473684054,55.07851563298632,44.69676748534275
2025-05-28,30.907611111111112,60.659855473684054,53.745443976831595,52.86768434845105
2025-05-29,43.942145833333335,60.659855473684054,53.07534856317275,45.588643591921134
2025-05-30,48.24654166666667,60.659855473684054,52.37950791631171,44.103803547813406
2025-05-31,44.826249999999995,60.659855473684054,52.57169532476629,59.538444552424224
2025-06-01,45.867875,60.659855473684054,54.87023494206941,33.98499793369318
2025-06-02,42.17228472222222,60.659855473684054,55.626676159058704,36.08961151699681
2025-06-03,44.194590277777785,60.659855473684054,54.713723787129645,54.388227677885446
2025-06-04,44.058548611111114,60.659855473684054,55.21419636852453,53.74624052396328
2025-06-05,45.96208333333333,60.659855473684054,56.07249890138166,54.021953483981434
2025-06-06,47.55336805555555,60.659855473684054,58.627865956310664,50.977131678910474
2025-06-07,45.17966666666666,60.659855473684054,57.6913128350535,52.503120266082995
2025-06-08,36.09916666666667,60.659855473684054,57.81304651032593,53.03344731818126
2025-06-09,37.43391666666667,60.659855473684054,58.94175753736601,54.437873875320435
2025-06-10,43.23492361111111,60.659855473684054,58.85166945599053,54.116159571685166
2025-06-11,44.88638888888889,60.659855473684054,58.961111787315126,54.67049154185552
2025-06-12,41.31164583333333,60.659855473684054,58.32395487177278,54.56405317846175
2025-06-13,39.27398611111111,60.659855473684054,58.46300705080191,55.978882227203584
2025-06-14,40.10754861111111,60.659855473684054,56.70952761136114,59.21627376516491
2025-06-15,41.0541984126984,60.659855473684054,57.82982153904218,55.871880859569174
2025-06-16,41.73088405797102,60.659855473684054,60.174391222770545,58.75742626139282
2025-06-17,38.025194444444445,60.659855473684054,59.90549389525191,59.05525539569479
2025-06-18,41.18595833333333,60.659855473684054,60.43737265920947,58.44761597259989
2025-06-19,37.65265277777778,60.659855473684054,60.065533410256776,57.00542185363867
2025-06-20,36.47757971014492,60.659855473684054,59.609676323902356,60.238677134980954
2025-06-21,32.546194444444446,60.659855473684054,58.941562025336026,62.08545176937602
2025-06-22,39.372479166666665,60.659855473684054,59.105227716703794,64.98040392537027
2025-06-23,40.60418055555556,60.659855473684054,60.58101568502093,63.43124298376129
2025-06-24,41.92545833333333,60.659855473684054,61.733038862628106,67.87975518364368
2025-06-25,40.046395833333335,60.659855473684054,62.64369991974802,68.57801149524664
2025-06-26,37.34149305555555,60.659855473684054,61.4182032128653,62.34282650022527
2025-06-27,35.784868055555556,60.659855473684054,59.785015940882616,61.26925206079426
2025-06-28,38.69956944444444,60.659855473684054,60.276452790298336,64.70144942144726
2025-06-29,39.201548611111114,60.659855473684054,60.517348501059836,68.0868289022831
2025-06-30,38.95416666666667,60.659855473684054,60.60823625978528,66.97677732959501
2025-07-01,35.4433125,60.659855473684054,60.58879184433573,63.56171555042017
2025-07-02,33.01836111111111,60.659855473684054,59.95979231563157,72.93830155961165
2025-07-03,34.30195833333333,60.659855473684054,59.702486321581844,70.9572476870394
2025-07-04,41.819493055555554,60.659855473684054,58.55648423644464,67.31564771767322
2025-07-05,35.948819444444446,60.659855473684054,59.40447457212226,65.29578412529472
2025-07-06,40.23052777777777,60.659855473684054,59.33177060453231,64.41274290543234
2025-07-07,37.221805555555555,60.659855473684054,58.698749696620716,69.24675495293327
2025-07-08,39.79136805555556,60.659855473684054,58.730780404145854,69.42489129060914
2025-07-09,36.230444444444444,60.659855473684054,58.005347986106045,72.6836052175407
2025-07-10,42.123625,60.659855473684054,58.082309176268005,73.66990364242284
2025-07-11,35.06813888888889,60.659855473684054,57.456627155688984,70.04101906218347
2025-07-12,42.12931944444444,60.659855473684054,57.42922150228893,69.19895683415756
2025-07-13,28.561736111111106,60.659855473684054,58.22631880027265,70.0131639057949
2025-07-14,38.93438888888889,60.659855473684054,58.93803803591261,75.15171236847516
2025-07-15,35.06216666666666,60.659855473684054,61.81250538647195,71.52397084684958
2025-07-16,35.07091666666667,60.659855473684054,61.31075631849312,71.91733580015472
2025-07-17,34.23309027777778,60.659855473684054,61.044677677479825,70.84835702180007
2025-07-18,29.601875000000003,60.659855473684054,61.041491470920654,69.59409895983414
2025-07-19,31.37715972222222,60.659855473684054,59.59376347001131,73.3139803963089
2025-07-20,38.45440277777778,60.659855473684054,58.475333731574395,75.75832591995099
2025-07-21,33.146166666666666,60.659855473684054,59.04485924004672,66.02886430984884
2025-07-22,39.45071527777778,60.659855473684054,62.295832795054324,70.46446350997725
2025-07-23,36.42313888888889,60.659855473684054,63.1443672914794,68.76839467927111
2025-07-24,36.99023611111111,60.659855473684054,61.330228004233376,66.37681848275928
2025-07-25,32.663000000000004,60.659855473684054,61.67308369492125,66.31761742106005
2025-07-26,34.849944444444446,60.659855473684054,61.492034533967654,65.00947025286973
2025-07-27,40.94779166666667,60.659855473684054,62.01010435444387,69.69530750564991
2025-07-28,38.024791666666665,60.659855473684054,62.53136216854517,68.63060519869293
2025-07-29,46.114784722222225,60.659855473684054,62.20715585441749,68.29276258041976
2025-07-30,40.58850694444445,60.659855473684054,61.8026488085141,68.44217014959303
2025-07-31,40.408145833333336,60.659855473684054,60.91940658704394,67.97497067314075
2025-08-01,41.301291666666664,60.659855473684054,61.063429624087355,68.36187154272278
2025-08-02,33.85126388888889,60.659855473684054,62.34210193864838,69.92127912385565
2025-08-03,38.15197916666666,60.659855473684054,60.55925604476355,69.48052015238649
2025-08-04,38.761673611111114,60.659855473684054,61.75786675378996,69.59635883428241
2025-08-05,36.19520833333333,60.659855473684054,62.28781638551234,68.90006493512116
2025-08-06,33.09315277777778,60.659855473684054,63.340728074610496,68.37344819377714
2025-08-07,28.761687500000004,60.659855473684054,62.00388387834407,69.27748714747639
2025-08-08,37.25566666666666,60.659855473684054,61.284328694393494,69.37794420245955
2025-08-09,34.416534722222224,60.659855473684054,61.6195287274387,69.9543010738449
2025-08-10,32.05014583333333,60.659855473684054,62.74927550641529,68.2469299272795
2025-08-11,40.07734027777778,60.659855473684054,63.330564995717694,67.47317231547018
2025-08-12,39.348284722222225,60.659855473684054,65.81380817696602,70.63044194064116
2025-08-13,36.426541666666665,60.659855473684054,64.54720239980284,67.67901670714372
2025-08-14,40.140499999999996,60.659855473684054,64.2817579043908,63.718325967266246
2025-08-15,36.066916666666664,60.659855473684054,63.24593731353626,66.46187837516285
2025-08-16,37.20747222222222,60.659855473684054,64.39369550831213,65.90065872346696
2025-08-17,41.311819444444446,60.659855473684054,63.78691096459177,64.79293114455531
2025-08-18,37.84723611111111,60.659855473684054,65.58861245407489,60.90137127055128
2025-08-19,39.34922916666667,60.659855473684054,65.99191364737985,64.92839710622779
2025-08-20,32.889208333333336,60.659855473684054,64.92635782354932,60.15752314115162
2025-08-21,37.47250694444444,60.659855473684054,65.40709854676565,56.915886638212584
2025-08-22,35.62661805555556,60.659855473684054,63.83976003104031,57.75797056348767
2025-08-23,35.264125,60.659855473684054,64.28001534646535,58.706208843973066
2025-08-24,38.51373611111111,60.659855473684054,63.30775024824876,61.26237156571144
2025-08-25,38.09504166666667,60.659855473684054,65.65774851318035,58.47529766120209
2025-08-26,31.450784722222224,60.659855473684054,65.01501801550329,60.52787140078759
2025-08-27,37.963875,60.659855473684054,63.72922020453907,62.243676472329525
2025-08-28,36.54396527777778,60.659855473684054,61.875410328759074,63.058060473410286
2025-08-29,28.738637681159418,60.659855473684054,61.684348491030136,65.44354428594906
2025-08-30,33.2090625,60.659855473684054,62.435601860382896,63.15185613533429
2025-08-31,30.906625000000002,60.659855473684054,62.15354052258269,63.74350982805623
2025-09-01,35.14240972222222,60.659855473684054,63.86964439845377,61.83348563471908
2025-09-02,33.37927083333333,60.659855473684054,63.824865690038145,62.41342994879014
2025-09-03,37.24574305555555,60.659855473684054,63.433491200521,65.84908569428924
2025-09-04,41.68736805555556,60.659855473684054,65.25874952951341,64.15953238909074
2025-09-05,34.97529166666666,60.659855473684054,65.43857716595753,61.67209232696351
2025-09-06,43.004875,60.659855473684054,66.44866432461126,64.79245475118367
2025-09-07,34.04457638888889,60.659855473684054,65.94812278438997,63.36912034879895
2025-09-08,35.84013888888889,60.659855473684054,65.63293383156832,64.54139458453342
2025-09-09,37.679270833333334,60.659855473684054,65.26640486924975,57.47979679396117
2025-09-10,35.147576388888886,60.659855473684054,64.76754644920587,61.6089694441562
2025-09-11,30.20297222222222,60.659855473684054,64.60893755518391,60.980452509640024
2025-09-12,31.764131944444443,60.659855473684054,66.0679794017454,57.83217546163517
2025-09-13,34.9420625,60.659855473684054,67.04741754958272,66.70215237401072
2025-09-19,31.4679375,60.659855473684054,64.120093362727,60.266607379914355
2025-09-20,33.81693055555555,60.659855473684054,65.93214616071666,61.73866361809659
2025-09-21,38.67936111111111,60.659855473684054,67.84484771095083,66.28851300750432
2025-09-22,36.95858333333333,60.659855473684054,67.31152233488783,60.40672919503545
2025-09-23,41.50633333333333,60.659855473684054,67.12152564495713,59.74810369595302
2025-09-24,37.52940972222222,60.659855473684054,67.04524894882911,64.5917252102202
2025-09-25,39.85888888888889,60.659855473684054,67.45613105393181,62.2830055684657
2025-09-26,36.27064583333333,60.659855473684054,67.17341549579203,66.06195934937651
2025-09-27,36.313972222222226,60.659855473684054,66.86595617572702,59.427172583185765
2025-09-28,33.33965972222222,60.659855473684054,67.37593021725961,54.987137751274794
2025-09-29,28.868805555555554,60.659855473684054,66.8412218049076,54.486651147866276
2025-09-30,27.38445138888889,60.659855473684054,67.32163549518502,72.57672034730622
2025-10-01,24.624277777777774,60.659855473684054,68.14108886930833,62.18292558449994
2025-10-16,31.1549375,60.659855473684054,67.18213388866606,66.76143826826772
2025-10-17,31.69209027777778,60.659855473684054,67.5539438829166,67.25293960625659
2025-10-18,26.303319444444444,60.659855473684054,67.78726935272702,65.94194963840353
2025-10-19,26.492979166666668,60.659855473684054,66.86773024521605,66.90132531711077
2025-10-20,24.70561111111111,60.659855473684054,65.06501987613595,67.53675683526211
2025-10-23,28.949951388888888,60.659855473684054,68.20566981947297,66.23551025065062
2025-10-24,30.573229166666664,60.659855473684054,66.49928117937189,65.61900181047199
2025-10-25,27.111125,60.659855473684054,66.23000045726894,66.18158695202145
2025-10-26,28.905013888888888,60.659855473684054,65.54195710361567,66.28333908912174
2025-10-27,33.797645833333334,60.659855473684054,66.64284092583573,66.25252866292159
2025-10-28,34.09263888888889,60.659855473684054,70.70789531719176,65.81299917006602
2025-10-29,35.97329166666667,60.659855473684054,68.54955947479965,67.06472428203199
2025-10-30,32.80019444444444,60.659855473684054,67.63912408258982,64.14389439545097
2025-10-31,28.37427083333333,60.659855473684054,68.17683143356811,66.3362005312528
2025-11-01,32.049701388888884,60.659855473684054,67.82331075174264,66.45889954922364
2025-11-02,28.413979166666667,60.659855473684054,68.08427439420308,63.18254057706989
2025-11-03,27.37023611111111,60.659855473684054,68.39513498997451,64.43374805211073
2025-11-04,21.822805555555558,60.659855473684054,68.38653808186027,72.35411346532102
2025-11-05,19.295222222222222,60.659855473684054,67.59812960138169,66.6783812967254
2025-11-06,16.638118055555555,60.659855473684054,66.73613536890049,69.77620548613002
2025-11-07,16.290979166666666,60.659855473684054,67.43393690853576,69.41529574804862
2025-11-08,19.332916666666666,60.659855473684054,68.60759250143556,66.36279560552674
2025-11-09,23.45726388888889,60.659855473684054,68.11207059992203,66.84622252431765
2025-11-10,29.087374999999998,60.659855473684054,69.10436417273979,67.03195437133031
2025-11-11,30.028881944444446,60.659855473684054,68.44514560946257,65.95371334082108
2025-11-12,32.418458333333334,60.659855473684054,68.26521423269324,67.31511608803517
2025-11-13,27.561555555555557,60.659855473684054,67.17199858543435,66.93969183441548
2025-11-14,23.891381944444444,60.659855473684054,68.45989888490901,68.0009740974201
2025-11-15,25.724326388888887,60.659855473684054,69.62606507215071,71.4825392225985
2025-11-16,26.904916666666665,60.659855473684054,68.4910822286616,67.27828390059578
2025-11-17,28.91207638888889,60.659855473684054,67.90798011222992,67.41545520842499
2025-11-18,26.370840277777777,60.659855473684054,68.88753822851609,69.34597070378395
2025-11-19,23.369444444444444,60.659855473684054,67.84481422372531,68.05870534567475
2025-11-20,32.63784027777778,60.659855473684054,65.75701864492333,67.23921798621615
2025-11-27,23.538451388888888,60.659855473684054,65.90920950654336,68.89325312345517
2025-12-09,20.023819444444445,60.659855473684054,65.4987470143024,62.157630975923574
2025-12-10,14.456458333333332,60.659855473684054,65.05450678589973,64.02758528815666
2025-12-11,11.120395833333333,60.659855473684054,64.91651153709577,61.34770193026242
2025-12-12,10.322694444444444,60.659855473684054,65.09922117617708,63.950393431566546
2025-12-13,12.190229166666667,60.659855473684054,62.34380170580157,59.98820242653619
2025-12-14,11.7796875,60.659855473684054,62.328213611345824,55.55808508760777
2025-12-15,12.55047222222222,60.659855473684054,63.98181363911603,57.35804410741066
2025-12-16,13.188534722222222,60.659855473684054,66.06854051437766,64.79823675692869
2025-12-17,12.493986111111111,60.659855473684054,66.52146667093025,62.179682836322
2025-12-18,14.542625,60.659855473684054,65.51327301734067,64.035449133832
2025-12-19,14.654333333333334,60.659855473684054,64.88254687261744,60.35456454952386
2025-12-20,16.323888888888888,60.659855473684054,64.31263638652774,58.607636908599346
2025-12-21,17.735069444444445,60.659855473684054,64.74875270033124,67.11573789518683
2025-12-22,15.089159090909073,60.659855473684054,65.10135034159086,69.67202278890413
