year,season,n,mean,median
2022,Весна,88,67.98688999661884,67.82968055555554
2022,Зима,80,74.55309257724434,73.78057291666664
2022,Лето,83,76.68840974334314,78.50684057971013
2022,Осень,87,74.95198425150414,74.23320138888887
2023,Весна,87,59.18336659362811,58.29521527777775
2023,Зима,87,61.4582606530068,61.65611111111108
2023,Лето,92,59.54627464972199,59.23540972222218
2023,Осень,90,61.628904574514976,61.74381249999999
2024,Весна,92,33.36882222653554,39.18827430555555
2024,Зима,60,46.35208680555556,46.12316666666666
2024,Лето,21,39.669527116402115,44.58132638888889
2024,Осень,38,48.929412280701754,49.0181875
2025,Весна,91,43.99312691574299,44.22403472222222
2025,Зима,60,31.49227082281145,34.47232986111111
2025,Лето,92,37.831055191736425,37.99433333333333
2025,Осень,61,30.618328096539162,31.1549375
