city,station_id,station_name,lat,lon,parameter
Aktau,22,PCP #6,43.677764166,51.174961813,pm2_5
Atyrau,235,PCP #10,47.114687,51.860907,pm2_5
Aktobe,31,PCP #6,50.290375741,57.22209476,pm2_5
Atyrau,32,PCP #8,47.096617,51.942701,pm2_5
Atyrau,33,PCP #9,47.139138,51.96226,pm2_5
Atyrau,86,PCP #6,47.156821,51.982406,pm2_5
Aktau,22,PCP #6,43.677764166,51.174961813,pm10
Atyrau,235,PCP #10,47.114687,51.860907,pm10
Aktobe,31,PCP #6,50.290375741,57.22209476,pm10
Atyrau,32,PCP #8,47.096617,51.942701,pm10
Atyrau,33,PCP #9,47.139138,51.96226,pm10
Atyrau,86,PCP #6,47.156821,51.982406,pm10
Aktau,22,PCP #6,43.677764166,51.174961813,no2
Aktau,23,PCP #5,43.658540091,51.146762,no2
Atyrau,235,PCP #10,47.114687,51.860907,no2
Aktobe,24,PCP #2,50.315857,57.12772,no2
Aktobe,31,PCP #6,50.290375741,57.22209476,no2
Atyrau,33,PCP #9,47.139138,51.96226,no2
Atyrau,86,PCP #6,47.156821,51.982406,no2
Atyrau,32,PCP #8,47.096617,51.942701,no2
Aktobe,53,PCP #3,50.294165115,57.168480685,no2
Aktau,22,PCP #6,43.677764166,51.174961813,so2
Aktau,23,PCP #5,43.658540091,51.146762,so2
Atyrau,235,PCP #10,47.114687,51.860907,so2
Aktobe,24,PCP #2,50.315857,57.12772,so2
Aktobe,31,PCP #6,50.290375741,57.22209476,so2
Atyrau,32,PCP #8,47.096617,51.942701,so2
Atyrau,33,PCP #9,47.139138,51.96226,so2
Aktobe,53,PCP #3,50.294165115,57.168480685,so2
Atyrau,86,PCP #6,47.156821,51.982406,so2
Aktau,22,PCP #6,43.677764166,51.174961813,co
Aktau,23,PCP #5,43.658540091,51.146762,co
Atyrau,235,PCP #10,47.114687,51.860907,co
Aktobe,24,PCP #2,50.315857,57.12772,co
Aktobe,31,PCP #6,50.290375741,57.22209476,co
Atyrau,32,PCP #8,47.096617,51.942701,co
Atyrau,33,PCP #9,47.139138,51.96226,co
Aktobe,53,PCP #3,50.294165115,57.168480685,co
Atyrau,86,PCP #6,47.156821,51.982406,co
Aktau,22,PCP #6,43.677764166,51.174961813,h2s
Aktau,23,PCP #5,43.658540091,51.146762,h2s
Atyrau,235,PCP #10,47.114687,51.860907,h2s
Aktobe,24,PCP #2,50.315857,57.12772,h2s
Aktobe,31,PCP #6,50.290375741,57.22209476,h2s
Atyrau,33,PCP #9,47.139138,51.96226,h2s
Aktobe,53,PCP #3,50.294165115,57.168480685,h2s
Atyrau,86,PCP #6,47.156821,51.982406,h2s
Atyrau,33,PCP #9,47.139138,51.96226,o3
Aktau,22,PCP #6,43.677764166,51.174961813,o3
Atyrau,86,PCP #6,47.156821,51.982406,o3
