city,parameter,threshold_ugm3,reference,valid_days,exceedance_days,exceedance_pct,mean_ugm3
Aktau,co,4000.0,WHO2021_24h,1327,0,0.0,252.30327546915893
Aktau,no2,25.0,WHO2021_24h,438,359,81.9634703196347,38.39610219484089
Aktau,pm10,45.0,WHO2021_24h,1328,1283,96.61144578313254,195.04502969877544
Aktau,pm2_5,15.0,WHO2021_24h,1282,13,1.014040561622465,2.221839872288279
Aktau,so2,40.0,WHO2021_24h,1325,0,0.0,13.026340197910871
Aktobe,co,4000.0,WHO2021_24h,1312,0,0.0,554.3665325541397
Aktobe,no2,25.0,WHO2021_24h,1305,502,38.46743295019157,35.72425069557594
Aktobe,pm10,45.0,WHO2021_24h,1326,0,0.0,1.5986325911984016
Aktobe,pm2_5,15.0,WHO2021_24h,1326,0,0.0,1.4565815286954997
Aktobe,so2,40.0,WHO2021_24h,472,36,7.627118644067797,12.047339566667604
Atyrau,co,4000.0,WHO2021_24h,1208,0,0.0,256.53249027753293
Atyrau,no2,25.0,WHO2021_24h,1012,5,0.4940711462450593,3.25634457236512
Atyrau,pm10,45.0,WHO2021_24h,1209,751,62.117452440033084,51.07385564347183
Atyrau,pm2_5,15.0,WHO2021_24h,1209,1176,97.27047146401985,54.704925635991735
Atyrau,so2,40.0,WHO2021_24h,529,11,2.0793950850661624,3.824539054316856
