date,temperature_2m_mean,relative_humidity_2m_mean,wind_speed_10m_mean,precipitation_sum
2022-01-01,-1.2,96,3.7,0.0
2022-01-02,-1.6,94,4.91,1.5
2022-01-03,-2.7,82,6.79,0.6
2022-01-04,-2.9,86,6.74,3.8
2022-01-05,-0.7,89,7.08,0.9
2022-01-06,-1.9,89,5.45,0.0
2022-01-07,2.8,96,6.29,0.0
2022-01-08,0.2,82,5.29,0.0
2022-01-09,-4.6,79,5.54,0.0
2022-01-10,-3.0,88,8.26,0.0
2022-01-11,-0.0,94,3.35,0.2
2022-01-12,-1.4,90,2.73,0.0
2022-01-13,-4.0,88,5.54,0.0
2022-01-14,-6.1,85,7.35,4.8
2022-01-15,0.9,87,11.19,2.5
2022-01-16,-1.4,84,7.7,0.6
2022-01-17,-3.0,84,5.24,0.1
2022-01-18,-3.4,89,5.75,0.0
2022-01-19,-4.3,84,7.63,0.0
2022-01-20,-4.0,90,4.43,1.5
2022-01-21,-4.8,87,2.88,0.0
2022-01-22,-5.5,88,4.48,0.0
2022-01-23,-7.5,80,7.75,0.0
2022-01-24,-6.8,82,9.23,0.0
2022-01-25,-6.3,84,7.33,0.0
2022-01-26,-3.1,92,2.98,1.4
2022-01-27,-3.8,86,5.25,0.0
2022-01-28,-4.6,87,4.26,0.3
2022-01-29,-5.8,85,5.83,0.2
2022-01-30,-2.3,89,4.93,0.1
2022-01-31,-2.0,95,3.17,0.1
2022-02-01,-0.6,94,3.23,0.0
2022-02-02,-0.3,97,2.43,0.0
2022-02-03,0.6,92,6.22,0.0
2022-02-04,1.4,88,6.56,0.0
2022-02-05,-0.1,92,6.34,0.7
2022-02-06,-2.6,79,5.81,0.0
2022-02-07,-2.8,82,2.51,0.0
2022-02-08,-1.0,88,1.94,0.0
2022-02-09,-1.7,86,6.35,0.1
2022-02-10,-0.9,89,5.25,2.5
2022-02-11,0.6,88,5.55,0.1
2022-02-12,2.0,91,5.68,1.3
2022-02-13,1.0,88,7.29,7.4
2022-02-14,-2.1,82,4.62,0.0
2022-02-15,-2.4,93,2.85,0.0
2022-02-16,-2.0,92,3.4,0.0
2022-02-17,-1.7,86,3.77,0.0
2022-02-18,-0.0,77,6.83,0.0
2022-02-19,-1.1,84,3.99,0.0
2022-02-20,0.8,88,3.87,0.0
2022-02-21,3.1,89,2.62,1.8
2022-02-22,3.0,89,3.16,0.0
2022-02-23,2.3,89,3.62,0.0
2022-02-24,2.5,91,2.03,0.0
2022-02-25,4.2,81,4.78,0.0
2022-02-26,7.0,74,9.78,0.1
2022-02-27,5.0,83,6.47,1.6
2022-02-28,4.7,93,2.04,1.1
2022-03-01,4.7,93,1.96,0.0
2022-03-02,5.0,93,1.74,0.0
2022-03-03,6.1,81,7.15,0.4
2022-03-04,7.1,84,9.6,6.8
2022-03-05,2.2,95,11.89,9.2
2022-03-06,-0.1,81,10.72,1.7
2022-03-07,-2.5,75,6.02,0.0
2022-03-08,0.9,79,4.58,0.0
2022-03-09,3.6,82,3.8,1.1
2022-03-10,2.9,92,5.48,8.6
2022-03-11,1.4,91,3.65,0.0
2022-03-12,-1.6,89,4.63,1.2
2022-03-13,-5.2,81,4.27,1.3
2022-03-14,-4.4,73,3.84,0.0
2022-03-15,0.0,76,6.37,0.2
2022-03-16,-1.6,87,3.23,1.0
2022-03-17,-2.1,88,3.48,1.1
2022-03-18,-4.7,71,4.15,0.0
2022-03-19,-5.2,57,4.57,0.0
2022-03-20,-4.8,66,3.58,0.0
2022-03-21,1.2,71,7.84,0.0
2022-03-22,1.6,75,6.91,1.2
2022-03-23,0.3,75,3.78,0.0
2022-03-24,2.5,71,3.71,0.0
2022-03-25,3.9,72,5.01,0.6
2022-03-26,3.8,78,4.11,0.3
2022-03-27,5.3,82,8.2,0.0
2022-03-28,2.8,75,10.12,1.9
2022-03-29,3.3,70,10.98,0.0
2022-03-30,6.9,82,6.6,0.0
2022-03-31,9.5,73,2.28,0.0
2022-04-01,10.7,71,2.38,0.0
2022-04-02,12.5,66,5.53,0.0
2022-04-03,14.1,61,4.03,0.0
2022-04-04,12.6,72,6.12,0.2
2022-04-05,8.7,66,5.17,2.2
2022-04-06,10.7,71,5.45,1.2
2022-04-07,12.0,61,5.0,0.0
2022-04-08,11.3,68,8.02,2.5
2022-04-09,13.2,71,5.6,0.0
2022-04-10,13.7,78,4.19,0.3
2022-04-11,14.4,74,2.39,0.0
2022-04-12,17.1,62,5.06,0.0
2022-04-13,16.9,60,7.72,0.0
2022-04-14,12.0,56,5.34,0.0
2022-04-15,12.4,62,3.18,0.3
2022-04-16,12.8,66,3.16,0.1
2022-04-17,14.5,66,1.63,0.0
2022-04-18,16.2,61,2.34,0.0
2022-04-19,19.4,45,5.43,0.0
2022-04-20,20.1,43,6.56,0.0
2022-04-21,19.6,56,4.45,0.7
2022-04-22,16.6,63,6.17,0.0
2022-04-23,13.2,64,5.71,2.3
2022-04-24,13.5,68,1.85,0.1
2022-04-25,16.3,60,4.11,0.0
2022-04-26,18.7,50,5.25,0.0
2022-04-27,20.1,50,6.29,0.0
2022-04-28,21.3,48,3.75,0.0
2022-04-29,21.6,53,3.16,0.0
2022-04-30,16.3,55,9.94,0.1
2022-05-01,14.8,59,8.32,0.0
2022-05-02,13.8,43,6.63,0.0
2022-05-03,14.6,41,5.13,0.0
2022-05-04,14.9,43,4.44,0.0
2022-05-05,17.0,42,2.73,0.0
2022-05-06,12.6,52,9.31,2.8
2022-05-07,13.6,54,8.52,3.8
2022-05-08,12.8,73,7.64,8.4
2022-05-09,11.8,87,4.66,5.6
2022-05-10,12.6,76,9.44,11.3
2022-05-11,12.5,64,4.72,0.0
2022-05-12,14.3,71,7.03,0.0
2022-05-13,16.6,67,8.35,0.0
2022-05-14,18.4,69,7.07,0.0
2022-05-15,18.5,77,7.0,1.2
2022-05-16,18.8,62,5.16,0.0
2022-05-17,17.4,53,6.2,0.1
2022-05-18,17.4,54,7.05,0.8
2022-05-19,19.2,63,3.64,0.0
2022-05-20,16.5,76,5.05,5.6
2022-05-21,13.2,61,8.14,0.3
2022-05-22,14.0,73,6.24,3.5
2022-05-23,18.1,69,4.46,0.0
2022-05-24,16.4,79,5.77,5.0
2022-05-25,16.3,60,5.01,0.0
2022-05-26,17.7,61,4.51,0.0
2022-05-27,18.1,67,4.95,0.0
2022-05-28,19.6,71,6.09,0.0
2022-05-29,22.8,53,3.65,0.0
2022-05-30,26.1,38,5.07,0.0
2022-05-31,26.7,43,2.91,0.0
2022-06-01,25.0,34,6.94,0.0
2022-06-02,24.5,36,5.88,0.0
2022-06-03,25.0,37,4.53,0.0
2022-06-04,25.5,37,3.06,0.0
2022-06-05,26.7,36,2.66,0.0
2022-06-06,26.9,47,4.9,0.2
2022-06-07,22.4,47,6.94,0.0
2022-06-08,22.8,39,4.32,0.0
2022-06-09,22.9,36,4.77,0.0
2022-06-10,23.8,39,4.67,0.0
2022-06-11,24.9,46,5.63,0.0
2022-06-12,25.7,50,6.81,0.2
2022-06-13,24.3,37,6.3,0.0
2022-06-14,23.7,37,6.31,0.0
2022-06-15,26.1,31,4.43,0.0
2022-06-16,27.0,41,4.76,0.0
2022-06-17,26.9,50,5.14,0.5
2022-06-18,24.6,51,4.25,0.6
2022-06-19,26.0,37,4.6,0.0
2022-06-20,26.8,43,5.19,0.0
2022-06-21,27.9,47,6.0,0.0
2022-06-22,28.4,44,4.0,0.0
2022-06-23,30.9,37,5.95,0.0
2022-06-24,28.7,43,7.01,0.0
2022-06-25,27.6,40,4.17,0.0
2022-06-26,29.8,40,3.22,0.0
2022-06-27,28.4,29,6.79,0.0
2022-06-28,26.4,32,4.7,0.7
2022-06-29,24.0,31,6.78,0.0
2022-06-30,21.1,36,4.16,0.0
2022-07-01,23.6,40,3.84,0.0
2022-07-02,22.7,64,4.13,1.9
2022-07-03,17.6,67,5.67,3.4
2022-07-04,20.7,63,7.06,0.1
2022-07-05,21.4,59,5.82,0.1
2022-07-06,21.7,49,6.5,0.0
2022-07-07,24.6,42,3.3,0.0
2022-07-08,27.4,38,2.68,0.0
2022-07-09,28.2,31,4.24,0.0
2022-07-10,29.5,34,3.97,0.0
2022-07-11,30.8,32,4.66,0.0
2022-07-12,31.5,32,3.82,0.0
2022-07-13,32.6,31,3.98,0.0
2022-07-14,32.6,34,5.85,0.0
2022-07-15,29.3,41,5.56,0.0
2022-07-16,29.3,32,3.51,0.0
2022-07-17,32.8,29,5.27,0.0
2022-07-18,32.0,46,4.52,0.0
2022-07-19,29.8,42,7.27,0.0
2022-07-20,25.4,39,5.12,1.7
2022-07-21,25.3,47,2.69,0.4
2022-07-22,26.2,64,2.48,2.1
2022-07-23,26.6,55,4.14,0.2
2022-07-24,24.3,61,4.97,0.1
2022-07-25,23.3,71,5.73,0.8
2022-07-26,25.7,59,5.45,0.1
2022-07-27,27.8,57,3.73,0.2
2022-07-28,25.6,65,3.5,7.2
2022-07-29,27.6,62,4.24,1.6
2022-07-30,29.6,44,3.28,0.0
2022-07-31,29.0,36,3.68,0.0
2022-08-01,29.6,36,2.44,0.2
2022-08-02,29.1,39,2.91,0.0
2022-08-03,29.3,32,3.31,0.0
2022-08-04,29.5,37,3.46,0.0
2022-08-05,29.6,32,4.33,0.0
2022-08-06,28.9,29,4.77,0.0
2022-08-07,28.8,27,5.03,0.0
2022-08-08,29.0,30,3.81,0.0
2022-08-09,29.4,36,3.09,0.0
2022-08-10,30.1,36,3.1,0.0
2022-08-11,29.9,39,3.43,0.0
2022-08-12,30.8,40,2.19,0.0
2022-08-13,31.5,32,4.55,0.0
2022-08-14,31.2,25,4.61,0.0
2022-08-15,30.2,30,3.57,0.0
2022-08-16,30.8,31,2.72,0.0
2022-08-17,29.8,49,3.65,0.0
2022-08-18,29.1,39,5.87,0.0
2022-08-19,26.7,33,7.47,0.0
2022-08-20,24.2,25,8.7,0.0
2022-08-21,25.3,33,3.98,0.0
2022-08-22,27.4,35,4.77,0.0
2022-08-23,25.3,29,6.82,0.0
2022-08-24,25.8,36,3.5,0.0
2022-08-25,26.4,34,3.22,0.0
2022-08-26,26.0,28,3.91,0.0
2022-08-27,27.2,33,3.52,0.0
2022-08-28,28.2,37,3.54,0.0
2022-08-29,28.2,42,3.02,0.0
2022-08-30,28.3,40,4.32,0.0
2022-08-31,27.7,45,3.31,0.0
2022-09-01,28.4,50,4.16,0.0
2022-09-02,28.6,59,4.56,0.0
2022-09-03,27.7,51,4.98,0.0
2022-09-04,28.1,39,5.24,0.0
2022-09-05,22.3,50,7.21,0.0
2022-09-06,17.2,42,6.32,0.0
2022-09-07,17.1,40,3.87,0.0
2022-09-08,17.8,41,3.25,0.0
2022-09-09,17.6,72,4.19,9.1
2022-09-10,13.9,60,7.38,0.0
2022-09-11,12.8,54,2.79,0.0
2022-09-12,15.7,51,4.63,0.0
2022-09-13,18.8,46,8.01,0.0
2022-09-14,19.9,42,9.16,0.0
2022-09-15,18.4,61,5.7,0.0
2022-09-16,18.4,76,4.69,1.3
2022-09-17,21.2,63,5.5,0.5
2022-09-18,23.2,60,4.26,0.0
2022-09-19,23.5,41,6.45,0.0
2022-09-20,22.5,38,5.77,0.0
2022-09-21,22.2,37,4.61,0.0
2022-09-22,23.6,35,6.24,0.0
2022-09-23,23.8,47,6.99,0.3
2022-09-24,21.5,62,5.14,0.1
2022-09-25,15.9,62,8.32,2.9
2022-09-26,15.2,60,7.2,0.0
2022-09-27,17.2,66,3.38,0.0
2022-09-28,18.8,54,6.74,0.0
2022-09-29,19.2,51,7.25,0.0
2022-09-30,19.1,62,3.8,0.0
2022-10-01,17.3,50,5.39,0.0
2022-10-02,17.2,50,7.55,0.0
2022-10-03,14.8,39,9.25,0.0
2022-10-04,14.8,37,8.5,0.0
2022-10-05,15.5,40,8.12,0.0
2022-10-06,15.5,64,4.54,2.1
2022-10-07,12.8,66,4.37,0.0
2022-10-08,15.1,64,2.35,0.0
2022-10-09,14.7,59,4.83,0.0
2022-10-10,15.1,50,9.55,0.7
2022-10-11,16.4,61,4.84,2.5
2022-10-12,13.9,75,5.93,0.0
2022-10-13,12.8,73,5.79,0.1
2022-10-14,10.6,72,1.92,0.0
2022-10-15,11.5,76,2.85,0.0
2022-10-16,9.0,70,5.49,0.0
2022-10-17,9.1,68,4.06,0.0
2022-10-18,9.2,64,3.26,0.0
2022-10-19,12.1,72,7.03,0.0
2022-10-20,12.9,78,4.19,0.0
2022-10-21,11.4,83,4.76,4.0
2022-10-22,7.2,75,8.96,0.4
2022-10-23,5.9,78,3.03,0.0
2022-10-24,7.9,80,4.77,0.5
2022-10-25,9.8,89,7.67,4.9
2022-10-26,4.4,72,5.05,0.0
2022-10-27,3.7,68,6.92,0.0
2022-10-28,4.7,83,7.15,15.9
2022-10-29,3.7,89,4.57,0.0
2022-10-30,5.4,90,4.51,0.2
2022-10-31,10.0,90,8.74,2.2
2022-11-01,4.6,84,9.83,4.1
2022-11-02,3.6,80,8.5,0.7
2022-11-03,3.0,75,6.83,0.0
2022-11-04,3.3,80,4.39,0.1
2022-11-05,3.7,87,2.15,1.1
2022-11-06,3.3,85,4.78,0.5
2022-11-07,2.1,79,4.8,0.0
2022-11-08,2.6,69,1.69,0.0
2022-11-09,2.4,82,3.58,0.0
2022-11-10,4.0,94,2.6,0.0
2022-11-11,3.0,97,1.3,0.0
2022-11-12,4.1,91,3.31,0.0
2022-11-13,7.2,90,10.26,0.9
2022-11-14,5.8,79,10.56,0.8
2022-11-15,0.7,67,8.39,0.2
2022-11-16,0.0,71,4.75,0.0
2022-11-17,2.4,82,6.69,1.3
2022-11-18,3.8,83,5.11,0.0
2022-11-19,4.4,90,3.98,0.0
2022-11-20,4.1,95,4.49,4.6
2022-11-21,5.1,92,2.81,1.9
2022-11-22,6.8,96,2.9,0.0
2022-11-23,7.2,93,4.05,0.0
2022-11-24,4.3,87,4.55,0.0
2022-11-25,3.2,91,4.91,0.0
2022-11-26,2.3,87,9.68,0.0
2022-11-27,0.6,76,8.64,0.0
2022-11-28,-2.1,57,6.07,0.0
2022-11-29,-3.8,52,5.74,0.0
2022-11-30,-6.1,51,5.37,0.0
2022-12-01,-6.0,58,3.94,0.0
2022-12-02,-6.1,66,4.61,0.0
2022-12-03,-9.8,66,7.23,0.0
2022-12-04,-10.1,67,5.57,0.0
2022-12-05,-9.2,67,4.86,0.3
2022-12-06,-9.8,75,4.56,0.0
2022-12-07,-11.0,77,5.0,0.0
2022-12-08,-10.8,80,4.93,0.0
2022-12-09,-11.1,80,5.46,0.0
2022-12-10,-9.1,78,7.23,0.0
2022-12-11,-7.4,74,7.62,0.0
2022-12-12,-8.5,78,7.02,0.0
2022-12-13,-7.6,73,7.25,0.0
2022-12-14,-5.9,75,6.66,0.0
2022-12-15,-4.8,75,3.95,0.0
2022-12-16,-2.8,67,5.55,0.0
2022-12-17,-2.1,78,4.84,0.0
2022-12-18,-1.5,83,4.8,0.0
2022-12-19,1.2,90,4.52,0.3
2022-12-20,-2.3,83,6.43,0.7
2022-12-21,-3.5,87,5.65,0.0
2022-12-22,-2.8,86,4.21,0.0
2022-12-23,-4.4,83,5.09,0.0
2022-12-24,-4.3,76,7.06,0.0
2022-12-25,-6.4,81,5.01,0.0
2022-12-26,-7.0,80,2.59,0.0
2022-12-27,-8.7,80,2.05,0.0
2022-12-28,-8.1,84,1.82,0.0
2022-12-29,-1.8,90,4.97,1.7
2022-12-30,-1.3,88,4.55,0.0
2022-12-31,0.4,89,5.66,0.0
2023-01-01,2.0,91,6.35,2.0
2023-01-02,4.1,94,8.4,6.5
2023-01-03,2.0,84,6.37,0.0
2023-01-04,3.0,94,7.02,0.0
2023-01-05,2.0,88,4.94,0.2
2023-01-06,0.6,92,6.41,0.2
2023-01-07,-2.7,88,8.31,0.7
2023-01-08,-17.2,65,6.23,0.0
2023-01-09,-16.8,71,4.43,0.0
2023-01-10,-21.8,61,5.03,0.0
2023-01-11,-20.0,61,4.14,0.0
2023-01-12,-14.2,67,7.12,0.0
2023-01-13,-11.1,65,8.76,0.0
2023-01-14,-9.2,60,8.64,0.0
2023-01-15,-7.7,58,8.62,0.0
2023-01-16,-7.6,61,7.18,0.0
2023-01-17,-6.9,62,6.21,0.0
2023-01-18,-6.8,66,5.73,0.0
2023-01-19,-7.4,61,4.64,0.0
2023-01-20,-8.9,77,4.53,0.0
2023-01-21,-6.9,63,6.13,0.0
2023-01-22,-4.6,60,5.92,0.0
2023-01-23,-4.8,55,4.47,0.0
2023-01-24,-5.6,55,4.02,0.0
2023-01-25,-7.9,72,3.72,0.0
2023-01-26,-8.3,75,2.24,0.0
2023-01-27,-7.7,71,3.28,0.0
2023-01-28,-6.4,72,4.08,0.0
2023-01-29,-5.6,77,4.26,0.0
2023-01-30,-6.0,73,4.29,0.0
2023-01-31,-5.7,69,5.33,0.0
2023-02-01,-4.6,72,4.11,0.0
2023-02-02,-1.7,83,3.7,0.4
2023-02-03,-2.3,83,4.92,3.4
2023-02-04,-3.2,94,4.45,13.6
2023-02-05,-10.6,91,2.98,0.0
2023-02-06,-9.0,91,3.83,0.0
2023-02-07,-3.4,92,9.67,6.2
2023-02-08,-7.4,82,9.12,0.0
2023-02-09,-12.4,87,4.61,0.0
2023-02-10,-11.0,88,2.94,0.0
2023-02-11,-8.4,89,2.96,0.0
2023-02-12,-7.3,89,5.2,0.0
2023-02-13,-3.4,89,5.41,0.2
2023-02-14,-3.9,92,5.88,4.2
2023-02-15,0.3,90,6.92,1.1
2023-02-16,-1.7,93,5.21,6.1
2023-02-17,-7.8,85,6.8,0.3
2023-02-18,-9.5,92,3.53,0.0
2023-02-19,-3.1,92,6.27,2.9
2023-02-20,0.7,94,5.15,1.8
2023-02-21,0.2,90,5.54,2.6
2023-02-22,0.9,91,8.63,3.5
2023-02-23,-7.7,77,8.55,0.0
2023-02-24,-9.7,77,5.84,0.0
2023-02-25,-5.8,80,6.34,0.0
2023-02-26,-1.2,75,6.68,0.0
2023-02-27,0.4,85,3.91,0.0
2023-02-28,1.1,96,4.26,0.0
2023-03-01,1.9,87,6.58,0.0
2023-03-02,-0.2,76,5.22,0.0
2023-03-03,-1.5,74,5.83,0.0
2023-03-04,-0.0,79,3.0,0.0
2023-03-05,2.3,85,6.12,0.0
2023-03-06,4.3,87,4.38,1.2
2023-03-07,3.7,79,5.75,1.9
2023-03-08,1.0,76,4.78,0.0
2023-03-09,3.8,80,5.49,0.0
2023-03-10,6.3,84,3.68,0.8
2023-03-11,2.9,94,3.41,0.0
2023-03-12,6.8,82,7.97,0.0
2023-03-13,8.0,83,8.13,0.0
2023-03-14,5.9,68,8.4,0.0
2023-03-15,3.3,61,7.88,0.0
2023-03-16,6.4,55,9.38,0.0
2023-03-17,8.2,57,7.87,0.0
2023-03-18,9.1,58,5.75,0.0
2023-03-19,9.1,56,5.86,0.0
2023-03-20,7.9,62,6.5,0.0
2023-03-21,8.4,63,5.38,0.0
2023-03-22,9.0,61,4.22,0.0
2023-03-23,9.9,55,3.43,0.0
2023-03-24,10.3,54,4.14,0.0
2023-03-25,10.8,70,2.83,0.0
2023-03-26,12.2,58,4.1,0.0
2023-03-27,15.1,44,6.0,0.0
2023-03-28,13.0,67,5.27,0.5
2023-03-29,11.1,80,2.27,0.0
2023-03-30,13.8,67,5.47,0.0
2023-03-31,8.8,53,7.22,1.3
2023-04-01,10.3,60,9.12,3.2
2023-04-02,11.0,56,4.87,0.0
2023-04-03,10.2,78,3.27,0.0
2023-04-04,13.1,60,5.29,0.0
2023-04-05,13.6,53,2.83,0.0
2023-04-06,14.1,53,3.0,0.0
2023-04-07,14.8,63,2.82,0.0
2023-04-08,14.7,60,2.65,0.9
2023-04-09,14.5,62,4.22,0.4
2023-04-10,14.1,57,4.19,0.0
2023-04-11,13.8,52,4.11,0.0
2023-04-12,17.5,39,9.35,0.8
2023-04-13,18.9,50,7.94,0.3
2023-04-14,13.1,83,8.9,7.3
2023-04-15,7.7,83,9.22,4.9
2023-04-16,4.7,51,8.27,0.0
2023-04-17,8.5,53,4.08,0.0
2023-04-18,10.4,51,4.28,0.0
2023-04-19,12.1,45,6.46,0.0
2023-04-20,14.1,37,7.3,0.0
2023-04-21,15.9,37,9.75,0.0
2023-04-22,15.1,68,6.42,0.0
2023-04-23,15.5,63,5.61,0.0
2023-04-24,17.9,54,5.72,0.3
2023-04-25,20.3,41,10.34,0.6
2023-04-26,16.0,80,4.96,15.5
2023-04-27,17.5,71,4.69,0.0
2023-04-28,19.0,64,2.49,0.0
2023-04-29,22.1,48,4.97,0.0
2023-04-30,24.6,40,7.52,0.0
2023-05-01,23.8,40,6.79,0.0
2023-05-02,22.6,39,3.97,0.0
2023-05-03,19.5,62,7.96,5.2
2023-05-04,16.4,77,7.8,0.3
2023-05-05,17.2,55,4.83,0.0
2023-05-06,18.7,39,3.13,0.0
2023-05-07,19.9,39,3.36,0.0
2023-05-08,18.9,48,5.37,0.1
2023-05-09,21.1,50,6.81,0.0
2023-05-10,19.4,56,5.46,0.0
2023-05-11,19.1,58,4.02,2.9
2023-05-12,15.4,62,7.02,1.5
2023-05-13,16.5,51,5.43,0.0
2023-05-14,17.4,52,1.48,0.0
2023-05-15,19.0,55,2.65,0.0
2023-05-16,19.0,41,5.16,0.0
2023-05-17,15.6,70,5.88,5.2
2023-05-18,17.3,71,5.26,1.0
2023-05-19,18.3,66,3.35,0.1
2023-05-20,20.1,53,2.84,0.0
2023-05-21,20.7,50,4.39,0.0
2023-05-22,21.4,55,6.89,1.8
2023-05-23,23.9,45,7.7,0.3
2023-05-24,26.2,31,9.06,0.0
2023-05-25,26.8,28,9.13,0.0
2023-05-26,26.6,30,7.54,0.0
2023-05-27,27.2,31,4.88,0.0
2023-05-28,28.1,31,5.0,0.0
2023-05-29,27.1,36,5.92,0.0
2023-05-30,28.7,31,8.84,0.0
2023-05-31,28.8,29,6.62,0.0
2023-06-01,26.9,47,5.8,0.0
2023-06-02,22.9,67,7.62,0.0
2023-06-03,25.0,59,3.06,0.5
2023-06-04,27.3,44,2.71,0.0
2023-06-05,29.2,39,3.64,0.1
2023-06-06,26.6,47,7.46,0.0
2023-06-07,21.5,39,6.69,0.0
2023-06-08,23.2,33,3.92,0.0
2023-06-09,24.2,40,3.51,0.0
2023-06-10,25.8,34,3.38,0.0
2023-06-11,28.1,30,5.34,0.0
2023-06-12,29.7,28,5.08,0.0
2023-06-13,30.7,26,3.94,0.0
2023-06-14,30.6,27,5.3,0.0
2023-06-15,30.3,27,6.86,0.0
2023-06-16,28.8,37,6.07,0.0
2023-06-17,27.8,53,4.94,1.1
2023-06-18,25.3,60,5.81,3.2
2023-06-19,20.6,38,7.63,0.0
2023-06-20,19.2,34,4.31,0.0
2023-06-21,22.6,48,7.83,0.8
2023-06-22,20.8,43,4.85,0.0
2023-06-23,19.6,38,5.1,0.0
2023-06-24,22.9,55,5.86,0.0
2023-06-25,23.6,68,8.23,0.1
2023-06-26,21.9,45,4.84,0.0
2023-06-27,23.6,33,3.86,0.0
2023-06-28,25.2,37,3.7,0.0
2023-06-29,26.3,45,3.64,0.0
2023-06-30,27.6,48,4.02,0.0
2023-07-01,22.4,62,7.06,3.9
2023-07-02,23.5,60,6.87,0.0
2023-07-03,26.8,57,5.89,0.0
2023-07-04,28.9,47,4.29,0.0
2023-07-05,29.2,46,4.42,0.2
2023-07-06,31.4,38,3.68,0.0
2023-07-07,32.8,33,3.5,0.0
2023-07-08,33.7,32,4.42,0.0
2023-07-09,34.1,31,6.47,0.0
2023-07-10,33.7,31,8.55,0.0
2023-07-11,29.1,48,7.15,0.0
2023-07-12,26.3,45,6.68,1.0
2023-07-13,23.8,55,7.4,0.2
2023-07-14,23.2,46,6.61,0.0
2023-07-15,25.9,65,8.25,0.1
2023-07-16,23.1,52,8.79,0.0
2023-07-17,23.1,57,5.63,1.8
2023-07-18,24.2,55,6.3,0.1
2023-07-19,26.7,50,6.7,0.0
2023-07-20,27.3,56,6.0,0.0
2023-07-21,27.3,38,2.78,0.0
2023-07-22,29.4,44,3.29,0.0
2023-07-23,29.2,38,3.65,0.0
2023-07-24,29.1,39,4.26,0.0
2023-07-25,25.1,62,3.48,8.2
2023-07-26,26.0,59,3.62,0.0
2023-07-27,29.2,50,1.73,0.0
2023-07-28,31.6,35,4.23,0.0
2023-07-29,29.3,46,5.4,0.0
2023-07-30,26.4,50,5.69,0.0
2023-07-31,27.2,40,4.03,0.0
2023-08-01,28.1,37,2.83,0.0
2023-08-02,29.8,37,3.2,0.0
2023-08-03,30.8,31,4.38,0.0
2023-08-04,31.1,33,3.98,0.0
2023-08-05,32.2,33,3.32,0.0
2023-08-06,31.9,37,3.6,0.0
2023-08-07,31.0,34,4.78,0.0
2023-08-08,30.1,35,3.57,0.0
2023-08-09,31.0,41,3.22,0.0
2023-08-10,28.9,34,4.04,0.0
2023-08-11,29.7,32,3.06,0.0
2023-08-12,29.4,35,5.14,0.0
2023-08-13,28.4,30,4.69,0.0
2023-08-14,28.3,38,5.1,0.0
2023-08-15,28.0,51,5.79,0.0
2023-08-16,28.3,52,4.53,0.0
2023-08-17,28.0,37,3.46,0.0
2023-08-18,27.4,46,2.82,1.6
2023-08-19,29.1,38,5.06,0.0
2023-08-20,30.4,31,5.31,0.2
2023-08-21,30.5,34,3.41,0.0
2023-08-22,30.1,52,4.55,0.5
2023-08-23,26.3,55,5.32,0.0
2023-08-24,23.1,58,3.77,7.2
2023-08-25,22.5,52,5.02,0.0
2023-08-26,20.6,52,5.92,0.5
2023-08-27,19.2,41,5.11,0.0
2023-08-28,22.1,57,7.92,0.5
2023-08-29,17.0,52,7.96,0.2
2023-08-30,18.4,49,6.29,0.0
2023-08-31,19.9,46,4.37,0.0
2023-09-01,21.2,45,3.43,0.0
2023-09-02,22.7,42,3.42,0.0
2023-09-03,21.9,37,3.3,0.0
2023-09-04,21.5,40,3.2,0.0
2023-09-05,22.7,45,2.65,0.4
2023-09-06,22.2,56,3.36,1.3
2023-09-07,20.3,66,3.28,0.7
2023-09-08,18.1,57,5.73,0.0
2023-09-09,17.2,47,3.46,0.0
2023-09-10,15.3,75,2.71,15.3
2023-09-11,16.0,66,5.83,0.0
2023-09-12,17.8,63,3.6,0.0
2023-09-13,18.6,77,3.27,0.5
2023-09-14,18.2,74,2.26,4.5
2023-09-15,18.8,76,4.09,8.3
2023-09-16,16.9,77,2.51,0.0
2023-09-17,17.2,73,2.93,0.7
2023-09-18,16.9,76,2.59,2.2
2023-09-19,18.1,67,3.21,0.0
2023-09-20,19.3,61,3.05,0.0
2023-09-21,17.0,58,2.93,0.0
2023-09-22,18.0,68,2.98,0.0
2023-09-23,18.6,64,3.63,0.0
2023-09-24,19.2,62,2.64,0.0
2023-09-25,19.2,61,3.83,0.0
2023-09-26,18.5,55,3.26,0.0
2023-09-27,20.7,48,4.0,0.0
2023-09-28,17.9,52,4.3,0.0
2023-09-29,15.8,55,3.59,0.0
2023-09-30,17.8,60,3.26,0.0
2023-10-01,15.8,57,3.17,0.0
2023-10-02,16.3,64,3.05,0.0
2023-10-03,17.6,63,5.75,0.2
2023-10-04,16.7,62,5.15,0.0
2023-10-05,16.4,65,2.19,0.0
2023-10-06,16.3,75,3.95,0.0
2023-10-07,13.7,78,5.44,4.2
2023-10-08,14.4,72,8.84,0.0
2023-10-09,14.0,79,6.97,0.3
2023-10-10,9.0,59,6.96,0.0
2023-10-11,9.4,67,3.08,4.8
2023-10-12,8.1,76,5.57,1.2
2023-10-13,9.1,80,4.89,0.0
2023-10-14,12.6,80,4.02,0.0
2023-10-15,12.4,79,3.73,0.0
2023-10-16,11.8,68,7.72,0.0
2023-10-17,10.5,71,6.5,0.0
2023-10-18,8.2,68,2.78,0.0
2023-10-19,8.1,79,4.2,3.2
2023-10-20,6.3,89,2.86,0.0
2023-10-21,9.7,85,7.49,0.3
2023-10-22,6.7,72,7.64,3.1
2023-10-23,5.7,77,3.72,0.0
2023-10-24,9.8,86,6.14,0.9
2023-10-25,7.8,78,6.96,0.0
2023-10-26,3.4,73,5.18,1.9
2023-10-27,9.1,94,6.04,9.9
2023-10-28,12.1,98,5.6,3.8
2023-10-29,13.5,86,6.99,0.3
2023-10-30,9.0,81,5.91,0.0
2023-10-31,8.2,87,3.41,0.0
2023-11-01,11.3,78,5.11,0.0
2023-11-02,10.8,71,6.73,0.0
2023-11-03,11.2,78,3.12,0.0
2023-11-04,10.2,79,4.93,0.0
2023-11-05,10.1,81,5.37,0.0
2023-11-06,9.3,83,6.43,0.0
2023-11-07,10.3,85,5.99,1.6
2023-11-08,10.4,82,6.65,0.0
2023-11-09,9.3,84,5.18,0.0
2023-11-10,10.3,79,7.31,2.7
2023-11-11,6.9,76,6.71,0.0
2023-11-12,5.5,87,4.91,0.0
2023-11-13,7.9,78,7.3,0.0
2023-11-14,8.0,84,4.25,0.0
2023-11-15,7.5,87,4.73,0.0
2023-11-16,7.6,89,4.38,0.6
2023-11-17,6.4,94,4.11,8.6
2023-11-18,5.2,88,2.92,0.1
2023-11-19,4.8,86,7.7,0.1
2023-11-20,7.4,79,11.78,0.1
2023-11-21,6.5,88,6.36,9.0
2023-11-22,0.7,86,12.51,5.5
2023-11-23,-2.4,86,4.46,3.1
2023-11-24,-0.7,83,7.08,0.0
2023-11-25,6.8,88,7.0,0.1
2023-11-26,6.5,84,7.81,0.0
2023-11-27,5.1,95,5.0,0.5
2023-11-28,3.9,81,6.7,0.6
2023-11-29,2.0,83,3.78,0.0
2023-11-30,3.4,82,6.71,0.0
2023-12-01,5.0,92,4.07,0.0
2023-12-02,6.5,93,7.67,0.3
2023-12-03,6.3,95,4.07,0.0
2023-12-04,6.9,96,3.73,0.0
2023-12-05,3.3,89,5.89,0.5
2023-12-06,-2.7,76,4.71,0.0
2023-12-07,-3.1,76,7.48,0.0
2023-12-08,-3.7,72,5.48,0.0
2023-12-09,-5.9,71,7.69,0.0
2023-12-10,-5.9,62,9.83,0.0
2023-12-11,-9.5,53,8.35,0.0
2023-12-12,-14.6,63,11.98,0.0
2023-12-13,-11.2,62,12.67,0.0
2023-12-14,-7.2,48,9.23,0.0
2023-12-15,-7.4,48,5.9,0.0
2023-12-16,-5.5,77,3.76,0.1
2023-12-17,-3.7,94,3.91,7.1
2023-12-18,-3.0,89,6.82,1.0
2023-12-19,1.2,94,6.5,1.0
2023-12-20,2.2,94,5.54,0.0
2023-12-21,3.5,85,7.38,0.0
2023-12-22,2.4,89,8.06,0.0
2023-12-23,2.9,94,3.2,0.0
2023-12-24,1.7,96,4.83,2.2
2023-12-25,0.3,87,6.42,1.1
2023-12-26,1.1,92,7.55,3.7
2023-12-27,3.2,89,8.43,3.3
2023-12-28,2.5,87,11.13,4.0
2023-12-29,-0.7,84,8.61,0.3
2023-12-30,2.5,86,6.66,0.1
2023-12-31,2.2,93,4.8,0.0
2024-01-01,3.0,87,6.86,0.0
2024-01-02,0.8,91,4.75,0.0
2024-01-03,1.0,90,6.2,0.4
2024-01-04,0.4,87,4.89,0.2
2024-01-05,1.7,95,4.09,2.1
2024-01-06,1.4,96,4.76,1.2
2024-01-07,-0.2,90,6.11,0.0
2024-01-08,-6.2,72,6.53,0.0
2024-01-09,-5.9,77,5.19,3.6
2024-01-10,-11.0,82,8.21,2.3
2024-01-11,-11.6,82,5.89,0.4
2024-01-12,-0.2,91,7.9,0.9
2024-01-13,-10.5,75,7.61,1.9
2024-01-14,-14.1,71,3.8,0.0
2024-01-15,-10.9,81,6.59,0.0
2024-01-16,-8.4,80,7.57,0.0
2024-01-17,-4.6,85,6.42,0.4
2024-01-18,-5.4,88,2.48,0.0
2024-01-19,-4.7,87,7.29,0.0
2024-01-20,-2.4,81,8.42,0.0
2024-01-21,-0.6,85,4.26,0.1
2024-01-22,-4.8,83,8.53,1.8
2024-01-23,-13.9,77,6.68,0.0
2024-01-24,-12.3,77,3.69,0.0
2024-01-25,-11.5,85,2.69,0.0
2024-01-26,-8.5,80,6.07,0.0
2024-01-27,-6.5,80,5.64,0.0
2024-01-28,-6.1,71,5.42,0.0
2024-01-29,-9.0,76,4.69,0.0
2024-01-30,-9.6,77,4.69,0.0
2024-01-31,-2.7,84,6.75,0.9
2024-02-01,-4.1,90,5.05,0.0
2024-02-02,-1.3,91,6.0,0.0
2024-02-03,0.3,90,6.03,0.1
2024-02-04,-0.5,88,7.67,1.6
2024-02-05,1.9,90,8.02,1.3
2024-02-06,0.5,90,9.11,5.7
2024-02-07,-0.8,80,9.4,0.1
2024-02-08,3.5,84,8.48,0.2
2024-02-09,2.1,84,4.94,1.0
2024-02-10,-1.9,91,5.11,8.5
2024-02-11,-3.9,89,6.23,8.0
2024-02-12,-0.4,95,5.7,0.7
2024-02-13,1.3,90,4.54,0.0
2024-02-14,2.7,91,5.68,0.0
2024-02-15,-3.2,79,8.79,0.0
2024-02-16,-12.0,54,9.7,0.0
2024-02-17,-9.4,56,8.53,0.0
2024-02-18,-8.1,58,5.82,0.0
2024-02-19,-8.4,65,5.04,0.0
2024-02-20,-5.7,69,4.98,0.6
2024-02-21,-6.8,65,3.48,0.0
2024-02-22,-8.3,73,3.1,0.0
2024-02-23,-7.7,59,3.83,0.0
2024-02-24,-7.5,66,3.82,0.0
2024-02-25,-7.4,68,3.68,0.0
2024-02-26,-6.2,62,3.31,0.0
2024-02-27,-4.8,65,3.75,0.0
2024-02-28,-2.3,75,4.2,0.0
2024-02-29,-0.4,70,3.04,0.0
2024-03-01,1.1,71,2.18,0.0
2024-03-02,0.1,74,4.26,0.0
2024-03-03,-1.3,79,5.83,0.0
2024-03-04,-2.0,77,4.06,0.0
2024-03-05,-1.0,75,3.21,0.0
2024-03-06,0.6,76,3.38,0.0
2024-03-07,-1.3,81,5.81,0.0
2024-03-08,-2.7,76,4.91,0.0
2024-03-09,-3.3,82,3.7,0.0
2024-03-10,-0.6,82,4.53,0.0
2024-03-11,-0.1,82,6.77,0.8
2024-03-12,-3.0,72,5.95,0.0
2024-03-13,-1.2,72,3.82,0.0
2024-03-14,-0.2,76,4.64,0.0
2024-03-15,1.9,67,8.28,0.0
2024-03-16,3.2,66,8.94,0.7
2024-03-17,2.5,85,6.67,4.0
2024-03-18,1.8,94,6.55,1.2
2024-03-19,2.1,90,2.87,0.0
2024-03-20,2.9,85,5.71,0.0
2024-03-21,1.2,87,3.7,0.0
2024-03-22,2.1,93,2.24,0.0
2024-03-23,3.1,90,2.22,0.6
2024-03-24,6.0,86,3.64,0.3
2024-03-25,7.4,86,3.99,0.5
2024-03-26,7.9,95,5.99,11.6
2024-03-27,6.3,85,10.06,6.0
2024-03-28,5.0,71,9.27,0.3
2024-03-29,4.9,67,5.89,0.0
2024-03-30,5.9,73,3.34,0.0
2024-03-31,8.4,73,3.86,0.0
2024-04-01,10.0,70,2.24,0.0
2024-04-02,10.9,65,3.02,0.0
2024-04-03,11.7,64,5.85,0.0
2024-04-04,12.1,67,6.51,0.0
2024-04-05,10.5,87,2.22,0.0
2024-04-06,10.6,89,3.08,0.0
2024-04-07,10.4,75,4.52,0.0
2024-04-08,10.5,74,3.77,0.0
2024-04-09,12.6,75,4.88,0.0
2024-04-10,14.8,68,3.01,0.0
2024-04-11,16.0,61,5.1,0.0
2024-04-12,13.5,66,5.4,0.0
2024-04-13,16.2,71,7.23,0.0
2024-04-14,15.3,66,2.3,0.1
2024-04-15,15.7,82,5.61,8.7
2024-04-16,16.7,76,8.37,0.4
2024-04-17,18.3,65,6.39,0.0
2024-04-18,21.2,54,6.68,0.0
2024-04-19,22.1,52,7.44,0.0
2024-04-20,23.7,45,6.1,0.0
2024-04-21,23.6,45,6.16,0.0
2024-04-22,23.3,39,4.49,0.0
2024-04-23,21.3,47,5.49,1.3
2024-04-24,19.4,51,6.54,0.0
2024-04-25,18.7,53,5.23,0.0
2024-04-26,20.7,56,4.78,0.0
2024-04-27,20.3,47,6.03,0.0
2024-04-28,19.6,44,5.43,0.0
2024-04-29,20.9,45,4.35,0.0
2024-04-30,18.2,61,5.58,0.0
2024-05-01,15.8,47,3.2,0.0
2024-05-02,18.4,45,3.4,0.0
2024-05-03,17.0,39,3.2,0.0
2024-05-04,11.7,45,6.29,0.0
2024-05-05,10.5,38,4.64,0.0
2024-05-06,13.8,39,2.47,0.0
2024-05-07,16.8,50,3.54,0.4
2024-05-08,14.1,86,7.4,30.3
2024-05-09,12.1,56,6.24,0.0
2024-05-10,11.4,67,3.7,1.4
2024-05-11,15.1,61,3.67,0.0
2024-05-12,18.6,68,4.65,0.0
2024-05-13,12.8,73,6.68,0.0
2024-05-14,14.3,58,4.67,0.0
2024-05-15,13.0,67,5.07,1.7
2024-05-16,14.5,68,4.83,0.0
2024-05-17,14.1,59,3.07,0.0
2024-05-18,15.8,57,5.2,1.0
2024-05-19,16.9,51,5.36,0.1
2024-05-20,17.5,50,3.75,0.0
2024-05-21,18.0,44,3.76,0.0
2024-05-22,20.2,43,2.96,0.0
2024-05-23,22.1,43,2.72,0.0
2024-05-24,18.4,41,8.76,0.6
2024-05-25,15.3,37,3.97,0.0
2024-05-26,17.9,44,2.62,0.0
2024-05-27,21.0,38,2.97,0.0
2024-05-28,20.9,38,4.45,0.0
2024-05-29,22.7,39,5.24,0.0
2024-05-30,25.0,34,4.88,0.0
2024-05-31,26.9,29,5.83,0.0
2024-06-01,25.7,41,5.32,0.0
2024-06-02,27.6,40,4.73,0.0
2024-06-03,26.7,60,3.77,0.4
2024-06-04,26.8,63,3.79,0.3
2024-06-05,27.9,54,5.71,0.0
2024-06-06,28.5,52,4.93,0.0
2024-06-07,28.3,56,6.14,0.1
2024-06-08,26.9,49,7.14,0.0
2024-06-09,26.9,47,4.75,0.0
2024-06-10,28.6,41,2.88,0.0
2024-06-11,29.6,37,6.41,0.1
2024-06-12,28.2,47,5.3,0.0
2024-06-13,28.7,40,5.8,0.0
2024-06-14,29.9,34,4.86,0.0
2024-06-15,31.1,38,4.7,0.0
2024-06-16,30.8,49,2.98,0.0
2024-06-17,32.1,39,3.21,0.3
2024-06-18,33.3,36,2.89,0.0
2024-06-19,32.6,41,3.42,0.8
2024-06-20,29.4,38,5.1,0.0
2024-06-21,27.7,49,4.71,0.2
2024-06-22,21.7,56,8.64,0.8
2024-06-23,22.7,55,8.89,0.0
2024-06-24,23.7,42,5.72,0.0
2024-06-25,24.6,72,6.04,40.6
2024-06-26,21.7,81,3.13,13.8
2024-06-27,20.4,60,4.39,0.4
2024-06-28,22.2,59,5.46,2.7
2024-06-29,21.0,63,5.31,0.0
2024-06-30,21.3,53,4.38,0.0
2024-07-01,23.1,48,3.61,0.0
2024-07-02,26.3,56,5.66,0.0
2024-07-03,27.2,49,3.73,0.0
2024-07-04,29.6,47,2.5,0.0
2024-07-05,31.3,37,4.37,0.0
2024-07-06,31.7,36,3.02,0.1
2024-07-07,32.6,35,4.07,0.3
2024-07-08,31.3,39,3.6,0.0
2024-07-09,30.9,35,4.66,0.0
2024-07-10,27.6,35,5.32,0.0
2024-07-11,28.2,40,6.45,0.0
2024-07-12,27.4,38,8.12,0.0
2024-07-13,23.5,45,9.61,0.0
2024-07-14,26.2,51,6.69,0.0
2024-07-15,28.7,46,5.23,0.0
2024-07-16,28.8,45,3.16,0.0
2024-07-17,27.7,47,3.94,0.0
2024-07-18,29.3,41,2.0,0.0
2024-07-19,30.6,44,3.85,0.0
2024-07-20,30.3,43,2.97,0.0
2024-07-21,30.6,52,3.94,0.0
2024-07-22,30.0,47,2.59,0.0
2024-07-23,30.1,43,3.35,0.1
2024-07-24,26.3,61,5.07,4.4
2024-07-25,23.2,65,7.74,0.4
2024-07-26,24.9,52,4.3,0.0
2024-07-27,24.5,40,5.19,0.0
2024-07-28,24.4,41,4.41,0.0
2024-07-29,26.3,53,5.71,0.0
2024-07-30,26.7,56,5.36,0.0
2024-07-31,27.2,52,4.0,0.0
2024-08-01,26.6,45,4.91,0.0
2024-08-02,26.9,44,4.95,0.0
2024-08-03,27.5,59,5.68,2.0
2024-08-04,27.6,60,3.42,0.0
2024-08-05,29.5,58,3.09,0.0
2024-08-06,30.5,46,1.65,0.0
2024-08-07,30.5,41,4.32,0.0
2024-08-08,28.3,45,3.63,0.0
2024-08-09,28.0,47,4.06,0.0
2024-08-10,27.2,44,4.76,0.0
2024-08-11,26.7,44,5.08,0.0
2024-08-12,25.8,72,7.33,0.0
2024-08-13,23.4,49,6.31,0.0
2024-08-14,24.2,51,6.84,0.6
2024-08-15,23.1,45,6.25,0.0
2024-08-16,22.8,41,4.72,0.0
2024-08-17,22.3,38,4.72,0.0
2024-08-18,23.2,44,4.05,0.0
2024-08-19,25.3,54,3.9,0.0
2024-08-20,26.7,45,2.69,0.0
2024-08-21,27.1,43,4.55,0.0
2024-08-22,27.2,46,3.46,0.0
2024-08-23,23.3,40,5.14,0.0
2024-08-24,23.6,41,3.49,0.0
2024-08-25,24.0,39,3.1,0.0
2024-08-26,25.7,43,2.45,0.0
2024-08-27,25.5,41,5.66,0.0
2024-08-28,24.2,37,4.59,0.0
2024-08-29,24.2,40,3.16,0.0
2024-08-30,25.9,40,2.84,0.0
2024-08-31,25.7,36,6.47,0.0
2024-09-01,23.7,35,7.46,0.0
2024-09-02,22.0,35,8.0,0.0
2024-09-03,21.7,34,6.74,0.0
2024-09-04,23.8,27,4.4,0.0
2024-09-05,21.6,40,7.77,0.0
2024-09-06,17.3,40,4.92,0.0
2024-09-07,18.5,40,1.81,0.0
2024-09-08,19.7,45,2.79,0.0
2024-09-09,21.1,48,4.66,0.0
2024-09-10,20.7,47,5.84,0.0
2024-09-11,22.9,38,7.04,0.0
2024-09-12,22.3,38,6.94,0.0
2024-09-13,22.1,37,7.24,0.0
2024-09-14,21.2,38,7.06,0.0
2024-09-15,21.3,41,5.17,0.0
2024-09-16,21.4,37,5.51,0.0
2024-09-17,18.2,37,7.31,0.0
2024-09-18,16.0,33,5.76,0.0
2024-09-19,16.4,32,3.95,0.0
2024-09-20,17.0,34,2.43,0.0
2024-09-21,18.2,47,2.75,0.0
2024-09-22,18.1,53,2.7,0.0
2024-09-23,19.4,59,3.61,0.0
2024-09-24,17.6,57,7.9,1.2
2024-09-25,17.0,53,5.45,2.2
2024-09-26,14.5,40,5.17,0.0
2024-09-27,14.5,42,5.32,0.0
2024-09-28,14.8,42,5.1,0.0
2024-09-29,17.2,40,5.87,0.0
2024-09-30,19.1,34,6.29,0.0
2024-10-01,17.4,35,5.42,0.0
2024-10-02,17.1,33,5.21,0.0
2024-10-03,16.7,41,6.42,0.0
2024-10-04,16.8,40,3.95,0.0
2024-10-05,16.8,37,3.03,0.0
2024-10-06,16.6,45,2.03,0.0
2024-10-07,17.3,54,4.34,0.0
2024-10-08,17.1,51,5.86,0.0
2024-10-09,15.3,67,5.43,2.9
2024-10-10,13.7,79,6.48,1.4
2024-10-11,12.0,71,4.87,0.0
2024-10-12,7.6,66,5.46,0.0
2024-10-13,3.2,58,7.07,0.0
2024-10-14,3.0,58,5.13,0.0
2024-10-15,4.3,53,3.43,0.0
2024-10-16,7.2,61,5.23,0.0
2024-10-17,9.5,59,6.83,0.9
2024-10-18,9.6,71,8.17,7.6
2024-10-19,7.9,91,3.96,1.8
2024-10-20,7.9,82,5.82,0.0
2024-10-21,8.7,86,6.25,0.0
2024-10-22,7.8,87,4.62,0.0
2024-10-23,7.9,85,6.65,0.2
2024-10-24,10.9,76,6.4,0.0
2024-10-25,8.2,82,3.68,0.2
2024-10-26,8.0,83,3.14,0.0
2024-10-27,6.1,74,5.7,0.2
2024-10-28,6.7,79,4.57,0.5
2024-10-29,7.3,89,1.69,1.2
2024-10-30,8.1,89,4.43,2.9
2024-10-31,6.8,84,5.0,0.0
2024-11-01,8.6,85,6.01,4.2
2024-11-02,11.5,82,10.79,0.4
2024-11-03,7.1,84,5.93,1.9
2024-11-04,2.8,74,5.26,0.0
2024-11-05,4.3,85,9.38,10.3
2024-11-06,0.3,72,11.4,0.2
2024-11-07,1.9,81,4.14,1.0
2024-11-08,2.3,81,4.45,0.1
2024-11-09,3.3,78,2.35,0.0
2024-11-10,5.0,89,5.89,0.0
2024-11-11,4.8,86,3.2,0.0
2024-11-12,1.1,82,3.78,0.0
2024-11-13,-0.5,77,2.33,0.0
2024-11-14,2.3,81,2.45,0.0
2024-11-15,3.3,84,3.72,0.0
2024-11-16,4.1,82,3.95,0.3
2024-11-17,4.4,89,3.46,5.8
2024-11-18,3.0,89,2.64,0.0
2024-11-19,2.8,94,1.99,0.0
2024-11-20,4.6,92,2.53,0.0
2024-11-21,4.6,87,7.27,0.0
2024-11-22,3.5,87,8.91,0.0
2024-11-23,3.2,86,8.15,0.0
2024-11-24,2.2,84,9.08,0.0
2024-11-25,1.3,79,5.91,0.0
2024-11-26,0.7,81,5.87,0.0
2024-11-27,2.5,80,6.62,2.0
2024-11-28,2.4,84,4.8,0.3
2024-11-29,1.3,80,4.5,0.0
2024-11-30,-1.3,88,5.63,0.0
2024-12-01,-1.6,85,4.46,0.0
2024-12-02,-2.4,86,1.72,0.0
2024-12-03,-2.3,83,2.4,0.0
2024-12-04,-1.2,81,4.27,0.0
2024-12-05,-1.2,80,3.04,0.0
2024-12-06,-3.0,80,4.5,0.0
2024-12-07,-3.6,68,6.15,0.0
2024-12-08,-3.7,77,8.32,0.0
2024-12-09,-3.9,76,7.96,0.0
2024-12-10,-5.2,82,6.69,0.0
2024-12-11,-2.0,84,5.0,0.0
2024-12-12,0.6,92,5.08,1.0
2024-12-13,-0.3,85,6.61,0.4
2024-12-14,-3.9,78,8.81,0.8
2024-12-15,-4.0,76,7.69,0.0
2024-12-16,0.1,84,8.56,2.4
2024-12-17,0.3,92,8.85,4.0
2024-12-18,1.2,90,8.53,3.4
2024-12-19,-3.9,74,10.55,0.4
2024-12-20,-4.9,78,3.86,0.0
2024-12-21,-1.4,82,5.99,0.0
2024-12-22,-2.1,85,8.19,0.0
2024-12-23,-2.5,82,7.74,0.0
2024-12-24,-0.8,89,3.47,0.0
2024-12-25,-1.5,83,3.97,0.0
2024-12-26,-3.2,80,4.38,0.0
2024-12-27,-2.1,79,5.86,0.0
2024-12-28,-0.9,79,6.64,0.0
2024-12-29,-0.4,83,4.94,0.0
2024-12-30,-2.7,90,1.71,0.0
2024-12-31,-1.8,95,4.11,0.0
2025-01-01,0.4,92,6.47,0.1
2025-01-02,0.8,91,7.64,0.0
2025-01-03,2.3,87,6.1,0.0
2025-01-04,0.8,98,4.74,0.0
2025-01-05,0.5,88,4.74,0.0
2025-01-06,-1.9,79,2.26,0.0
2025-01-07,-2.4,77,2.52,0.0
2025-01-08,-3.2,84,6.6,0.0
2025-01-09,-1.9,83,6.92,0.0
2025-01-10,-1.5,88,3.79,0.0
2025-01-11,-1.3,79,6.22,0.0
2025-01-12,-2.0,84,6.12,0.0
2025-01-13,-0.8,92,3.25,0.0
2025-01-14,-0.4,94,2.56,0.6
2025-01-15,-4.0,85,4.69,0.0
2025-01-16,-1.7,90,6.34,1.1
2025-01-17,-0.9,93,4.56,0.4
2025-01-18,0.3,97,4.4,3.9
2025-01-19,0.2,96,2.71,0.1
2025-01-20,0.4,96,5.03,0.9
2025-01-21,-1.1,77,8.52,0.6
2025-01-22,-7.3,64,5.82,0.0
2025-01-23,-11.2,67,8.5,0.0
2025-01-24,-7.5,73,8.99,0.0
2025-01-25,-3.1,88,2.09,0.0
2025-01-26,-3.7,83,2.63,0.0
2025-01-27,-2.7,84,2.13,0.0
2025-01-28,-3.4,96,3.49,0.0
2025-01-29,-1.9,91,2.26,0.0
2025-01-30,-2.9,90,1.92,0.0
2025-01-31,-2.2,91,1.93,0.0
2025-02-01,-1.6,90,3.89,0.0
2025-02-02,-1.7,89,5.78,0.0
2025-02-03,-1.1,91,4.53,0.0
2025-02-04,-0.5,85,5.28,0.0
2025-02-05,-4.2,81,4.6,0.0
2025-02-06,-3.7,78,6.24,0.0
2025-02-07,-5.7,71,7.89,0.0
2025-02-08,-7.8,68,6.99,0.0
2025-02-09,-7.6,73,4.69,0.0
2025-02-10,-6.5,74,3.95,0.0
2025-02-11,-4.3,77,3.8,0.0
2025-02-12,-3.8,79,2.7,0.0
2025-02-13,-4.2,86,1.31,0.0
2025-02-14,-2.8,89,1.87,0.0
2025-02-15,-2.5,84,2.39,0.0
2025-02-16,-0.3,93,5.47,0.2
2025-02-17,-4.1,82,4.14,2.2
2025-02-18,-7.2,74,5.66,0.3
2025-02-19,-9.4,79,6.6,3.9
2025-02-20,-8.8,88,6.53,1.5
2025-02-21,-6.3,94,7.22,8.3
2025-02-22,-7.9,86,7.19,2.4
2025-02-23,-8.9,82,5.75,0.0
2025-02-24,-9.5,91,4.5,0.0
2025-02-25,-9.2,82,3.06,0.0
2025-02-26,-9.8,82,2.42,0.0
2025-02-27,-10.2,83,3.1,0.3
2025-02-28,-10.5,86,5.54,0.7
2025-03-01,-10.1,86,4.78,1.3
2025-03-02,-9.9,88,5.6,2.8
2025-03-03,-10.4,85,2.76,0.0
2025-03-04,-4.8,90,4.07,0.0
2025-03-05,-0.1,92,10.33,5.4
2025-03-06,1.1,90,8.79,3.5
2025-03-07,3.5,88,7.17,0.0
2025-03-08,4.1,82,5.73,0.0
2025-03-09,1.0,82,2.94,0.0
2025-03-10,0.7,84,2.94,0.0
2025-03-11,2.5,86,4.74,0.0
2025-03-12,4.8,84,5.05,0.0
2025-03-13,5.9,82,5.43,0.1
2025-03-14,7.7,76,3.93,0.0
2025-03-15,7.6,72,4.1,0.0
2025-03-16,9.1,74,5.49,0.0
2025-03-17,9.5,70,4.76,0.0
2025-03-18,10.7,74,2.59,0.0
2025-03-19,9.9,79,6.3,0.0
2025-03-20,6.8,71,5.83,0.2
2025-03-21,6.0,66,3.06,0.0
2025-03-22,7.1,71,5.08,2.1
2025-03-23,7.3,68,6.66,0.9
2025-03-24,7.2,61,5.89,0.6
2025-03-25,5.9,66,3.26,0.0
2025-03-26,6.1,64,4.17,0.0
2025-03-27,5.8,68,3.1,0.0
2025-03-28,6.8,71,2.32,0.0
2025-03-29,9.4,70,3.31,0.0
2025-03-30,13.5,60,6.29,0.2
2025-03-31,15.4,55,8.73,0.0
2025-04-01,13.5,64,8.9,0.0
2025-04-02,14.3,76,6.97,0.0
2025-04-03,14.7,77,4.43,4.4
2025-04-04,13.8,68,4.2,0.0
2025-04-05,14.4,75,4.9,0.0
2025-04-06,12.4,87,5.7,23.0
2025-04-07,13.6,81,4.85,0.0
2025-04-08,15.4,75,5.23,0.0
2025-04-09,12.1,67,7.73,0.0
2025-04-10,8.5,70,6.09,1.5
2025-04-11,6.4,74,5.98,1.8
2025-04-12,7.6,60,3.77,0.0
2025-04-13,11.1,62,3.71,0.0
2025-04-14,13.0,63,2.56,0.0
2025-04-15,12.3,55,6.06,0.0
2025-04-16,11.7,51,4.96,0.0
2025-04-17,14.3,49,3.59,0.0
2025-04-18,15.7,49,2.94,0.0
2025-04-19,16.9,53,3.7,0.0
2025-04-20,17.5,54,3.27,0.0
2025-04-21,19.6,37,5.56,0.0
2025-04-22,20.0,47,6.62,0.2
2025-04-23,20.1,49,6.42,1.6
2025-04-24,19.4,59,6.3,0.1
2025-04-25,18.9,61,3.18,0.0
2025-04-26,20.0,64,3.65,0.5
2025-04-27,17.9,77,5.42,2.3
2025-04-28,9.7,50,8.79,0.0
2025-04-29,8.0,41,3.92,0.0
2025-04-30,10.7,47,4.09,0.3
2025-05-01,14.7,49,2.88,0.0
2025-05-02,17.4,50,6.86,0.0
2025-05-03,18.0,59,5.09,0.7
2025-05-04,15.8,44,2.71,0.0
2025-05-05,16.4,55,6.6,1.8
2025-05-06,18.9,62,3.34,0.3
2025-05-07,20.9,57,4.98,0.0
2025-05-08,20.4,49,4.6,0.0
2025-05-09,20.2,65,6.05,0.1
2025-05-10,20.1,60,3.52,0.7
2025-05-11,23.9,57,2.86,0.0
2025-05-12,21.1,57,8.0,0.3
2025-05-13,21.9,52,4.07,0.2
2025-05-14,22.8,55,6.69,0.2
2025-05-15,19.6,51,3.64,0.0
2025-05-16,19.7,40,7.01,0.5
2025-05-17,20.3,36,4.56,0.0
2025-05-18,21.4,34,3.74,0.0
2025-05-19,21.6,56,6.09,0.3
2025-05-20,18.4,58,6.91,0.0
2025-05-21,19.0,61,4.45,0.8
2025-05-22,18.9,55,7.66,0.0
2025-05-23,21.5,49,5.2,0.0
2025-05-24,22.4,37,4.35,0.0
2025-05-25,21.8,29,4.96,0.0
2025-05-26,19.8,29,6.65,0.0
2025-05-27,20.2,32,5.86,0.0
2025-05-28,24.1,31,6.1,0.0
2025-05-29,26.3,31,4.63,0.0
2025-05-30,27.1,29,5.28,0.0
2025-05-31,27.7,32,6.9,0.0
2025-06-01,27.5,44,5.28,0.0
2025-06-02,26.1,41,4.24,0.0
2025-06-03,24.7,30,5.63,0.0
2025-06-04,23.7,31,3.78,0.0
2025-06-05,25.8,50,6.56,0.0
2025-06-06,20.9,59,3.89,0.1
2025-06-07,24.3,56,2.15,0.9
2025-06-08,25.7,57,1.87,1.7
2025-06-09,25.4,60,3.32,0.6
2025-06-10,26.1,57,3.3,0.0
2025-06-11,25.4,61,5.25,0.1
2025-06-12,25.6,60,6.18,0.0
2025-06-13,26.5,64,5.82,0.0
2025-06-14,28.3,46,2.59,0.0
2025-06-15,26.1,50,4.76,0.4
2025-06-16,22.7,65,2.9,3.8
2025-06-17,23.0,55,6.17,0.0
2025-06-18,22.2,61,7.1,0.1
2025-06-19,21.5,65,8.05,1.6
2025-06-20,22.8,64,8.97,0.7
2025-06-21,22.8,55,6.22,1.7
2025-06-22,22.1,45,6.27,0.0
2025-06-23,21.9,51,5.28,0.0
2025-06-24,20.0,71,3.82,6.3
2025-06-25,20.7,66,5.0,0.2
2025-06-26,23.4,70,7.03,1.1
2025-06-27,22.9,61,8.96,1.8
2025-06-28,20.6,53,9.13,0.0
2025-06-29,22.6,46,3.12,0.0
2025-06-30,25.5,50,4.26,0.0
2025-07-01,26.2,52,6.01,0.0
2025-07-02,24.5,44,4.64,0.5
2025-07-03,25.0,45,4.92,0.0
2025-07-04,26.1,39,4.9,0.0
2025-07-05,26.8,45,4.37,0.0
2025-07-06,28.2,44,5.36,0.0
2025-07-07,27.1,31,5.1,0.0
2025-07-08,26.6,30,6.24,0.0
2025-07-09,28.8,29,5.28,0.0
2025-07-10,29.8,33,3.79,0.0
2025-07-11,31.2,33,4.31,0.0
2025-07-12,32.8,33,3.41,0.0
2025-07-13,32.4,34,3.27,0.0
2025-07-14,30.5,31,3.07,0.0
2025-07-15,29.7,52,2.85,0.0
2025-07-16,29.3,48,2.4,0.0
2025-07-17,28.8,50,2.42,0.7
2025-07-18,29.0,53,4.5,0.0
2025-07-19,30.8,40,2.69,0.0
2025-07-20,31.4,29,4.1,0.0
2025-07-21,31.3,35,8.22,0.0
2025-07-22,30.3,54,4.55,0.0
2025-07-23,27.4,58,5.35,0.0
2025-07-24,28.8,54,6.08,1.4
2025-07-25,27.6,52,5.87,0.1
2025-07-26,26.9,48,6.72,0.0
2025-07-27,23.4,36,3.8,0.0
2025-07-28,24.3,39,4.47,0.0
2025-07-29,26.3,39,4.37,0.0
2025-07-30,27.8,41,4.44,0.0
2025-07-31,28.5,38,4.09,0.0
2025-08-01,27.6,38,3.29,0.0
2025-08-02,29.1,49,2.13,0.0
2025-08-03,31.3,36,3.51,0.0
2025-08-04,30.7,43,5.13,0.0
2025-08-05,28.7,43,5.98,0.0
2025-08-06,28.5,52,4.69,0.0
2025-08-07,29.1,44,3.64,0.0
2025-08-08,29.4,41,4.01,0.0
2025-08-09,28.8,42,4.71,0.0
2025-08-10,25.8,41,4.86,0.0
2025-08-11,25.4,42,5.6,0.0
2025-08-12,24.1,60,4.86,0.6
2025-08-13,22.8,50,7.11,0.0
2025-08-14,23.1,53,7.67,0.0
2025-08-15,22.8,44,5.76,0.4
2025-08-16,22.8,51,5.54,0.0
2025-08-17,24.4,43,4.05,0.0
2025-08-18,24.9,55,3.63,0.0
2025-08-19,25.2,61,5.7,0.0
2025-08-20,22.5,46,4.07,0.0
2025-08-21,23.4,58,3.16,1.1
2025-08-22,24.5,52,3.49,1.9
2025-08-23,25.3,51,3.65,0.0
2025-08-24,26.3,44,5.91,0.0
2025-08-25,25.8,56,3.62,0.0
2025-08-26,26.7,53,4.67,0.0
2025-08-27,24.9,43,6.39,0.0
2025-08-28,24.5,31,5.9,0.5
2025-08-29,24.9,30,5.04,0.0
2025-08-30,24.6,33,3.86,0.0
2025-08-31,25.7,33,6.6,0.0
2025-09-01,25.4,42,5.63,0.0
2025-09-02,26.4,43,5.61,0.0
2025-09-03,26.5,45,7.29,0.0
2025-09-04,24.8,59,4.9,0.4
2025-09-05,20.6,55,6.32,0.1
2025-09-06,19.9,60,5.7,0.0
2025-09-07,22.3,56,4.83,0.0
2025-09-08,22.4,49,4.2,0.0
2025-09-09,22.6,43,2.35,0.0
2025-09-10,20.1,42,6.51,0.0
2025-09-11,19.2,41,5.07,0.0
2025-09-12,18.3,53,2.92,0.6
2025-09-13,17.5,61,5.26,0.2
2025-09-14,16.1,37,5.24,0.0
2025-09-15,15.9,40,4.04,0.0
2025-09-16,16.3,40,3.15,0.0
2025-09-17,17.8,40,2.82,0.0
2025-09-18,18.0,45,4.52,0.0
2025-09-19,19.0,42,5.69,0.0
2025-09-20,17.5,55,5.04,0.8
2025-09-21,16.9,65,4.05,0.7
2025-09-22,18.3,58,3.95,0.0
2025-09-23,19.6,58,3.34,0.0
2025-09-24,20.0,62,3.75,0.0
2025-09-25,19.7,68,2.65,0.0
2025-09-26,15.2,64,6.43,0.0
2025-09-27,10.7,49,5.14,0.0
2025-09-28,11.3,46,1.35,0.0
2025-09-29,12.6,45,4.11,0.0
2025-09-30,9.9,49,8.37,0.0
2025-10-01,8.3,51,4.96,0.0
2025-10-02,10.5,40,2.52,0.0
2025-10-03,11.7,52,2.68,0.0
2025-10-04,13.0,48,4.91,0.0
2025-10-05,12.7,45,7.51,0.0
2025-10-06,13.3,47,6.57,0.0
2025-10-07,13.6,41,5.12,0.0
2025-10-08,13.4,37,6.46,0.0
2025-10-09,13.5,36,7.71,0.0
2025-10-10,14.1,38,9.55,0.4
2025-10-11,13.8,78,5.79,0.0
2025-10-12,13.7,76,4.98,0.0
2025-10-13,15.1,70,3.97,0.4
2025-10-14,15.3,74,5.6,1.2
2025-10-15,13.1,69,4.97,0.0
2025-10-16,10.8,62,4.05,0.0
2025-10-17,9.1,65,4.18,0.0
2025-10-18,9.8,66,2.53,0.0
2025-10-19,10.6,61,5.44,0.0
2025-10-20,11.3,56,8.46,2.6
2025-10-21,10.0,65,6.04,0.2
2025-10-22,9.4,79,3.33,0.0
2025-10-23,9.4,73,3.36,0.0
2025-10-24,11.3,66,3.19,0.1
2025-10-25,10.9,63,3.62,0.0
2025-10-26,12.2,60,5.69,0.0
2025-10-27,11.5,76,5.13,4.0
2025-10-28,10.0,93,2.79,0.0
2025-10-29,11.2,86,4.82,0.8
2025-10-30,10.7,82,6.05,0.1
2025-10-31,9.0,84,4.14,0.2
2025-11-01,9.7,88,5.38,1.5
2025-11-02,8.0,81,6.55,0.0
2025-11-03,5.9,77,6.18,0.4
2025-11-04,3.4,67,3.71,0.0
2025-11-05,4.4,71,7.06,0.0
2025-11-06,4.2,66,5.35,0.0
2025-11-07,4.6,74,3.58,0.0
2025-11-08,5.7,86,3.17,0.0
2025-11-09,7.7,85,4.29,0.0
2025-11-10,7.1,90,4.15,0.2
2025-11-11,8.5,91,3.38,1.7
2025-11-12,6.9,87,4.68,0.1
2025-11-13,7.3,84,5.01,0.0
2025-11-14,5.1,90,2.26,0.0
2025-11-15,3.5,97,2.54,0.0
2025-11-16,6.0,91,3.21,0.0
2025-11-17,6.0,82,2.22,0.0
2025-11-18,4.8,88,2.1,0.0
2025-11-19,5.8,88,4.11,0.0
2025-11-20,9.7,86,4.89,0.3
2025-11-21,9.1,82,3.28,0.0
2025-11-22,7.3,78,4.38,0.0
2025-11-23,6.1,84,3.28,0.0
2025-11-24,6.1,81,3.42,0.0
2025-11-25,7.5,75,4.36,0.0
2025-11-26,6.9,83,5.39,0.0
2025-11-27,2.9,79,4.32,0.0
2025-11-28,1.4,82,2.69,0.0
2025-11-29,1.3,87,2.62,0.0
2025-11-30,1.6,89,3.74,0.0
2025-12-01,2.6,85,4.9,0.0
2025-12-02,3.5,83,5.45,0.0
2025-12-03,3.6,79,2.86,0.0
2025-12-04,3.7,81,1.83,0.0
2025-12-05,2.8,84,1.94,0.0
2025-12-06,1.3,82,2.74,0.0
2025-12-07,0.3,79,3.02,0.0
2025-12-08,-0.8,88,4.18,0.0
2025-12-09,0.1,79,5.84,0.0
2025-12-10,-3.5,77,9.95,0.0
2025-12-11,-3.8,77,6.02,0.7
2025-12-12,-3.6,77,3.42,0.0
2025-12-13,1.1,89,9.55,5.7
2025-12-14,-4.6,68,15.2,1.0
2025-12-15,-5.8,66,9.47,0.0
2025-12-16,-7.1,74,4.2,0.0
2025-12-17,-5.9,84,3.87,0.0
2025-12-18,-0.8,93,3.58,0.5
2025-12-19,-0.1,94,4.84,0.3
2025-12-20,-0.0,89,5.18,0.0
2025-12-21,-2.4,82,3.25,0.0
2025-12-22,-1.4,88,5.6,0.0
2025-12-23,0.4,91,5.24,0.9
2025-12-24,-0.4,87,2.55,1.2
2025-12-25,-8.4,69,5.33,0.3
2025-12-26,-8.1,84,6.04,0.0
2025-12-27,-4.3,85,7.0,0.0
2025-12-28,-2.1,93,4.66,4.2
2025-12-29,-5.3,91,2.47,0.1
2025-12-30,-5.1,92,4.01,0.2
2025-12-31,-3.1,93,5.43,0.1
