object_id,image_id,scene_group,actual,crop_path,bbox_width,bbox_height,majority,logistic,random_forest,predicted
136756,315187,315187,car,processed/crops/136756.png,125.95,51.05,car,truck,car,truck
138143,301376,301376,car,processed/crops/138143.png,55.67,45.07,car,bus,car,bus
138667,296224,296224,car,processed/crops/138667.png,57.31,40.82,car,truck,truck,truck
162814,95843,95843,bus,processed/crops/162814.png,435.32,332.22,car,car,car,car
162827,315187,315187,bus,processed/crops/162827.png,267.17,126.99,car,truck,car,truck
162975,296224,296224,bus,processed/crops/162975.png,530.07,439.73,car,truck,car,truck
163716,249219,249219,bus,processed/crops/163716.png,426.26,272.33,car,car,car,car
164483,165039,165039,bus,processed/crops/164483.png,312.06,295.5,car,car,car,car
164596,114884,114884,bus,processed/crops/164596.png,53.01,58.3,car,car,car,car
164847,468124,468124,bus,processed/crops/164847.png,550.21,240.35,car,truck,car,truck
165101,206487,206487,bus,processed/crops/165101.png,451.89,177.3,car,car,car,car
166272,367680,367680,bus,processed/crops/166272.png,153.94,66.93,car,truck,bus,truck
166500,211674,211674,bus,processed/crops/166500.png,336.66,352.17,car,car,car,car
169148,355817,355817,bus,processed/crops/169148.png,496.18,201.7,car,car,car,car
247983,445834,445834,bus,processed/crops/247983.png,397.25,360.79,car,car,car,car
348329,84170,84170,car,processed/crops/348329.png,97.96,76.02,car,truck,car,truck
350898,278705,278705,car,processed/crops/350898.png,306.34,136.99,car,truck,car,truck
353130,565563,565563,car,processed/crops/353130.png,124.04,102.47,car,bus,car,bus
354561,183709,183709,car,processed/crops/354561.png,45.68,63.4,car,truck,car,truck
354740,565563,565563,car,processed/crops/354740.png,82.19,61.37,car,bus,car,bus
355123,192670,192670,car,processed/crops/355123.png,162.94,77.78,car,bus,car,bus
366175,84170,84170,bus,processed/crops/366175.png,242.69,244.85,car,truck,car,truck
394633,153011,153011,truck,processed/crops/394633.png,317.49,164.67,car,bus,bus,bus
394674,426372,426372,truck,processed/crops/394674.png,509.71,364.49,car,bus,car,bus
396402,334006,334006,truck,processed/crops/396402.png,298.39,219.71,car,bus,car,bus
396714,393226,393226,truck,processed/crops/396714.png,286.92,193.08,car,bus,bus,bus
397357,124798,124798,truck,processed/crops/397357.png,67.74,54.32,car,car,car,car
397680,393226,393226,truck,processed/crops/397680.png,128.32,89.01,car,car,car,car
397798,345027,345027,truck,processed/crops/397798.png,126.79,74.26,car,car,car,car
398237,367680,367680,truck,processed/crops/398237.png,123.81,60.01,car,bus,car,bus
1191161,157756,157756,car,processed/crops/1191161.png,72.91,46.28,car,bus,car,bus
1196080,313588,313588,truck,processed/crops/1196080.png,106.13,87.08,car,bus,car,bus
1197331,153011,153011,truck,processed/crops/1197331.png,160.33,184.45,car,bus,car,bus
1338655,175438,175438,car,processed/crops/1338655.png,85.81,64.53,car,truck,car,truck
1350557,165039,165039,car,processed/crops/1350557.png,61.5,61.83,car,truck,car,truck
1352579,458325,458325,car,processed/crops/1352579.png,89.52,185.07,car,truck,car,truck
1352868,458325,458325,car,processed/crops/1352868.png,154.91,145.81,car,truck,car,truck
1358343,458325,458325,car,processed/crops/1358343.png,71.65,214.96,car,bus,car,bus
1358475,458325,458325,car,processed/crops/1358475.png,60.98,96.06,car,bus,car,bus
1359105,458325,458325,car,processed/crops/1359105.png,43.78,67.13,car,bus,car,bus
1366023,336658,336658,bus,processed/crops/1366023.png,67.99,55.05,car,truck,car,truck
1372445,147338,147338,truck,processed/crops/1372445.png,185.53,133.76,car,car,car,car
1373630,147338,147338,truck,processed/crops/1373630.png,293.03,181.21,car,car,car,car
1373932,147338,147338,truck,processed/crops/1373932.png,71.04,46.51,car,car,car,car
1770473,125778,125778,car,processed/crops/1770473.png,82.11,81.29,car,bus,car,bus
1772957,84170,84170,car,processed/crops/1772957.png,45.11,44.06,car,truck,car,truck
1775733,458325,458325,car,processed/crops/1775733.png,130.61,182.86,car,truck,car,truck
1777546,121506,121506,car,processed/crops/1777546.png,120.34,42.62,car,truck,car,truck
1783302,458325,458325,car,processed/crops/1783302.png,67.8,60.3,car,bus,car,bus
1783850,426372,426372,car,processed/crops/1783850.png,122.58,90.43,car,truck,car,truck
1797778,382111,382111,truck,processed/crops/1797778.png,77.5,43.85,car,car,car,car
1798918,174004,174004,truck,processed/crops/1798918.png,602.08,265.48,car,car,car,car
1799038,367680,367680,truck,processed/crops/1799038.png,46.74,55.08,car,bus,car,bus
1799204,157756,157756,truck,processed/crops/1799204.png,116.62,60.81,car,car,car,car
1800043,222094,222094,truck,processed/crops/1800043.png,57.43,41.48,car,car,car,car
2038763,458325,458325,car,processed/crops/2038763.png,43.43,79.41,car,bus,car,bus
2051182,521259,521259,truck,processed/crops/2051182.png,58.7,96.04,car,car,car,car
2051323,382111,382111,truck,processed/crops/2051323.png,98.71,97.6,car,car,car,car
2051469,495146,495146,truck,processed/crops/2051469.png,139.64,127.17,car,bus,car,bus
2172005,400815,400815,truck,processed/crops/2172005.png,638.89,425.89,car,car,car,car
