object_id,image_id,scene_group,class,split,crop_path,crop_sha256,image_phash
132002,206487,206487,car,test,processed/crops/132002.png,d092f93d5073fdada2ec25d3ad79249a9d5fa39866454463fcda7d23f0dee6d6,a1c33bc58aecf0a2
132162,274272,274272,car,train,processed/crops/132162.png,5360f7ba1bf6cd382b81e1bad5a9b515026527c86b21f80e5229856ee0af9322,e3a28b51fe2ac590
132407,165039,165039,car,test,processed/crops/132407.png,c38933c7f158b3fa569a1fca914a68c9e91658598678a5ab5eef8ea43ab6e57a,6571d199b8788996
132423,414510,414510,car,validation,processed/crops/132423.png,4d341967e0724ca1890901a454b40a0b30837b1ec535d10e1dc7b60269307c37,f2236fe1c08dcd28
132538,527220,527220,car,train,processed/crops/132538.png,86049879c938873d54b08a01861accd30e67339737f350a0a655808dcd20db86,d3e4b5d23d402ab8
132558,138979,138979,car,train,processed/crops/132558.png,84b8008031ea798ba112582e086c2e98b2923fd0eeb09e1074dbccc47a4821f0,d953939ac6e48970
132577,122166,122166,car,validation,processed/crops/132577.png,f3956fc5ac6ca9849bf50b600a771f57606bdd01f23965c466b9616069e083f5,2e21f65f806d136c
132687,495146,495146,car,test,processed/crops/132687.png,0f5f5b5c9deb8d0ba0b143399fa476bc6b3227ec7c823624d611dd064c9c348c,a917ec932fd0c42a
132867,566758,566758,car,train,processed/crops/132867.png,e0f6773bec9ded310cf58e726764721b5867cdbbc844592b5fb217effd516dca,5653427a2e2e5b58
132909,160012,160012,car,train,processed/crops/132909.png,495d817d23760b1396c4af9d5cb0a28aa8c9ab713ecc08c6e11ed8527960ccdc,2a5e6b4ae45cc32a
133049,213605,213605,car,train,processed/crops/133049.png,0ad832874eec6a5de6bbd41a5aefece1918dab996453601160b1764ccad97c45,2d4788ade6553a1c
133097,78823,78823,car,validation,processed/crops/133097.png,126a31dde136e4abb360e85735f33fbdbfb301cffaab7cef5770b0c1530afcb0,193bf68e3847321c
133150,369812,369812,car,validation,processed/crops/133150.png,d6ecbf3e3eadfbea3c9cf838845769e0b5d8a223cdb382a01dc2d00d40542575,175ac13d7a4aa568
133197,530099,530099,car,train,processed/crops/133197.png,c5fa20890960814b12de8dd7237411ae25df5a9c652aae5f0d5f7d9324e4310f,38c6db30ce439d32
133570,338625,338625,car,train,processed/crops/133570.png,4ae1b1fba681a956d7797857b3c8d8a1d47ab158e17542c31b05a9d50040b952,125575649aaa673a
133698,147740,147740,car,train,processed/crops/133698.png,3b2f713f7289538f80619d403ff4d66458f6a3e66c4e1ea8a13a9706b09f0707,4b1c82c7f3a5f0d0
133800,367680,367680,car,test,processed/crops/133800.png,637e1e8d238ffeb729a2144e3aa2c2df26c3f3ee484b60072cdfb55fb9a62076,127b2d174d9c96e0
133807,23272,23272,car,validation,processed/crops/133807.png,b3dd986ca49d595e8199093ee350748f7886ec8ab39db318556c82624e290a6e,3db1b74685e854a8
134130,78823,78823,car,validation,processed/crops/134130.png,d2b56be7b23c1f8c7ad2184d421e001871349d6717da4f8f0cc9bd567212f055,193bf68e3847321c
134179,57149,57149,car,validation,processed/crops/134179.png,ae6d23b55b27320ffd220552940e3a549f64d7d6d9248d4f4b80bf941191bed4,0301e8b4cf3e5f4c
134237,198489,198489,car,train,processed/crops/134237.png,bba5d3f94b249bff41d8522bb67997f4205535556c36b8f510be9251b8a7b50a,66229d98636f69e0
134420,167122,167122,car,train,processed/crops/134420.png,fd442c928fd83a16899693bd3f330b65e4f9c2b36b5531a62019d87d51576bab,8f7e7060318f8ed0
134511,39484,39484,car,train,processed/crops/134511.png,776a0ce1d4e26f93b063051fac1730717fb9e74281ec5f2e41de2a87473cc899,bfb1047d4961135a
134706,498286,498286,car,train,processed/crops/134706.png,88960acffa87b600833e0b6b2b30b2a44fabe8297f04085c05bd58931d3931b8,1b9799c8cdc166c2
134797,269632,269632,car,train,processed/crops/134797.png,207dec940dbd76468fecf87eaea967ca477efb31bebea9220d060c00c8f0a5de,28975bb8cecb08c6
134802,142585,142585,car,train,processed/crops/134802.png,90ed1790284ec0f29b612912cbad6d5b6a16746a68bd6e7424499547aad2bde0,0b0fc16656f90b9c
134902,67213,67213,car,train,processed/crops/134902.png,079e624350570aa57dc455543655112b2906ee2c0dc3b143ae3024e5aeb7d160,34753591f32726e0
134933,177934,177934,car,train,processed/crops/134933.png,36b2f77248c87b9a0832cb6a9f3b5c5911c32db856b8c3a110871c08bc638b70,bf8583f79850e068
134980,396338,396338,car,validation,processed/crops/134980.png,d439ab3cca18608cd052f2aea204a4410d67406cf6794f389e78c0d64afff56f,a9da9989dd25f300
135132,393093,393093,car,train,processed/crops/135132.png,3b879ab53b24ecdd21d56cf8740fa18336febd2825b1d59ede2e7fa6a49b9132,6d5168b3b5cb160a
135179,426372,426372,car,test,processed/crops/135179.png,41783060628243d12537ffb0fd9562916db331dfbbc8cdc6fcd7ff5f74fc18b6,bd92d225cae42f12
135222,177934,177934,car,train,processed/crops/135222.png,366b2818b2060e5857250eaeb95cb9ba618bc1a75c7a5c8dd8aa083370070016,bf8583f79850e068
135232,17207,17207,car,validation,processed/crops/135232.png,95d66b69d5dcd803e0b9fe460a53a5a027649f1dd44953fa612b87f2788864a0,7ff95a7905418870
135321,577932,577932,car,train,processed/crops/135321.png,4ff71cfa3fddf8adac9295296176ae4218afd0fb39b75418a0a421a22a41b89f,ed19bce64c6c62c0
135585,466156,466156,car,train,processed/crops/135585.png,76c5b40e9dbd73058acb282e7500a9c3849f921827af55969d333245c25860a3,e48eb1927e4c2cf0
135720,538364,538364,car,validation,processed/crops/135720.png,82480758b0764c8064cc33af252d33221c665253ce918c5b2b995a0e14e87c62,9ab7118b28ccdc72
135748,17627,17627,car,train,processed/crops/135748.png,9763f5d72bb56b45543249aa895de778e1ec0881e65c30c92eca17d09cc9fd1f,23a6dc9c3b4a26f0
136075,334555,334555,car,train,processed/crops/136075.png,9ca4978dd564275ca695b07826c55ab0757894be6b92ef09ecd4b8b832e7fb2b,5b5924060b69b5be
136756,315187,315187,car,test,processed/crops/136756.png,5e0572aa6e6b30e93c7e3173ce77d52a3c9357fd07dcd953ba1b20b89f84fab5,f7a901665d9184ae
136849,17627,17627,car,train,processed/crops/136849.png,7933393911c5e0a24dc1b680a687399acc25ddb5eaa3b7da6d6bafaac1e2c48c,23a6dc9c3b4a26f0
136867,230008,230008,car,validation,processed/crops/136867.png,ad4b7f0b18a821c31a96e5d001e5b853f6092d58619899a97c00baa1eb308d7f,30c76c13caf558aa
136901,76417,76417,car,train,processed/crops/136901.png,849c46479151285290cf6af9fe292ba787e97b5085369bb648d9b42df17e26ee,9307421ce7996d6c
136903,17627,17627,car,train,processed/crops/136903.png,e35b9cfec99793a11292d1470bf5d68ac2b169c7929b69e4e97b579a1f05b35d,23a6dc9c3b4a26f0
137016,357737,357737,car,train,processed/crops/137016.png,5222553fe81aa4b237af899e7ebaa879dfb11a7025c6639c274c9622c5d0b9fe,f535296a38a28c9e
137078,177934,177934,car,train,processed/crops/137078.png,51266ae0e35c27f3deb1687ed9ee38a9dffe282af599bf8e1805bc8e75ed67e3,bf8583f79850e068
137156,356612,356612,car,train,processed/crops/137156.png,4c1b94a1cc4d4bbb2131804ffb8ef3408b84951f94632ee394493e2a48cdea25,bda1425b0b85c66e
137157,580418,580418,car,train,processed/crops/137157.png,e293fdf7d326beb23d9fea42a7a61b4822bb6871e434487b9dea30b041e0295c,c3c30f88ecbf1522
137242,520009,520009,car,train,processed/crops/137242.png,2126c07b71ac10f9f0455a48a08ee75e4b5a49d3d071de9e1fc7cdb7b8f1a963,1bdb7624395d1344
137287,284725,284725,car,validation,processed/crops/137287.png,a5e4cd8ab69e90a75dcd8497337da269cfb04479604beec12586683c1eb329da,7919117f8b639458
137342,172330,172330,car,train,processed/crops/137342.png,1e05fa5aa7a09661dae849a7ea7e7720bb949e98c0e6c2bbf80430a3947f4be0,1911a7ac6c6f5958
137446,68093,68093,car,train,processed/crops/137446.png,22231e67fbd03b3ef7494a81b9af77642a60f64f5443af7dff57592465bda206,fbae94d143632892
137559,436883,436883,car,train,processed/crops/137559.png,23764f14b095f2d47d4cf4bd7fc6dd75cd6abeaf763298f58835b370f350f720,7135c89954e330ee
137842,446651,446651,car,test,processed/crops/137842.png,ae35070c1253fc87b2520b2f18638ef5587338c2095dbf67dbc625e349139657,0733bb16c38d2c6c
137923,39484,39484,car,train,processed/crops/137923.png,6de7a9e7a74d4ef7ff62870acbe02c150f1fc423d026eb035fad4b5994041d78,bfb1047d4961135a
138143,301376,301376,car,test,processed/crops/138143.png,7963049690f6cca354c3ad73888ff317616de450cb2620af14ad6ecde76fc579,753d9cb98ec90660
138180,274272,274272,car,train,processed/crops/138180.png,15de62da6b42db5d359f23d76f2c351ef8d9c55f529904024710f28fb00598af,e3a28b51fe2ac590
138210,10363,10363,car,train,processed/crops/138210.png,f95a131d3a0ff6b5a495b6d86ab5fb6faf3643df8a3dc0f79ca39ffda6c53770,b382cc711bd8c4b6
138362,372260,372260,car,train,processed/crops/138362.png,f1012b48ad6ab6dc9192b77ef1aab989736c68b28043892fa40fdce0e18f8867,4de5d38af4221d38
138667,296224,296224,car,test,processed/crops/138667.png,59632695a5f7b26b40f3415b9e5830fe9e5b56932286644d1a4c7a6303aa2c76,4f4a69245437bf14
138741,142472,142472,car,validation,processed/crops/138741.png,4f50103ba62d6fb6d8f2f977dd776d90565dd2bcd1acdca7088850d67c4942e2,67e4b8df5e2e0280
138764,493286,493286,car,train,processed/crops/138764.png,f297a76b0eccb2edf58a00ece18a3cb43a63d01e0249c1a9654c7fdbdd0e8025,5d01a7c1cef4605e
138814,338986,338986,car,train,processed/crops/138814.png,772a15dee6424352d1ec852278b8da0f16af1a7ceb6f154d19625d0212d44611,0ee40953ae55aa7c
138819,580418,580418,car,train,processed/crops/138819.png,ad4e5b2d6a6743d62eddcda3a58fe2b9b7ce83bff1d71262d2e8565196c63989,c3c30f88ecbf1522
139161,85376,85376,car,train,processed/crops/139161.png,948bafe934424c632539c0ecfd5b49e72ca008e32e513f424400bce8801aedc6,393103ab8e8fdd48
139204,176606,176606,car,validation,processed/crops/139204.png,f1595adedc664474b493eb28b24dc02d512b10090e2ce83f6e857a6a7285fb87,dbe26ccd32360e14
139223,538364,538364,car,validation,processed/crops/139223.png,c1b3d032361afe823802a416116ae4ab514d24f6a241100ed7b77a4b6b1b223b,9ab7118b28ccdc72
139394,220732,220732,car,train,processed/crops/139394.png,0c66bfcbecaaaaeb4aba9139282e81e4b4eb01e17ec47de228e8fee58ffb70ed,88cae7641a533c7a
139476,423617,423617,car,train,processed/crops/139476.png,dd4358617e4737946705b60a76508297ca8a69d61dde8304a5aae74292fdc280,d8be52e12125ab78
139497,491213,491213,car,train,processed/crops/139497.png,70762dedb7aa0443087f0bf054df146525b64bf2119ae6816c68fc432cbe08d5,c8858586d77bcb84
139744,334555,334555,car,train,processed/crops/139744.png,1fc3b596006f26f373aea3b939c856d37614da8fff6cb7faec7d9fa056abb36b,5b5924060b69b5be
139755,461751,461751,car,train,processed/crops/139755.png,647647fa86f36420aa907a9c3223c7e0df19d85e3dbada5cec62cc94ee63a471,30075db98d922dbc
139801,423617,423617,car,train,processed/crops/139801.png,7e42ef568e8d52cd12fd406d148a5753478baecb06db1a32e4c8ddffa587d791,d8be52e12125ab78
140294,277005,277005,car,validation,processed/crops/140294.png,7ea13ed1070d74824b240862376a3f09805cfdbc3c979f2fed743477afb0d934,53d7aa69855afa00
140394,580418,580418,car,train,processed/crops/140394.png,c48a90bd2ff0d929a61b8ee567f5bd0bdde6d6b7b40165b4c1cc8fb9b71b1157,c3c30f88ecbf1522
140522,17178,17178,car,train,processed/crops/140522.png,5277eccfa1c1b77ad922bfc0d97745dae4583dd6a83affc880c201734ba85573,890aa7c7d1f17078
140589,426372,426372,car,test,processed/crops/140589.png,047f8fb584ff45fcb5a1cb183ac377b7002d97a0dead84c101dcea7aea47a6d1,bd92d225cae42f12
140812,134886,134886,car,train,processed/crops/140812.png,bfb28395398985771d9ae5874332e344ba2eb12fad16a42cc43496ae4a093de8,232499f476d3191e
140876,577932,577932,car,train,processed/crops/140876.png,5357f7ec05616be6ccedaaf0e9369cf271076937e1e4f1da4604269ed452749f,ed19bce64c6c62c0
141299,39484,39484,car,train,processed/crops/141299.png,b46c5b8a6b37b0ca82c98fb1561069d5cf7a049c1256e26615e99005b8bb633c,bfb1047d4961135a
141360,17627,17627,car,train,processed/crops/141360.png,0cc5646405720050b896f6847428fa40b1e9f7c87ea4f81ed530c1ba923ca0d4,23a6dc9c3b4a26f0
141621,550691,550691,car,train,processed/crops/141621.png,e26c3dca7e6992cd85eac0433be5489b1b0ace2bec20e457440343e883b04ea1,ebc73c3c95d31804
141756,85376,85376,car,train,processed/crops/141756.png,ecad7d644f28bde351261d40d205bc84d3dec64adff7eaf0e853aebc817cb1b2,393103ab8e8fdd48
141859,17627,17627,car,train,processed/crops/141859.png,d80ee71e2993869160c0e6a372af2e44f4990a3e354783a352eaad06fd6a720d,23a6dc9c3b4a26f0
142693,67213,67213,car,train,processed/crops/142693.png,aa8b8a08b8802a486c3f9c9333765ff3b70d38949f95a5279f6fadb3e4ced238,34753591f32726e0
142937,156071,156071,car,train,processed/crops/142937.png,7e7d4404055f75bfabdcc2031be1194ad58f8debfde7e26b651963a4747f99d4,06bf59019585c3fa
143398,67213,67213,car,train,processed/crops/143398.png,cf6da0027bad4da06ce1a715976afa21bbbbcfacfdafc9579858ac2db968c162,34753591f32726e0
143672,67213,67213,car,train,processed/crops/143672.png,4cdf6605e4db6e705d21fafb3643951f6b6b0140927afeecb97734167910fe97,34753591f32726e0
143876,17627,17627,car,train,processed/crops/143876.png,382bbe0e1d029e5b805902d98fc4c50bc69a4815aa1f5132dfb3b1de01a11fef,23a6dc9c3b4a26f0
143886,156071,156071,car,train,processed/crops/143886.png,19ca4ea57f084aef25f13b8e85ade52da166376a227b0e6822282298dd8c1f5c,06bf59019585c3fa
144078,301376,301376,car,test,processed/crops/144078.png,0a29e204c0d26a83e582f4b1910fd946c6e0d6c6fa73167e4728c1909d618857,753d9cb98ec90660
144235,369812,369812,car,validation,processed/crops/144235.png,fac3e47badd68640d061a8956e049d56ebb524e87f5602d974fd6562db5438ae,175ac13d7a4aa568
144376,122166,122166,car,validation,processed/crops/144376.png,35ff3c34a96e645df3bb3789c479c102ebcd4c0ccfc6950718150b1872b574db,2e21f65f806d136c
144531,542625,542625,car,validation,processed/crops/144531.png,a2d9184066711d4208154abe055b64ac1fca394cc975fedb19e90c4932a53366,ae78ec030bec9076
144569,122166,122166,car,validation,processed/crops/144569.png,a5df44e691e9ada75681c8ac8353130addf50d740e3abd0b281a02bfa8fd62a5,2e21f65f806d136c
144627,379800,379800,car,test,processed/crops/144627.png,450dafacd5917d2c86ca6e246e168abaf56bbd8119f828c493d26b14b05698de,43070d7f3863b2d2
144786,260925,260925,car,validation,processed/crops/144786.png,b68edaa60909df2f9d10fbf54e9aaa68edb5f6ab611d98b2be984b7732257841,bc51430d536b0ef8
145084,122166,122166,car,validation,processed/crops/145084.png,58b39ca2b6db6e986253899cc0840035af74c0bc5ced45bceeb3b275cf253508,2e21f65f806d136c
145173,39484,39484,car,train,processed/crops/145173.png,eb8dc117e2dfbfd20b5c8e3d19c109872744e41d5adc5d9601c7c0d95799ce5f,bfb1047d4961135a
145333,172330,172330,car,train,processed/crops/145333.png,e3f34a26e535e917d6fe53ad3946be5bd392b563f16bcdc98a449f4b3d527d80,1911a7ac6c6f5958
145351,85376,85376,car,train,processed/crops/145351.png,c72ef569f7153944f6a2f3efa37d04727352fcfb0355017d55ee75d64dfe2435,393103ab8e8fdd48
145436,414510,414510,car,validation,processed/crops/145436.png,1c3ad7c42b1e6002f351969d1c1d26ed979940ed446f12b33ff4d8e1751c5984,f2236fe1c08dcd28
145507,577932,577932,car,train,processed/crops/145507.png,9d51dd7862a4abf67604c1b13144dbd70e15d7b7e76b89f02864577c69acbcf2,ed19bce64c6c62c0
145718,39484,39484,car,train,processed/crops/145718.png,7756003f6eedccb244c2c0efb6f677de129a9784982c7c12f175e67c88cdf982,bfb1047d4961135a
145780,78823,78823,car,validation,processed/crops/145780.png,41dc49bbc39ed3610eb3bd1b74dc8b0493c6bf76dc0ad144cf7f6872a32dd390,193bf68e3847321c
146263,172330,172330,car,train,processed/crops/146263.png,5e483382d6ed6536dfae4bbd5c9fa180bbadb2349318e69f4c2e2f3ac8074590,1911a7ac6c6f5958
147483,414510,414510,car,validation,processed/crops/147483.png,afed2762e6690c1d19527bc39bf9d73b90309a62b449c1b441277799d40fd395,f2236fe1c08dcd28
162814,95843,95843,bus,test,processed/crops/162814.png,cd2e3be6418c6cd45de34f2e8933f3928a5413ad6d7afbd78c1ce0959f5faed1,9ba9e2b71122d86a
162827,315187,315187,bus,test,processed/crops/162827.png,9d265ef60b9eb1d30875658909a2fb4123259cae4d1cc5bde68ff8d32bdba233,f7a901665d9184ae
162869,429109,429109,bus,train,processed/crops/162869.png,fee8c4f5f61100fca2e90a0824676dfffe7db43e81f82ec4456132781938f6f4,b6621f48e26d94b4
162917,179265,179265,bus,train,processed/crops/162917.png,a9a87d7224baf7816c59da826442b1b0eb1d35f7d664521e650da36325eff5f7,06f71f890b073716
162961,138979,138979,bus,train,processed/crops/162961.png,dfe3ce8109101518183fc8a41173b35bad81635784f9b75aeadad5471b94c2e5,d953939ac6e48970
162975,296224,296224,bus,test,processed/crops/162975.png,093865685df1952fef715112feabe6f6d1b2726cae50c315172bf870be711310,4f4a69245437bf14
162985,17207,17207,bus,validation,processed/crops/162985.png,8aa8fe2c912e3b42b25976e15e3ac39a7252d6e7dc923947b1077c61d44e3255,7ff95a7905418870
162989,122606,122606,bus,train,processed/crops/162989.png,1c672dc591de0bb87d9cdff5aba775fd1aaf8309c766eff107fa7af55a381482,3fc2d131a48f351a
163021,334371,334371,bus,train,processed/crops/163021.png,4bd82067ac8fcb4ffdafdb501d138fe20c79b0d27d4de4fd4a7a5069b9cf23ab,7d2ba39399c888cc
163053,455085,455085,bus,train,processed/crops/163053.png,064efc1fd9c67c33c4c02736ac92a954a9c2ffb2732424d71ce7d93e4b5d2950,990643fe23b2b2d2
163111,520009,520009,bus,train,processed/crops/163111.png,4fc2d1c6a8aba7c3ad40eb52a21c19db10280251f8cbd0193d9eb7975834fa12,1bdb7624395d1344
163170,255749,255749,bus,train,processed/crops/163170.png,7c6563378537d04c50460a8a9fd68dd3a7d02d5d4fe467d3afff2bcd893121b9,8837f66007fe0798
163434,566758,566758,bus,train,processed/crops/163434.png,321ce442deebde971f4464e618dd20579b47a9075464cf3fba7b59ef9f1cfbc5,5653427a2e2e5b58
163637,534673,534673,bus,train,processed/crops/163637.png,cda84789c76e46df6b9eb0da99517b243222097fd53ab471854ff30750aa923a,7d63bb8c824f0c62
163642,226154,226154,bus,validation,processed/crops/163642.png,7858c3686ae67e1a49d9d44321eba3a6a90308959916986c00a5e8948d04a88c,d3f5249d96d0f028
163692,449432,449432,bus,validation,processed/crops/163692.png,b3ac320c5cab3f464fbb70b2ba65383bb0b48e4620f9e38fc21d9d71935e0462,4733b8f892465f30
163705,423617,423617,bus,train,processed/crops/163705.png,5ee1365ed46cbf0174d1ef29a29da856968240a32ff26620b39b80987886b6b9,d8be52e12125ab78
163716,249219,249219,bus,test,processed/crops/163716.png,7ae55e7df53ecc7a27f0bd411032433792ddd1374647e865e635d4dbe1a2a07d,6b656c1ff5250312
164102,280710,280710,bus,train,processed/crops/164102.png,53a1726c2ceaa8e1af1fd52d0bf0a408543467250f6367adc019c15b1b455780,018b01737f989e76
164236,512564,512564,bus,train,processed/crops/164236.png,3845d71ef8baf5600136900f901c5f2bf4930899d32fdd9a356f92464d8fc00e,8b93607d5c17474a
164381,210273,210273,bus,validation,processed/crops/164381.png,b90441d7bc593dd3fcb1c5f70af6916108c89fa781d4d709e243f775a4a2a98e,0b28f4dcc6d2dd28
164456,347544,347544,bus,validation,processed/crops/164456.png,f49346278715b3645474d6e5e5feb23663d15eb09d726e0ffca997b2fc2ffaf2,5d75cd2123cda0ca
164483,165039,165039,bus,test,processed/crops/164483.png,ce8314648622d2e86094ab057d726b0d22fb10bc06fb2b8d11e48a4fd7fc8e83,6571d199b8788996
164596,114884,114884,bus,test,processed/crops/164596.png,9eba9f5fecbbaec651e165f451a860e068a3a9424dc95a2390f02e257fd6cc64,a84bf5af66226168
164623,196843,196843,bus,test,processed/crops/164623.png,a6af2b37de14ed122de423789b79b09e047ba8a71fddd3a0c26461c341bc4d90,151575cf286c386e
164679,356612,356612,bus,train,processed/crops/164679.png,4cc5c8414cf6a2829a5ef0b967ce34aaacea66a20755302d6378e7725d512356,bda1425b0b85c66e
164847,468124,468124,bus,test,processed/crops/164847.png,51a5456ec9332d725ed4bc1e2003ed9dc78dd202ec219a5c4d987b8a4aea1be4,ad83806daef0c58e
164994,42070,42070,bus,validation,processed/crops/164994.png,0dac6ab7a4baa7595187e9e616475491e9bd6988a783aad2b504eecad524222c,7141c328ef552aba
165026,357748,357748,bus,validation,processed/crops/165026.png,45fa7124aa10944f259bd7667238f71d10ae1f045a94e4855a2385ca65f70dd6,4bcb851f9e001b3e
165041,17627,17627,bus,train,processed/crops/165041.png,08a6e98ea442100c44203c6fc5d934f3c49ee5778c7762a1bbb805b766e2ed0b,23a6dc9c3b4a26f0
165069,2006,2006,bus,train,processed/crops/165069.png,2f9eafc654b5489526ebd0a389ef512703e0dda00087381203f2f3e2dc0c64ed,da015e3b727f8054
165070,142472,142472,bus,validation,processed/crops/165070.png,b91f716e8acf3f132133cb0482493b905b90ce7323c6a2ba6009e2b50f19e0ed,67e4b8df5e2e0280
165084,336658,336658,bus,test,processed/crops/165084.png,ff3259753ab9782208176c5df610c60dcd83922d1a1407b94e6e0ade849183dd,86d38ec0308e7b9e
165101,206487,206487,bus,test,processed/crops/165101.png,7646628bf6639545816617b5318f7a1b1d4e690a002fd9dfabe941b792bcdc3b,a1c33bc58aecf0a2
165112,15338,15338,bus,train,processed/crops/165112.png,bbc1277c368c06a364ca079bcfd7b59ae0d2683da37e36180a01749884dc0dc4,054949d4abfbd4e0
165136,377723,377723,bus,train,processed/crops/165136.png,e951f0cccf99506a94a43ef20e6f1ed894416aa3c683e89a7401557781c8505d,564b20719b8e6f62
165162,507797,507797,bus,train,processed/crops/165162.png,4724fb56f7dc87216e555175aa92c081d91213c4302fc4e3639e98041bb095b3,bf870621c25fc9c2
165194,213605,213605,bus,train,processed/crops/165194.png,5df5dfa0e25eee3effdf92f715e3b5a2931a29a9d001682a501161d97ed87d5c,2d4788ade6553a1c
165230,233727,233727,bus,validation,processed/crops/165230.png,742931424c921708a51f8810202c092c100f66b699456a8d623a70882849edb8,391d8dec2c69358c
165242,516143,516143,bus,train,processed/crops/165242.png,431a77cba840a241cc72c6cb7524f3b46826f51d1d607d793a9b8643b5f90bba,d75b88f624a503d8
165289,274272,274272,bus,train,processed/crops/165289.png,a93f58aeb833f2ce592ca75d021e93f9ed24c94cb29a85cac799d117b6cdd3de,e3a28b51fe2ac590
165382,350023,350023,bus,train,processed/crops/165382.png,7967e4ed45803804feec4901cf575b530e1c79291b58a0ec7ac43a04daf163d6,99e6261fc9067ac8
165411,176037,176037,bus,train,processed/crops/165411.png,e7335fb1e231fe033b0007db65f756ccff136ecc9abc17d28379b5a0100f4ef2,feeeccc810b36122
165543,226802,226802,bus,train,processed/crops/165543.png,6500039a9389c2984e30392e4037aa49a02c892d3059fdbf47e0d178b7405313,2b2baf929199093e
165567,484404,484404,bus,train,processed/crops/165567.png,73b0ab9b5cb7ce1bc7c59ee28af979ae689140d71408fac1f0c49237311660d3,c106e1c370f0fc7a
165647,452321,452321,bus,train,processed/crops/165647.png,95cfeabfa05d5863f2757b1380af82eaaaf16d66d3c9c5b266f109f4181e6c76,b151c72e45b1f834
165690,284725,284725,bus,validation,processed/crops/165690.png,725449ddf8fa6e432eecdc36f695b4b0e54d5690a95e86de175f6d8d2a7c7653,7919117f8b639458
165772,187144,187144,bus,validation,processed/crops/165772.png,42230fe41531a5718b174177faad2afba3c1a10817d95047da6b1a1dccc500ca,cd033de8f0e08f0e
165837,338625,338625,bus,train,processed/crops/165837.png,2c527c428c45019ee2bec7491b23488bd82e841ff14ff8f766a67b17a6eb1a20,125575649aaa673a
165934,200839,200839,bus,train,processed/crops/165934.png,4959cdd045507728c6690e88748f02e443434f0fb7ade1331a197fb78fad68e0,202f0f50f91f7ec0
165939,446206,446206,bus,train,processed/crops/165939.png,0b445d203e671b4d2c3324feafa155c15d94377760457ed9fea93661c2ac8f71,0f43fc708d138c7c
166137,27768,27768,bus,train,processed/crops/166137.png,8a187389de48e9978354394dcfb0d6e8841c1e4c50e37797d465dfa172ab22b9,532c546a5de3d44a
166153,452321,452321,bus,train,processed/crops/166153.png,9bb272e4b181d5d5bd83532e403cf42d980c501d302e746f3d09f949498b7f05,b151c72e45b1f834
166186,394275,394275,bus,train,processed/crops/166186.png,c621493711d879c903f9c489db9804b1b57878e26a5c1e99ff1de4ca39b25d10,d103738eaed50cd2
166272,367680,367680,bus,test,processed/crops/166272.png,3c19079e6cb1bb19b64d3b6e7413a7a9f64daf48ae8ce59c4cb474249ceb3a33,127b2d174d9c96e0
166445,311909,311909,bus,test,processed/crops/166445.png,46ea27c7375d4944608a4b2aadc926889d1edc23e08fa83d12e0bde9165e4716,496c778d6453c272
166466,423519,423519,bus,validation,processed/crops/166466.png,1f253aef932abc8f209a2781906a292a3bd32f8e8dc558631ec6dce866068e4d,370fc8a0f45131be
166497,514376,514376,bus,train,processed/crops/166497.png,e7312aa96ef59758750a7597b89bde66e1b0086aaf3c269ec33e2e0f244f2a80,8aeba9b035b59072
166500,211674,211674,bus,test,processed/crops/166500.png,84c4cf57e4eda56533ba7873c627bfaf6028e105f44ee217836ecf90a5aa9133,c7db3c251134b236
166510,114884,114884,bus,test,processed/crops/166510.png,1693bf153676d77ed4953f0610b2696f1c54f8e9f092eb87fac3439100242ac5,a84bf5af66226168
166585,280710,280710,bus,train,processed/crops/166585.png,33d2e5f8a06ecd3786a8814378f94efa4f21b62a99cde2c2069c3a3538d6d0c3,018b01737f989e76
166669,210273,210273,bus,validation,processed/crops/166669.png,3cbeb6c3b1b76e4a90a2435b4c8cf75b31ef44f944be6030c3d6ad4a2eebd199,0b28f4dcc6d2dd28
166857,362682,362682,bus,train,processed/crops/166857.png,32dbe97088562ba914cd3df65e746c25a16d18a7a0ad41fa7aa2483f178262e0,b8fd058a0854fc3e
166867,545219,545219,bus,train,processed/crops/166867.png,9a560e99ee79c3434de792416cfde34fcb8db9b7aaed8c829c38c0555b2cae6d,267478cad9ccd930
167209,436883,436883,bus,train,processed/crops/167209.png,7655506a9b15aea7507407f46150f861dce43c656c0e96603774c2bda915342d,7135c89954e330ee
167358,415536,415536,bus,test,processed/crops/167358.png,be09285eda7842f5197a826e928f610b34dee81d62c5437b6201f44fab9f2587,ba73cf9069a80e64
167454,269632,269632,bus,train,processed/crops/167454.png,07603a04e488cfbf1f4971200becc1e13d45e22980350bc78f0a8e080a19c927,28975bb8cecb08c6
167495,278848,278848,bus,train,processed/crops/167495.png,bdc916101c990f7bfbfde7ad61679cd031395785fdf3ace97ec191a4e9ff131d,436b6f25a49ed242
167514,142585,142585,bus,train,processed/crops/167514.png,55211698124cd6938e90fbb00ff005be5b59352256538c44477a739d39a76884,0b0fc16656f90b9c
167538,550691,550691,bus,train,processed/crops/167538.png,c9002e198fe7595a0feb08e3dbc9754a03817b35d0efacea1fb94c7e9615752e,ebc73c3c95d31804
167614,128372,128372,bus,train,processed/crops/167614.png,48ab80af1ff12041abd6c25f3885f431eadf03b3243918bfb61de3bf1a597f0a,09a3a6cce23fdc22
167628,201934,201934,bus,train,processed/crops/167628.png,aa31499f26e4ffc1f85cc1664586482a0a15fe88850559fa8586b5cdd3c0271d,1e6d20329e19cf9c
167768,114884,114884,bus,test,processed/crops/167768.png,ddd92e421f2182dd14bb46dc393eda95a76a72f5530073e281099e3a05e803f8,a84bf5af66226168
167828,233771,233771,bus,train,processed/crops/167828.png,b9117cc65105bcfce40ac35579440eb8c055d65d690c9ade18d823db4d67095f,7b360d0495e998ba
167841,423617,423617,bus,train,processed/crops/167841.png,25009a88ef31db8cc0c351255b725bada13a7a9816b44e2d5af450140ccacc3a,d8be52e12125ab78
167880,128051,128051,bus,validation,processed/crops/167880.png,0a6b0bb8f22eefba78364658dbf300b0be40aa321032e0a31ffff1aa263d9f4f,c5f50b4b7908e9b0
167974,550691,550691,bus,train,processed/crops/167974.png,eb70ca9eafde90fd8fc6912c3bdffe2f6eecae2be3906a476ce50f5ac9c2ea35,ebc73c3c95d31804
168151,15338,15338,bus,train,processed/crops/168151.png,9c88d45d999121658d90105e8dea5748187341e35fd5b8c9fe9589c76f526206,054949d4abfbd4e0
168219,143931,143931,bus,test,processed/crops/168219.png,54e3526bea54643889122123865975af47186a2d2adb0979669cfbfa194cf4d9,ff1b2f63021981d2
168224,306136,306136,bus,validation,processed/crops/168224.png,c2b391c00f94de06b1f8e0330537ec68f4957df658adc2d7b60b77fa4b6e873f,92b66cc8cd3b9232
168340,392722,392722,bus,train,processed/crops/168340.png,62a86da3c0b1329b1e6e6890ce3d7959930a3814eeefdbbb5fa1ed0972da4a90,1f2b0ad6c7b303a8
168542,568290,568290,bus,train,processed/crops/168542.png,67bc58f1abc5b13152f346b2b36ce1c6156652a68e1cf44132a4e143c533d363,5a5ba3627b38c312
168737,210273,210273,bus,validation,processed/crops/168737.png,fd5ebf0d7e01acb42e01666aab8fd0a9a91096550a78efcb91654016f19e37aa,0b28f4dcc6d2dd28
168769,220732,220732,bus,train,processed/crops/168769.png,bdc44bf4c995ccebc65be40c3beafb14ebf7ba13b46cfe0520045409816a6ac5,88cae7641a533c7a
168869,365655,365655,bus,train,processed/crops/168869.png,4db912fdd0033901c9595baec9a02a210c314a74b3fbca8e1c2e7ea41248de7f,2933f6dc89626592
168899,114884,114884,bus,test,processed/crops/168899.png,6e4622583c06d07aee3703d741cb897883159090eccf36792c87a25d79347020,a84bf5af66226168
168938,220732,220732,bus,train,processed/crops/168938.png,995f31e481c9d41c360b342c824ddf9701ed3651f1127bbd28fcd731ae5a3df3,88cae7641a533c7a
168982,542856,542856,bus,test,processed/crops/168982.png,a673620ebb9ca0a14bba3908308d56969d7eb4435025e27ae74ab05274558b01,b5ad4a4a5791a616
169148,355817,355817,bus,test,processed/crops/169148.png,36c6e457ff04011ea0b542592cbb4646e3b6ab2b19a7c7c9639ba742e9ca57e7,e5e5c5e052161fa8
169222,210273,210273,bus,validation,processed/crops/169222.png,482ce394159f90909992994dce614b287c97b25a53750cfe0109c6709be08fe1,0b28f4dcc6d2dd28
243017,515025,515025,car,train,processed/crops/243017.png,b3dbd91f8679cc3a5f45ec71d9507e4c3001d22a97a90d2ba8fd60ecf6f0782a,a64d813768db2ee0
243841,301376,301376,car,test,processed/crops/243841.png,65464eb378e443bc21eaee99e032617dbe7276a4ba903ba855d9c33fb864435d,753d9cb98ec90660
244022,206487,206487,car,test,processed/crops/244022.png,d21c52d0da61f1f1da269c512d77f2bd22572f112b241ea5717134a79c02d244,a1c33bc58aecf0a2
244989,65350,65350,car,validation,processed/crops/244989.png,451309f84e2490eed6e2c9247a1eb954a129118bedbc3214a28b420e1dbb5dde,d2166dac3313c4ec
245050,65350,65350,car,validation,processed/crops/245050.png,c64efaf269592464f2997f432dacd399595f2143fcc4dfd04b539f00ec65b7cc,d2166dac3313c4ec
247738,74256,74256,bus,train,processed/crops/247738.png,2c750b8c21bc3feec0f007df1b77825a4bf966762effe2ac94b333b30b35f373,4985c79ba985e558
247936,210273,210273,bus,validation,processed/crops/247936.png,82fb877f563dc8edcb3732f8608792e175c921a39a0d671ab6746f34e5353851,0b28f4dcc6d2dd28
247983,445834,445834,bus,test,processed/crops/247983.png,ebc4257fb387b1faf2772ba2672c65e9529743fed51dd899028c78901bebe486,69c807b78117bd32
248017,334371,334371,bus,train,processed/crops/248017.png,016cf706f93a466039511e9c0ac797dea8a5829a86267d960d70d091e2aeb606,7d2ba39399c888cc
248156,233771,233771,bus,train,processed/crops/248156.png,da01691a615321133a4e0ec479244ae67f982d702dfd743e246f06ac014f8658,7b360d0495e998ba
248173,334371,334371,bus,train,processed/crops/248173.png,84d6119a8b17d82aca22b1d9d2d4b298c4ec8c0f48eba4cd144039a9591fd764,7d2ba39399c888cc
248552,452321,452321,bus,train,processed/crops/248552.png,ec04c1e96cbeb6fb684813d280ce9b690913434e156749c9399f7dc356fe970d,b151c72e45b1f834
344336,476119,476119,car,train,processed/crops/344336.png,b7bbfa0c045fd5c5dcd0a31737f716e0d52f03b7cb7d45ac9feba2937cee27ab,78619f99b1c9e1a0
344442,157365,157365,car,train,processed/crops/344442.png,d13a29ab2a836263e02b8812eb52fffe6f2fec9b076a5197e1e321e39413e42a,9cdd6263cf02f118
344685,144333,144333,car,validation,processed/crops/344685.png,31ca7ff8861d391bd3e8d43785e0fec0d575446751c9dd051c7cd78993312150,6b2bb4d818dc3e06
344755,363188,363188,car,validation,processed/crops/344755.png,71a93e823615ab7d6f79f31d4b1b8762304feddcc1977e4af070d47c3a19aadf,87d12f8876055fa2
344759,414133,414133,car,test,processed/crops/344759.png,43b80bafc9ca47a674c159732a238d2a36f01f699619a523977c1e9e1bcf1e55,03656c18b3a56f4e
344800,141597,141597,car,train,processed/crops/344800.png,0208561efcec609b7c7b5225c57766a8284e8e4115b8de4a7e310651822d3f2f,d5b5025e68f07724
344967,499768,499768,car,test,processed/crops/344967.png,dc88cbb1d56fac5d04228e9ad04a1937641ce237f15f122b682ccd277bfb823c,7aa58c683dc1e43c
345187,289938,289938,car,train,processed/crops/345187.png,a87852fef2da265a07cf93839ab1d1009cd0f55c18868a243632dfd51e18c01b,a474661d82f560f6
345550,376284,376284,car,train,processed/crops/345550.png,6c237695a0a3a04c8a0ed01bef4a2ba388a03b04e54050dd6b5852ab3569d68a,6d7717c3525072a2
345791,417779,417779,car,test,processed/crops/345791.png,a0f84a27f5e2f4f0fa044a63c7ae5bab9efaf0679bfec4d93daf45c9bbba9177,447061ec359d7716
345852,283318,283318,car,train,processed/crops/345852.png,3e32a94a054cd52536f8e433290e43fb5c8c44e74ad5ea80d2c8c4d0540f5911,5567a6196adb9284
346013,283037,283037,car,validation,processed/crops/346013.png,3cdd23e7d72d9abf891ed6e7206b000e95e02b380211fee3aa0f4227f1f237df,b45451a06d8f96da
346032,297681,297681,car,train,processed/crops/346032.png,b776b43385492381ae1f484ec2089d190025539a803d3ea9ae2f04ac089f3093,868ea77029a65fa8
346188,376284,376284,car,train,processed/crops/346188.png,e801e1e1f2aa598a1d83d36a8513c7a6d4808054ae62a7dab762afe75ee6388b,6d7717c3525072a2
346193,89556,89556,car,validation,processed/crops/346193.png,94a31097f625ec86921c84e7aa22499a4f5d49d9b87e9b603ef6805fa1cba428,3ba733cd2f625050
346281,171382,171382,car,test,processed/crops/346281.png,bfd27539dd95908fbeaed0b85ae0bd06af0f490b065985b7982483956b2176d7,704f4f84a3ea3296
346467,157928,157928,car,validation,processed/crops/346467.png,8e422d3381d5e6450ed591bd9060ad6ebf37c6582dd7f068dd374f479ca365f0,4c32a3fd491371e4
346834,192716,192716,car,validation,processed/crops/346834.png,b3c30b1d365442d30828ad336bce601ac6912356e76c3de84b35f8f964e1d8d4,d1c92a3834e2f786
346895,350148,350148,car,validation,processed/crops/346895.png,d30458cb9dd3941ef773f330c61e2185e41bb61c57576c99cc16de8b8cf06648,eccd47d694159d80
346929,204871,204871,car,train,processed/crops/346929.png,28c9f0aeec4bb6f64723b0abd044c9ede9afc16669f38cf43bc44aa816d78510,4697cf8591c1cda2
346962,98392,98392,car,validation,processed/crops/346962.png,3faa5be0779381bb29365abe6e98199ac488e25cc608f444f8b06652a33e5cff,e7cd1a12b1a3325c
347045,354829,354829,car,train,processed/crops/347045.png,1066110540899c75786a91a6c70d5c909489a34629cc58bcd94ce0407c4c2790,02b47c5ec7c53c38
347138,293071,293071,car,test,processed/crops/347138.png,f007f51cd1b47ea4968caea7b50dae87585e023c47c1d5b2844eb6f6ee2538a0,b2b3a323224e3f38
347459,227511,227511,car,test,processed/crops/347459.png,927d66aaa31890996de95b32def204f917f49ad984ff3815ed1ffc6cdb29bf98,8d89f2fe3d0051c6
347629,287291,287291,car,train,processed/crops/347629.png,4c2c54bdb2b3ecf7ed6f7407000e0b0934b636b9a78d59a8c81b56f34fb1fde9,333b31781dd05ec8
347788,215723,215723,car,train,processed/crops/347788.png,52b6d03e5d4da20a3db8dd64f846fc48f12eddb9a2e8b3f07c926f3a34a27245,1a92d0bc456c72f6
347918,293071,293071,car,test,processed/crops/347918.png,03e31d371a19b818db792171f10550fcd3047ddf9f51f18ba7b8fde0e0f951a3,b2b3a323224e3f38
347982,439623,439623,car,train,processed/crops/347982.png,a6e222d964313446d53c0ef022c594d6385392bd66bb673514f3172fe7c44e72,58ba6361696b3d28
348077,166664,166664,car,train,processed/crops/348077.png,62008f15ea46ba048901c5127ef02d9ce1bbffdb9e3f0bf8d3ef0a18958e1836,93f101f845ee2a74
348329,84170,84170,car,test,processed/crops/348329.png,8674b1482313c5779a0a32ac975198cbd799f7997f2bb027c47bfa563596063d,845935e4733fc194
348515,26926,26926,car,train,processed/crops/348515.png,5b981722ee6d1f27ef5f3cf39518f9701bf326bd52bda9d32bfaf168201ce78e,9baf3d1c29a131a4
348568,283318,283318,car,train,processed/crops/348568.png,b0a35b9927f199da988edbe4410ebfb7f7b34b65c1ffc2616cc8380505b6dd6e,5567a6196adb9284
348703,171382,171382,car,test,processed/crops/348703.png,175fb8059c74351f171b1a4fb4d5bdfeb78bdc855c5979a3e3995df9193644ed,704f4f84a3ea3296
348803,157365,157365,car,train,processed/crops/348803.png,4571317f5b0131171b8a1e1aedb27e688281e08b8060ee4117784b292e7b2cdf,9cdd6263cf02f118
349037,192716,192716,car,validation,processed/crops/349037.png,286646275afda836e6941945da329b35b331a1e8c3934bd85935d9cde580ab0d,d1c92a3834e2f786
349084,439623,439623,car,train,processed/crops/349084.png,18202a411ec8e63c74b0eb89bd9d09f04c8a8ca6230bdb58186b3fe7e41e3c45,58ba6361696b3d28
349129,245320,245320,car,test,processed/crops/349129.png,3f332d0ea11a018952ba922e2b018a95b8c6ff15b80ed02afc7d28b01f882c31,f8f82a2623938bca
349173,394510,394510,car,test,processed/crops/349173.png,c7463f5afb62507568b19db4eae082948420593c9113123d0678d1b192440610,8a929b8d183c73e6
349189,157365,157365,car,train,processed/crops/349189.png,6d5cfaaf444a374dba9d5b22c214aa728073da7d21cc23a61a3463c802a7d968,9cdd6263cf02f118
349275,9891,9891,car,train,processed/crops/349275.png,592a71ceca884121208b5faed0b9f6fcde8a99b74f449ebf3036423147740984,e18e96d0586cbc9a
349280,213255,213255,car,validation,processed/crops/349280.png,021099f622f04968e36878a52ca3cd2d0f38160f3084f28c0f552b28aa182ee6,b0c4381886df3af6
349372,196141,196141,car,train,processed/crops/349372.png,62f3408883c6e01b8d1aec65f5d2676f010623f79fd13b5a5ca869c45399b9e9,a47a1e816bec0ed4
349470,74058,74058,car,train,processed/crops/349470.png,554cfe4848b6b4077ae46974390db7c377fce33c8d73b53d9ca7b24f9ed3be89,2b792ab1a5a9b152
349474,141597,141597,car,train,processed/crops/349474.png,a14d845f6a0b256b2db495b8e0fc012591124d940ecc36e49830cc732e7b320e,d5b5025e68f07724
349593,242411,242411,car,train,processed/crops/349593.png,5e95bfd8528cc2a77bfaa512d3ebdd1230b8e73b1a8d8f6406877f352389c8bd,e36118972ba25ef0
349746,191013,191013,car,train,processed/crops/349746.png,20aa67167c38fdd2e2787fb205ddc336490353c11ef1177e3ac4a1a7d2b0ee01,91564f2d3231e2da
350088,526392,526392,car,train,processed/crops/350088.png,4e49c2f14d1e7b988ee329e366532debd6716b4add8f46aa1d8ee7fe5fadcc76,2897cd933d959944
350281,269942,269942,car,train,processed/crops/350281.png,c3442a073a3deaa871f2717d6f3831a90d55130e1267e226356eaffbf1ca0f19,a5a61cd5b5246764
350385,84170,84170,car,test,processed/crops/350385.png,762e9f6c227f0a67858142f1f39d5f8f11d69c73148a6543bb0f6e30a102c278,845935e4733fc194
350419,26926,26926,car,train,processed/crops/350419.png,ebef70381d59c45646fc91253b5e3358e1e10ffcf8c6a65d42e6bd2af80b796c,9baf3d1c29a131a4
350605,361142,361142,car,train,processed/crops/350605.png,fa8bb0efbc6efe744c6ebe912fd1eae6a9dcd2feeacec52cbd907b0494719580,71698e4ed6c03936
350741,204871,204871,car,train,processed/crops/350741.png,6667d28e6be3871b51530c6da450fb7989065d4e22cf0081921538bb2ac5d195,4697cf8591c1cda2
350762,188296,188296,car,validation,processed/crops/350762.png,ddf126df471747b88ccc4034e9030d684974f20fda1775c1d2117a17e6f1a066,caaea5ea9d11c24c
350898,278705,278705,car,test,processed/crops/350898.png,2ee261b74b59262214e8b0eaa7019e382ef96176827732efaad8be793ab82e67,acaba99a1626ce1c
351566,127092,127092,car,train,processed/crops/351566.png,ac12e0824a953f0bf965f4ce1191b3a54bb57d9c5ea88e5a132d7e68b0e4b48b,c763e08f18dd28d8
351654,102805,102805,car,train,processed/crops/351654.png,055af2aedb67213377d2dfaffc86d30a813e0cff86ed72232aea0f52308f49e7,f1c10f940e9cf760
351695,361142,361142,car,train,processed/crops/351695.png,dbd8f7b100b9d8fb2a6590ed0e94417a17e0482005f387bad9a1724ba2f70f3b,71698e4ed6c03936
352064,343218,343218,car,train,processed/crops/352064.png,b06013fb0172315a681e7bdd204a203c1bd1d11c9d8462b8524fd8d1f9649f50,3236cde892332cec
352196,181816,181816,car,test,processed/crops/352196.png,003de1d23e9bcb84f0f77933679f1e17ffb0aa1a9f7bb773b3f4d375509c3229,f69e1f3160d082dc
352637,504415,504415,car,train,processed/crops/352637.png,876e5c58c8aa13f73266a3f96188ef46f8dc7797b22a117d8fd502dd29adac1e,84c5c5c4d3b73c38
353130,565563,565563,car,test,processed/crops/353130.png,cf4ead762364221d99c510485a9c47cfd836c767c97ee3b2c2444b94c172043e,b5ad9ad9047a3982
353394,376284,376284,car,train,processed/crops/353394.png,f9aeb4ade537d9a4e0c766971e1444de583fa6c6759ece23d040855a7976456a,6d7717c3525072a2
353538,274411,274411,car,train,processed/crops/353538.png,326f93d1fdddd30d15f940d83d0ddd2f0752fbfe2cf78bad452c18e86e75cb29,ba186766cc3333c2
353685,191013,191013,car,train,processed/crops/353685.png,e0e9764d7ed30d2e190c282d2ef579c07bc3f753f542c1dd47019c2c05f50e15,91564f2d3231e2da
353720,560474,560474,car,test,processed/crops/353720.png,9619d40a51dbe1a44e61ed75bac48c359d844917b97314af0779857346fd9db4,e1368cf00a7dd3c2
354105,157928,157928,car,validation,processed/crops/354105.png,ec995833e674c22248f2bf323f5cca8f3b51f0f17d389cbe5bb302f3881c8ea5,4c32a3fd491371e4
354160,135410,135410,car,train,processed/crops/354160.png,48303095cbc295026d89fe4cfdf51dedf9e28378fd8e70c284207870b04c3b02,7cd2e77c522109d2
354183,231508,231508,car,validation,processed/crops/354183.png,d85f58d861801e7ee1fdf71897423a84f3fad7133b79fdb6443abeeb8251d8ea,da5a535d4ce19198
354293,144333,144333,car,validation,processed/crops/354293.png,c9ac27a3a201de5a241f4784642b9230848dc841b90eae958f1b26d9f8f4e2b2,6b2bb4d818dc3e06
354320,460147,460147,car,train,processed/crops/354320.png,d565e637da99a85b5afc596bc7d9d8d824a2212862b82192883cf9cb16bfb767,91b7b59571c0e06a
354441,442456,442456,car,train,processed/crops/354441.png,1685d8358cc3fc2f23bd79066642a95f435a74fc39f4beded16f57cc17bddf2a,18fdc2f19d084bca
354561,183709,183709,car,test,processed/crops/354561.png,cb2d937684beabdadff77d2bf609897ec5f3beb74817d5ce2ac94d5d4bb0aa73,2381b56db298cd36
354583,386210,386210,car,validation,processed/crops/354583.png,9a7375c19b322170f4c415a54bb098e1a6861a6348123fd9b6cda8e0f0f5abce,ed8c127322db926a
354628,144333,144333,car,validation,processed/crops/354628.png,551fa7683e4cc1cfe90f3b231dafbba582ff6a3b0f8c67c22a09069252beb751,6b2bb4d818dc3e06
354740,565563,565563,car,test,processed/crops/354740.png,9f488d1faf5e033ef8032c8dea7c434d5605e84d3c9d64176ceb478d7fa5afa2,b5ad9ad9047a3982
354898,50679,50679,car,train,processed/crops/354898.png,05bf49966d90b19972ad6251130af8d4c70dcf4b9b1b10c42a2a1bc89a663f3e,070f1df0d0d9632e
355123,192670,192670,car,test,processed/crops/355123.png,dc8fc9340199ac7f0e9fd7de1f4d8d18b5c392353bf417feb27d3fa53dd5396f,9ac2667bc29ea12c
355211,475484,475484,car,train,processed/crops/355211.png,90458f8c576362f8b885df0222d2a2a8812dcd5e0fe3a9c3b8ccc62150c91873,acabd1d06974d468
355225,204871,204871,car,train,processed/crops/355225.png,bc998903bff32fb96ec8797102882df2375ccea986b9a34f92bf6f89a744ac42,4697cf8591c1cda2
355515,376284,376284,car,train,processed/crops/355515.png,20074278a3537233f464de3acef26aa42e73dde66fc125df79a0e8a777b5ac5e,6d7717c3525072a2
355725,278705,278705,car,test,processed/crops/355725.png,05a701caa4c108f3326f3e640a878ec18c356005d2fcc5b0a990d3e2ae24f5bb,acaba99a1626ce1c
355891,301135,301135,car,validation,processed/crops/355891.png,74bef18758808a2f806703277d8b5f79352229686fb76c69c1d9844e8e1b7539,5453da2da19a2eb4
356276,526392,526392,car,train,processed/crops/356276.png,c331d99d66315e4783543fdeecd13bfab6cec1909e92cfad7f2a9a68a54d9ff2,2897cd933d959944
356306,383289,383289,car,train,processed/crops/356306.png,d845c8c9c613394d494dba10df33091f9da52e4d129825b1a32f451f56c05a06,983227d073ada666
356603,309964,309964,car,train,processed/crops/356603.png,60322b6ffad13e2b8c6cba3e8b9c5f1428018c6b985e9eae6be4d48c773d4fb5,41d3794187a8b72e
357070,398742,398742,car,train,processed/crops/357070.png,17b8a562e0efc43954a74fa9f904653a9e0567373d6e67e753d96ec20d887abf,654f87a1cf98d828
357099,361142,361142,car,train,processed/crops/357099.png,f3e37b7eacd24d9e5a30a488457c106f69ee4dd22bda8a9a5df78f8db55ca41d,71698e4ed6c03936
357114,135410,135410,car,train,processed/crops/357114.png,2deed31b9efa68e8d41bcdf85351989c116cb666d5db3f19d92438571f0f795b,7cd2e77c522109d2
357159,504415,504415,car,train,processed/crops/357159.png,ac3a55269504bef9c42d06e0b0547f72506433dffbc7fd753c3a5641f9b15a7b,84c5c5c4d3b73c38
357256,553511,553511,car,train,processed/crops/357256.png,59e04e7fb0a49f483ffc27399016ea7e64039db186f12c4ab0139e06598fcb5c,bc50168d7ae1dc32
357584,310072,310072,car,train,processed/crops/357584.png,285e3bd8b56176d4526b18c0788945cd996462bd5943aa20b0936073e6c3e8fa,42cf4b0e6ad03cf8
357720,105923,105923,car,train,processed/crops/357720.png,a36755ffc78b8b3fe18ca1283064680939898af59ad775de4bee8ab8030193d7,c4c1c1f23a29b5ce
357839,89556,89556,car,validation,processed/crops/357839.png,225eee70bce90553e71e15b8e8899d4eb595242d8ed85518001a0d847debb511,3ba733cd2f625050
358258,310072,310072,car,train,processed/crops/358258.png,8422069f95e8238309c4843ed64d4899b2f12d73df87bd58ecd8cfc99a8f0404,42cf4b0e6ad03cf8
358273,334006,334006,car,test,processed/crops/358273.png,494ca039d37ab0be47eb64130a3b18d9d7c329fe1e76abc2ce6a99b83099e693,4a692cdeb04c5bb4
358334,261982,261982,car,train,processed/crops/358334.png,371a8d7776bef5c25b62f5390eb256f1b9bc6faac4a308b0248615ec84788657,c8e93496e727122e
358450,429011,429011,car,train,processed/crops/358450.png,2065e1265ef4bb4a1c9d5e9a8612d383680a39e2bc766d362043567f975bdc5a,fcd1028f0bb43d86
358607,89556,89556,car,validation,processed/crops/358607.png,4e2f7519ea71d4a1f1607bbbe4179e00ce2e3c99717c4a25b46200542c238046,3ba733cd2f625050
358898,398742,398742,car,train,processed/crops/358898.png,73c095eb07466479991fb2382959bbf77eac886e9daf8943a5c349139d5c4e05,654f87a1cf98d828
359124,343218,343218,car,train,processed/crops/359124.png,eceba5b14e859ae407df0f7a373efdf79ab371385a8672e2a931835d492eef56,3236cde892332cec
359167,369751,369751,car,train,processed/crops/359167.png,15bbef3833e10fbd10cce389e29efb0173972fef9e5d4f9c541c262c36756b71,b78d99839e303670
359260,97679,97679,car,validation,processed/crops/359260.png,c351e0d75dc02fa91171c6384f873584f2f4fa07521d5b35a83c82ee6da98eb9,a3e7983d02f2251e
359280,369751,369751,car,train,processed/crops/359280.png,3f2199253c3d52c362b59fe4f34bf720f9636281537b421a622ce9e7b67e571d,b78d99839e303670
359483,361142,361142,car,train,processed/crops/359483.png,c6fb65875cfc3c7d860985ad410622aa39ff02892c831c8c7bf4f13a719d038b,71698e4ed6c03936
359582,553669,553669,car,train,processed/crops/359582.png,f2b58139cdfed577ef9224204228a9859168b51a65a3007fa520b7de291153a3,2d9a5ad1ab1dd068
359634,365642,365642,car,train,processed/crops/359634.png,dc631f299124598455008ef7b7553d68209f84a3967740ec28a931c1e46f1cde,c3393170da637986
359663,17029,17029,car,test,processed/crops/359663.png,759623dd1bf67f5e2b660f8e53e55b28d78a3ad9246dabbed91e8eaebcce1884,eef999676008cc8c
360000,460147,460147,car,train,processed/crops/360000.png,4a5efd0680bd40bc82d3a208af4aa2d8172b47afed293f7e9e5f9215da020567,91b7b59571c0e06a
360213,183246,183246,car,train,processed/crops/360213.png,7e9d865bc9d12dcd1468c9908b2ad459bf631d9365d072cc1d1fde8061f30453,aba85863e68c2bb2
360363,67616,67616,car,train,processed/crops/360363.png,c32e6251b3324ce64fd3849e403c51235ad5fc931fa972f50202a8fcf8f3fca8,35a552ef561b2492
360449,224051,224051,car,train,processed/crops/360449.png,9918e38fd2247008c59cebf604aeee87a28638c9ff3046495fa610f65bfa76d4,197dbcfea5430490
360568,261982,261982,car,train,processed/crops/360568.png,897b681d1108f2d2b54ef808e233862c1c330c7cfa5cee76f0d1cdd9f88dc0f6,c8e93496e727122e
360873,124798,124798,car,test,processed/crops/360873.png,ea4d2249312b7254c022634aed94460a1dfe5e3cf3abd1da296ad5f72fbfff8d,2b0f8c544faaa53c
360889,98392,98392,car,validation,processed/crops/360889.png,2cca836b13c287f3813d60f52123846f7a39ef1c659d5fbd061d2d4b59b8e361,e7cd1a12b1a3325c
361217,376284,376284,car,train,processed/crops/361217.png,86fcf0ab3b3f0af6b7955d014b350891a88c35a8e994def1d8e6879478dd703d,6d7717c3525072a2
361366,526392,526392,car,train,processed/crops/361366.png,98ee786a52b32604b543dc50acc4a6792fdc4e13be32b103dced8fc77951fb83,2897cd933d959944
362010,214200,214200,car,train,processed/crops/362010.png,f99128ed3e21f412ece55418dd9f95bdc0ef86d2b2ebf13a3d7f3a1162ab113d,c5c1da9697e4e0a4
362248,192670,192670,car,test,processed/crops/362248.png,3292e7e67d229c2ec9f97b760339663f510b0d821ec39cc157c07d5f41d14514,9ac2667bc29ea12c
362341,460147,460147,car,train,processed/crops/362341.png,79ec40444b60e8a11710518bb12f03d01c21650b267a623218a8a2376d5dbfa6,91b7b59571c0e06a
362348,124798,124798,car,test,processed/crops/362348.png,560c67f5e369aaf685497014ae9bbf9c6f0313b0cf2c003d26f30dbdcb985adc,2b0f8c544faaa53c
362739,343218,343218,car,train,processed/crops/362739.png,52043b3f803de061f2b2805dafb7ca721270fa19989a06eaf47d16e754e0644b,3236cde892332cec
363236,480944,480944,car,validation,processed/crops/363236.png,33e94e97c41eecde87f8c71dfed6e78b56da39f0f1205fd69a106a0890c290c3,4195bf9ceba04a38
363512,124798,124798,car,test,processed/crops/363512.png,44c767dbd4177ebaf572689e236bb6278f2535552a8a2ea8311c2ec5a8e0265e,2b0f8c544faaa53c
364000,521052,521052,car,train,processed/crops/364000.png,d3e51b4a13ebab810729f443630671802a9a7d2503ca7700284e69a2ff63ac4f,7f0cf026c81f40fa
364952,214200,214200,car,train,processed/crops/364952.png,b77be075223d1e4343f02af21bd7dd1e2ba9549d628e6e8a8e8f6af5c9b0e520,c5c1da9697e4e0a4
365584,303305,303305,bus,test,processed/crops/365584.png,871bff9d8057bfa5bfd549a7104db326d3cb79c617ae0ad6a67794fd15274558,8803b7da5af4c70c
365599,124798,124798,bus,test,processed/crops/365599.png,cf2f0a90c8a29ba10ab86855de066f018ae5a4cf3869e4459534115fe5fe2dd0,2b0f8c544faaa53c
365627,373353,373353,bus,train,processed/crops/365627.png,62260dce57043caf3dfeac95ab589f125512ac0f004359c19289615cc852d89c,93b236ede439c640
365644,98392,98392,bus,validation,processed/crops/365644.png,6dbd6a22afab6b06037531724fcdf75e4b6744e317f976051a34fd42799b39e7,e7cd1a12b1a3325c
365710,105912,105912,bus,train,processed/crops/365710.png,681d7d8cd520f4c2a9da67c7d5ebfa6a9e9e95e821d3553ef2604b8ef8b23249,f1d7c7f1b1830320
365762,153011,153011,bus,test,processed/crops/365762.png,e3fa0d5a371b2fc2198ec9d9ddf9422019ef136bd5b096738e8db44f1da22ba6,27272c0c39edcb16
365809,333745,333745,bus,train,processed/crops/365809.png,609d420b4729574bd0be25e4d01d2931c41050a4ce83148a3066f4b37b097a0e,a3f8fcc5026a6f04
365831,76416,76416,bus,train,processed/crops/365831.png,8d7fb4a79fdf94b5ae6f6634a49ca1f87c46857f3a2f6e81f29e93e2a91e688c,ab64d65b05693896
365940,405205,405205,bus,train,processed/crops/365940.png,8d7879c88c3616a788639f44ded905300097e71b7562f1be18bb445e96441ee7,92cd79338c7078e2
365995,303818,303818,bus,train,processed/crops/365995.png,417c881bb9798bb91ad806e280322ea6c804c06f764cb7f856ed6eac0cc080f1,0c2d6363abceeac0
366097,203294,203294,bus,validation,processed/crops/366097.png,ded08b88f45430f6cca49e07a9a64e1e541456183b2aa1d187f29411d440a89c,2d77d3e92d032928
366139,202339,202339,bus,validation,processed/crops/366139.png,3c049797bddc72004300e4b4e41b27a84c4f61793caca16128d43edfffbed3be,a14107a93fb5a4bc
366175,84170,84170,bus,test,processed/crops/366175.png,05bd030364fb831a18176dbb1dea0a438ee7fbb4f633dd6d7c172cc6baf0c45a,845935e4733fc194
366342,202339,202339,bus,validation,processed/crops/366342.png,458765b47b831712b30c11293ae8649fb164552e17e94dbc6ce5b6e62c485113,a14107a93fb5a4bc
366345,447342,447342,bus,train,processed/crops/366345.png,8a19b9f0410adf4b73df9bf36729722dfed5a7d71f64a3a707544b60c0881048,6b2b9015bb63c4b2
366516,313182,313182,bus,validation,processed/crops/366516.png,a6a28c5b2584a4a53dfe531cc5d9db705d35130f71d26fd978c8d7553f6e26d6,032fb4e4eb93341a
366581,447342,447342,bus,train,processed/crops/366581.png,6e22da7468b8f89e04b8891e240e62d6944d4d8ce245709f9b67372e5b0a8149,6b2b9015bb63c4b2
394068,205289,205289,truck,validation,processed/crops/394068.png,4a6ac47ff55d3547e3fb66ea8b91a8fd16a8249475303c49a1859c8c2e4ae56d,61d39f2c4817b760
394221,205647,205647,truck,train,processed/crops/394221.png,5c24d8ccb69176a41b6935a20c1aa1447ccb4d24ab53a71f355e4ecb6892bbcd,a1ae592624fa89b6
394297,542625,542625,truck,validation,processed/crops/394297.png,699cb6499c8804be3ce0af20c025d6b79797ff2e9dd2681f471baa7d7b4f84fa,ae78ec030bec9076
394319,414510,414510,truck,validation,processed/crops/394319.png,b1e151998c9bf94e39723425279f0b1b673348e2d50a733ca1aeed544924fa3e,f2236fe1c08dcd28
394571,442480,442480,truck,validation,processed/crops/394571.png,a039c4aa4396913f82cd047fb5be426487c0c21e02df117645d3ea8de34a43b8,b2ce4de13636498a
394593,140203,140203,truck,validation,processed/crops/394593.png,68e27bf85552306484300997023fc30bdd21de1c50e49c6aab61b4ce2ba2538c,85845e5fa5a7a134
394633,153011,153011,truck,test,processed/crops/394633.png,fec235b13ce5c8159d3e9495d780f99c660f49691bc8e811d4a9261087205a20,27272c0c39edcb16
394674,426372,426372,truck,test,processed/crops/394674.png,15c39fffd8c388e7d66e778734920f2ddf3afb8f9628e3f8e11164d1a8467cab,bd92d225cae42f12
394809,568290,568290,truck,train,processed/crops/394809.png,c996edab5ba17cff835b4af6c290ae39f36cf854a36035d01f78a5e20dbb7118,5a5ba3627b38c312
394811,515266,515266,truck,test,processed/crops/394811.png,193da0e23e2a77c6227f935a6c58518fe2af6cfc928ddf19b89f7e362978ece1,c08046f67767969c
394823,219271,219271,truck,train,processed/crops/394823.png,f0c18298489cdb4d59e7876eb371633fbc9a3335751bdc8be69d72d411187af3,594529b79ce3542a
395266,46872,46872,truck,train,processed/crops/395266.png,fb60b987c338dc71ddff6fa57c48d28e203d62a4ffdb3f5b42fad7238f4dadd0,6b9a07495a3ced88
395283,362682,362682,truck,train,processed/crops/395283.png,62f7ef64463ae05d5a2d2d1ba5b88141b40448f54cc5642f2265d62cd474dab6,b8fd058a0854fc3e
395487,469192,469192,truck,train,processed/crops/395487.png,a6e6f444db2631d48696866b54531697ddddd9f528de6ea41991c71a9004f667,b24cb4f30cd53a2c
395518,405205,405205,truck,train,processed/crops/395518.png,58a2746f0e33551d9ec475d1344097962768468e11a93a67244932690172f205,92cd79338c7078e2
395534,141597,141597,truck,train,processed/crops/395534.png,4bd54d61805f98210af37843c96b6e9754a2274082c33895e208873379506db4,d5b5025e68f07724
395596,192607,192607,truck,train,processed/crops/395596.png,d8a2411f0cf900f81322672891953b3dbfcb00f07e035776f466dc7138603ea9,29804aafda8e367a
395730,220732,220732,truck,train,processed/crops/395730.png,c6bb8ecca0e7a27d915715535049695b52c24a755ea70ede27b40b8373166e49,88cae7641a533c7a
395759,378873,378873,truck,validation,processed/crops/395759.png,d7b9d0c7c3c607f6c031baf4a9a0d3ffaeb33a525e6ddf4ffd244283d0656875,2c552fa5e47495a2
395806,148719,148719,truck,train,processed/crops/395806.png,150a13a7ca9acaf26414e1fcd2b718479e6abbcb29b941c2aa7b4ce4351fffdc,db0b6a499bedc300
395892,396338,396338,truck,validation,processed/crops/395892.png,3b6b81cc1e44c9d27b7ab32f9f82cc1f9923111b832d4a9008ea08b48002cdbb,a9da9989dd25f300
396181,297022,297022,truck,train,processed/crops/396181.png,cee4437d8f1ea59cfc81598b84b91ebd73ceda2d3cf2ee3f0806856745bc7464,f7e909d2b624cc48
396314,196759,196759,truck,train,processed/crops/396314.png,66d84a125bbfbaecdd32ea2572b1b32084e371370c9175af92ca077cbbdc643b,8940773f88d1376a
396316,467848,467848,truck,train,processed/crops/396316.png,a7fe7ba705bf33c24262e77e018d12ca5c3459ed780339d60730a68f7994f8fa,ddd9da6d207a2320
396381,521052,521052,truck,train,processed/crops/396381.png,d921fded7080b384416e6d192dc3188cdd5d78d20e71b8ee4aebeb9e9c9dc76b,7f0cf026c81f40fa
396402,334006,334006,truck,test,processed/crops/396402.png,b8883ee68278e6a4bc9f3e06d425bbfc3acbcb24a66e0983da67171561f3a34b,4a692cdeb04c5bb4
396642,283038,283038,truck,validation,processed/crops/396642.png,502663cc8918fffbf0cb9dbd0e0e1a37c1f4fdc9d2cfc03acb8abdf0c0e58b78,c101c71e1fbf4c8a
396661,569565,569565,truck,train,processed/crops/396661.png,ede5c23010d5c39949311d9607b34389cd7b3bd79409fe08e8e5e0d4095d6d04,38516b69a5b23b86
396714,393226,393226,truck,test,processed/crops/396714.png,a6ac76c4ec7380785e6d3902e30ffd783dd920b8b98f9c0aa83c13134c4025be,1f9f43f4a10a626c
396778,382111,382111,truck,test,processed/crops/396778.png,c53c253b406967544fe06919b953813145c761350a2bf7098d6e8030896cabf3,ad56d2b14c8d8e54
396804,18837,18837,truck,test,processed/crops/396804.png,dcc3eabb04ec8677ec95ae879b55f4a3158d99088e4074a77d8a44dadf78d87c,57034e156f85b3a4
397076,474164,474164,truck,train,processed/crops/397076.png,8a8e746fa8419fb0acfc9ccec5774139b1d7bf9a860e2ce754ce2deed0e82be4,074f78b98f270c54
397308,183246,183246,truck,train,processed/crops/397308.png,e12575001c9187658e42dac9a2190d7b4aa2f5af7ad25e52077d967b4e4fc2bc,aba85863e68c2bb2
397357,124798,124798,truck,test,processed/crops/397357.png,999418f7558deccb8ca1adeeebb97ac5dae15aa0bde894edafd8606e58955c6d,2b0f8c544faaa53c
397553,460229,460229,truck,validation,processed/crops/397553.png,2c4b3c6ca746deacf974f71f5d1caf0cdeeaf6214f2ce72fac433c2ffad3191b,f769698682a1931e
397599,123131,123131,truck,validation,processed/crops/397599.png,04ff3ff62821d14d0d3106e6fdef8e24d58f9d1f5bba9197e78ca087b5f91cdb,65679818ef26c49a
397680,393226,393226,truck,test,processed/crops/397680.png,a98e5ff9250cd60c1a975c00b193d59edb52bcfe28f606c30d73a7c601e6a47c,1f9f43f4a10a626c
397682,362682,362682,truck,train,processed/crops/397682.png,f13f24f3cbc75134de7eb9cda709331225a10eb9fa70721e49612f54b43f42d3,b8fd058a0854fc3e
397798,345027,345027,truck,test,processed/crops/397798.png,c88ebda5c076c0d0a94d3c0ac9464192bef2619c2befdaf91f07d77f91136caf,1987f8078e798678
397971,396338,396338,truck,validation,processed/crops/397971.png,03f73410dbc9e9d3d18bd545866fead67682e0b942997190a323893c62677916,a9da9989dd25f300
398193,467848,467848,truck,train,processed/crops/398193.png,fc3eeccbde5c38b011c4ccb5912138d58f417e9d8dee6e3fbba22956a9427b14,ddd9da6d207a2320
398237,367680,367680,truck,test,processed/crops/398237.png,1c0ba5ede2df0b1907c1c3f16cebcec136d182d2cb3f05e3181d33fba87ec614,127b2d174d9c96e0
398534,401862,401862,truck,train,processed/crops/398534.png,41f0e3009f08d054b9d0ea2307464c43c734ba9f87d74a9a2a3562018556e118,b50d06b2f930c8de
398584,550084,550084,truck,test,processed/crops/398584.png,bae8b9311ad0a7724d96aa14dd5077e33ed0a491b51dffb2043036ab56fec9de,ed64139927ee5806
398786,439180,439180,truck,train,processed/crops/398786.png,64a09ecb57c9fdad7917d4fe9d8f12bf553e6133c5148a350375a6f0a7007c98,77377717074880b8
398874,177934,177934,truck,train,processed/crops/398874.png,6656c473109e08909f99eb2128b2784b00757a60ce1d3151483ed5c8ef363cfd,bf8583f79850e068
398974,147745,147745,truck,train,processed/crops/398974.png,0cc982e54a4d9313347c0dd361e2f7d65630251b8ee4a74aca2f74ac869da196,77d72a4984dec062
399108,33109,33109,truck,train,processed/crops/399108.png,ed5067096f7d783e6a66c48c396b17964ca8f9ddfa395f8e457bd1a19467f10f,ab29b196707ae24a
399212,188439,188439,truck,validation,processed/crops/399212.png,5d85a2ec748a782549683a4ef78bd0739275914519894ddfcf412edcd1db6e41,79f5730007298f66
399267,295420,295420,truck,train,processed/crops/399267.png,43b1c29ef52bae78a9344660d523f03f57a20cb6123962804e6216637bf9f22f,83137c6cecc0933e
399477,148719,148719,truck,train,processed/crops/399477.png,e1624c098b4a7fe43fde0c249fa91be4bcaac229dd705f7b86f679f160a8c38a,db0b6a499bedc300
399512,154000,154000,truck,train,processed/crops/399512.png,48de75c44744c2fe8dd33864820bc11ef3efe3c3ab0c6151b1be3d8acccfcd15,7b898a37325889ce
399572,147745,147745,truck,train,processed/crops/399572.png,b837b3f38977ae2a77e6852d35eca1bd30a7f41474b70ea8fb25ed7827d00d8f,77d72a4984dec062
399695,242411,242411,truck,train,processed/crops/399695.png,04c791986712a80bb4b3ccdc13ff4792c63fc07fd2e4f6e1ca7af23fec55f2f6,e36118972ba25ef0
399932,334555,334555,truck,train,processed/crops/399932.png,67402fac20f3a3d4d08689e28f2edce1eb8faf379e468bd33e3f09c059fc531d,5b5924060b69b5be
400314,242411,242411,truck,train,processed/crops/400314.png,1d9224d0541831dd77de1db11cc3cb60917d502e8fc83764c2feba54902c6e3d,e36118972ba25ef0
400372,177934,177934,truck,train,processed/crops/400372.png,6c034132adb7e4c3b8c32fc7eb4ccac91a8e2558fd18f264092b859ce5e65519,bf8583f79850e068
400424,439180,439180,truck,train,processed/crops/400424.png,ca3a26b676d80080f04269702ec45c55e9a43b9bc1a1fa823504009eae3ecff7,77377717074880b8
400508,569565,569565,truck,train,processed/crops/400508.png,7d5e35cc3977bd2847b2c19f2ba9b987bbf11a0f5adb9567e451aa6324cb143e,38516b69a5b23b86
400632,154000,154000,truck,train,processed/crops/400632.png,fb62514c1971fb9491d35678094d2e24cf79cbbf195429e06a4fdf01763164b9,7b898a37325889ce
400673,350003,350003,truck,train,processed/crops/400673.png,84c016fa7f441747a74b97921d220bfd38ca15873115c4b663eb575207d38e55,71e14d58f8ef2610
400753,126110,126110,truck,train,processed/crops/400753.png,70bffe90592346dcea0488cdec12e184644644d5ff802845398754101428a5e7,e2e44c8d336ac7b0
401670,191013,191013,truck,train,processed/crops/401670.png,6db5836cfc95956935a2ad238f4e492f94d7b5688a35fc3535213635739a783c,91564f2d3231e2da
1191161,157756,157756,car,test,processed/crops/1191161.png,ee32aa12bca63b1e54cd7e1ed803e9569b2e02f5340880eff62de9a1e122348e,7ab1854cf80fc4b8
1191608,464824,464824,car,train,processed/crops/1191608.png,bf11c24eddf019a8b04f52e192b11cbce9f322d7666d5fa5bcb529d748d0a344,ddb8b197a5b11206
1191924,44590,44590,car,validation,processed/crops/1191924.png,b91bddfe50a31271e47548d3301038bce6f92b92172242e35214adf345ad3096,0fdb700cbf9b04e0
1191953,303818,303818,car,train,processed/crops/1191953.png,6f453dbc6b56ff7aab854bf4934775aa7b58cc50f6927b05a67252bad460350f,0c2d6363abceeac0
1192053,442456,442456,car,train,processed/crops/1192053.png,68f20c8d475b8f6622bb01bd3c654917e1adb9a6b0ad3d9f1cbd28f0f8ad0f3c,18fdc2f19d084bca
1193519,442456,442456,car,train,processed/crops/1193519.png,a783ff798d60b65d58d3da0f32fc6726b07be2504301c2a282d98de252dbf78a,18fdc2f19d084bca
1193606,553669,553669,car,train,processed/crops/1193606.png,a595ea53cabd93cb26458fc6634e2d7bce0a4f7c26fdcbfc787a1040007baa2f,2d9a5ad1ab1dd068
1193729,499768,499768,car,test,processed/crops/1193729.png,f6b5f60501e15e638ae7731d12ce245c9cc07e6aee3c8f02be40b88f389aa198,7aa58c683dc1e43c
1193879,470924,470924,car,test,processed/crops/1193879.png,275bd661742b8c2e2e304b20024c5f43284b650e496ff6eae3557aa145271472,1673ac80d94572fa
1195607,553669,553669,car,train,processed/crops/1195607.png,7d8a21883ea07bc3b3799037afd979e8ad7f9ca4fc4f0d982c0f19ccfe507bac,2d9a5ad1ab1dd068
1196027,480944,480944,bus,validation,processed/crops/1196027.png,84bbbff6235338c4fc13836673c8914a666278187042d4601978558b5e01c61e,4195bf9ceba04a38
1196080,313588,313588,truck,test,processed/crops/1196080.png,e382c5f6cdf1732cdb4f884f9f67a0e8b49b8f738638f605182897dc88615609,9517098d8b8f1f8c
1196280,314914,314914,truck,test,processed/crops/1196280.png,8529f7d19a4e7db378320291c32cc1d78a3789a09d9856f92dc23a610a3ac92d,1995d39ef7401ba0
1196296,429011,429011,truck,train,processed/crops/1196296.png,ae8ddfa20e9afe5dc32a6883e5c42adddfe5440a40a19c2d00541a1b9e944ef6,fcd1028f0bb43d86
1196576,272049,272049,truck,validation,processed/crops/1196576.png,afb6f35097db1fd531e8611303bdc3fbe5310e91b9df8bb4d117ec857ad20b1e,db494d962d99b340
1197094,555597,555597,truck,train,processed/crops/1197094.png,25cf70cc7d45743c6395d213c06b8c4039374e410a8f0db37f69a70bc4401af1,f7430cd8e1225dca
1197331,153011,153011,truck,test,processed/crops/1197331.png,4ac8678697aed39833cb20b2fc864292de51e65726dbbe3f620f1a8c057c2b51,27272c0c39edcb16
1197909,465675,465675,truck,train,processed/crops/1197909.png,7efb6777da4f0eef8ceb4dd688264f2ca23d078a4fcdd08da3028129f7816a61,5f2984d269a58ada
1197912,332318,332318,truck,train,processed/crops/1197912.png,77ea6f0141c6ce3cdf7df7756063e10f56ca334f34b815d8556053a3bfc3cdf4,a1d3eb8d8a059f24
1337502,175438,175438,car,test,processed/crops/1337502.png,00ee7be0332d89fc1e0e2d80c26971ad063db95a9a0fab966640f09979c3e0c9,072d498ad2e2f29e
1338190,421455,421455,car,train,processed/crops/1338190.png,084e6dd699ff5b2feca5f0c2275cc6842e7e42857ae52a1c00fb1c2e72f30de4,692e34935ad8b4b8
1338492,210273,210273,car,validation,processed/crops/1338492.png,bd39789eb67b31e0a77d48e37046e655c84d068dbcde2516a4cc58d2e80e5d30,0b28f4dcc6d2dd28
1338655,175438,175438,car,test,processed/crops/1338655.png,1a7fbffae1be62a9007cd17b5f417f612e7b3f3514c164120468c0a765b11cb3,072d498ad2e2f29e
1338741,344909,344909,car,train,processed/crops/1338741.png,e5e6a89585668b177c5634f6ce209e9201ed91ab23cf5cfc327d9618e3a2bacd,c36139150dd7b52c
1339321,115946,115946,car,train,processed/crops/1339321.png,8e9fc8db8a0103cfad69bb4bf0aa660f7438480a8e594e32b03ab27bbf13deec,374acde5981d94a2
1339484,416885,416885,car,train,processed/crops/1339484.png,5ba5c1e979f1b99a3b5927dca7368996d73919e00b153644976f7ce683e5dc66,71ce99878684b2da
1339844,224724,224724,car,train,processed/crops/1339844.png,161984aedca965fc4177917c0e8c074a983d2368e37ff503f619516950a1465f,6d44766e1ba9bc02
1341191,303305,303305,car,test,processed/crops/1341191.png,51f6aa3e6ddc24adbca06ef99fddc555459da2c83c21e2952f89450f3d303b48,8803b7da5af4c70c
1341427,9891,9891,car,train,processed/crops/1341427.png,46ad53fb0cec7321dfa923c9250413985e91d8181f77785bf2c9a0bb084c7e95,e18e96d0586cbc9a
1342827,344909,344909,car,train,processed/crops/1342827.png,a8ed7f29cae2f057716897f13ff634f857ef1e960b7ab2464f376c3804d31690,c36139150dd7b52c
1342904,236845,236845,car,train,processed/crops/1342904.png,fd115d0a36327a643ff0618dba8509f677aac0d775c01982663b963f118d3d18,8782cbc1e1e075f4
1342990,308531,308531,car,validation,processed/crops/1342990.png,2815f5c45bf464e203bd36ab7b7f1fdc711ada2966f6badcee1429338ce1c0a8,ad858492bbab0a3e
1343749,555597,555597,car,train,processed/crops/1343749.png,964a713343d6f5143532914cae82c75bf102e55f67184d53561fc358e9c66ef8,f7430cd8e1225dca
1344105,126592,126592,car,train,processed/crops/1344105.png,790d7c652c23549d17204680a5d4060523c5af18dbabde3923dd6498f4819780,a5afa81831c20f7e
1344285,504415,504415,car,train,processed/crops/1344285.png,66b3e263b3855dea448f39b6f47380e4977f46e97786a49de10f82e7aa3fcf37,84c5c5c4d3b73c38
1344872,564336,564336,car,train,processed/crops/1344872.png,a52bc9bba3f794ea62558d6d5d553422f9f3959ba6a9600fcd3801114cd76110,31785a2486db68f6
1345040,89556,89556,car,validation,processed/crops/1345040.png,10cb13276311cca8274ee34b6681c0173b459b4fc0c8f2442dc6d39675fa8f38,3ba733cd2f625050
1345187,135410,135410,car,train,processed/crops/1345187.png,8e94d637b31654e655092d51139854b4b433bff27678e20df042383084cd2c5f,7cd2e77c522109d2
1345286,175438,175438,car,test,processed/crops/1345286.png,a6e971a515e109525b41558a7aafbfbe77aac06caabd2e594de7c4cfc7bde0d4,072d498ad2e2f29e
1346874,196141,196141,car,train,processed/crops/1346874.png,1ad6bcfec03db7ea7cc23e3e9481a2c2942acf0b70c596fd43231c3a119a618c,a47a1e816bec0ed4
1347422,505942,505942,car,train,processed/crops/1347422.png,5559037b978168e22d6ea072a7ce6009de236e16a5c2c6a3343f3316d7d1ee54,b2f3c1e4bfc02126
1348462,166391,166391,car,validation,processed/crops/1348462.png,2e85b0132a6c18e2bbcc124af0c785c7915478405faed509231a8c0ffcedfa3f,0b5653f356097ab0
1348677,210273,210273,car,validation,processed/crops/1348677.png,74a0b10075fd3ae9dff75405cfe5d3e988cb22b95c41df8f0253e0e61485d30b,0b28f4dcc6d2dd28
1348963,430048,430048,car,train,processed/crops/1348963.png,7dd7a242ea91453bbaf8a6078e1fb0c14b66465a2c119fe737ad0a26b5348870,edcc44cd10ef30cc
1349195,175438,175438,car,test,processed/crops/1349195.png,1d5c5c51a346952785965fcf626b990b726d4b9ef9b3ea8b870aefc84ea1ff95,072d498ad2e2f29e
1349440,383289,383289,car,train,processed/crops/1349440.png,f57a0eceafdd1498ed6e8a3b90ce453ceaceb0fbb5e89978afe004e353c85d8b,983227d073ada666
1350275,196141,196141,car,train,processed/crops/1350275.png,6a84e0e01b40d474eafe095625b7cc26ca95de9bdf8721b6315c71fc5f042b65,a47a1e816bec0ed4
1350457,555597,555597,car,train,processed/crops/1350457.png,17daf20eeceb9ef375b19f7072366e18ca5719baf93e3ecbbf82cb0daddc62c9,f7430cd8e1225dca
1350482,458702,458702,car,train,processed/crops/1350482.png,464afff57e8b1ba7e582cb4b37438d50cd47fa2958e87775a9dff43fe3b82d7e,aa835ba82ddcb81c
1350557,165039,165039,car,test,processed/crops/1350557.png,69b070ce6d8ad31b7c948bc4c6632a30f718ba9c070b104f772e3c84e9ea00c1,6571d199b8788996
1351883,427655,427655,car,train,processed/crops/1351883.png,7d1a0742c68c446d4c4c333b102f0149297fd2abbff04d00bfa00b01ab0090f3,61790277271bba94
1352104,343218,343218,car,train,processed/crops/1352104.png,4f9cecde1c0cb68687188ef4927ffee7d4fbc65fd0b1b7bfe4096af99939941b,3236cde892332cec
1352285,168330,168330,car,train,processed/crops/1352285.png,864e58e93875f4055d3526f2a2d3555b79560faece65e49f357cc89b833d1ecf,87e7e7e8580d0d88
1352579,458325,458325,car,test,processed/crops/1352579.png,9d15d7c615255bfb4d0501a848317cb0802712b60c93741834b3f314342ed647,0dcc859f5a84997c
1352868,458325,458325,car,test,processed/crops/1352868.png,4e528878fba8d2b34cd7c206519d6412999d14aec4029148cd8566d70bd2cce5,0dcc859f5a84997c
1352895,183709,183709,car,test,processed/crops/1352895.png,7fa9c4505e82bc7be96355f3900440c0fee579cc4ebb7575dddbaaa55d46ef53,2381b56db298cd36
1352896,210273,210273,car,validation,processed/crops/1352896.png,e14b30045fc9e1f5dd9d2bf6a9c404624ab2d2d3298544a1184e1486c54bf9f8,0b28f4dcc6d2dd28
1354097,188296,188296,car,validation,processed/crops/1354097.png,0ae03f18127baa01f38af86e7f22a9fcf0b341a36bfcae5c99766f3c1fce8dcd,caaea5ea9d11c24c
1354884,506707,506707,car,train,processed/crops/1354884.png,2330308dbe7d07f549406c44aeea3483bf9bf97b9a80fa320d44b3a43e85b287,66e1341bc1c469be
1356938,126592,126592,car,train,processed/crops/1356938.png,ed4d18ca348f54838573d02e469ce4e4b9b4c832a0fa15763f9efc1dfba9b41d,a5afa81831c20f7e
1357195,210273,210273,car,validation,processed/crops/1357195.png,524bfdf7433e87145c3c49b006f4503b3cf8bad705046e8b0c8fc0bd964e2a5b,0b28f4dcc6d2dd28
1357311,210273,210273,car,validation,processed/crops/1357311.png,3a9ea3a324e13b2062b7e6ab70d253ed398af568cbefedc67cb4e1a761d923db,0b28f4dcc6d2dd28
1357742,301421,301421,car,validation,processed/crops/1357742.png,f07934cb4db1c132f4c2e8fa00138db663d23182ae9d54e75bca5499f77280c5,3f3e318832d5a45a
1357979,183246,183246,car,train,processed/crops/1357979.png,1adafde7ce695c3c41e28dedc698aa0247e72502720403c7e33ceb36503a0f4b,aba85863e68c2bb2
1358223,555597,555597,car,train,processed/crops/1358223.png,22170c86d4e0dee2b70580bf027b391922a101759408f4558d54f9f05d880d75,f7430cd8e1225dca
1358343,458325,458325,car,test,processed/crops/1358343.png,60432c36a5bd2474f7bd129c1d991323debddf5a6b60d19853270ec2d34c766d,0dcc859f5a84997c
1358421,126592,126592,car,train,processed/crops/1358421.png,a181a52212df546a7b53d861bccfc831f9ff4accac59dd4bad83cf3f534d96de,a5afa81831c20f7e
1358429,458325,458325,car,test,processed/crops/1358429.png,9575e7d68ac1db8efde864f905b49d54d576db8887d786ad3a4cea1dfa0c30fc,0dcc859f5a84997c
1358475,458325,458325,car,test,processed/crops/1358475.png,89c869f278ea627945291b614d01f35d9e70fd4f4c0e85438beb2507dae8aa24,0dcc859f5a84997c
1359105,458325,458325,car,test,processed/crops/1359105.png,46587d49082cd6342852cdb81f9015a44acb9c88d830557bba370088950a987e,0dcc859f5a84997c
1364556,289222,289222,bus,train,processed/crops/1364556.png,b4a5785d38f7b8cfd201b6b8ad5b6c86ce6017c7ed97c120b0929ed1da468fcf,d19138670e75b11e
1364599,204871,204871,bus,train,processed/crops/1364599.png,7ac5173565affa8fa9d820d3e380de19e28e7c6b6a902b0c232b434d0632037f,4697cf8591c1cda2
1364630,436883,436883,bus,train,processed/crops/1364630.png,687c90df2b26f10ae6e55c96c2d7350fda82e48aa716fa2bbbdcef4bbce5e3d7,7135c89954e330ee
1364776,15517,15517,bus,test,processed/crops/1364776.png,550e47aa8a9536b26894b846173a064bd18aa9b8eba54b1f46281efb947598c3,879d7e380e613ca2
1365241,210273,210273,bus,validation,processed/crops/1365241.png,1d8d70e1eda4f3bf1d10383db8768469efca6332ba0570b5cda8567906a97e41,0b28f4dcc6d2dd28
1365432,309391,309391,bus,validation,processed/crops/1365432.png,11011f9916adc868880f351f472305eca4929adc88ae68f76ada334346c89ac1,af168c66d57862b0
1365665,15517,15517,bus,test,processed/crops/1365665.png,3d3c0ca2e61a2e2c6baa77aec30e73c969a52240dd1aeb4d3ab1927009e31a7f,879d7e380e613ca2
1366023,336658,336658,bus,test,processed/crops/1366023.png,6746fccf6b2de8e98262e5add16c15fe712c5a50e4ae1202b6b2c09332567aab,86d38ec0308e7b9e
1366087,210273,210273,bus,validation,processed/crops/1366087.png,4f509a5361b2e771f28c88abc56c6ac7d1bbe9b2c8029c6f1f664b597d6848ea,0b28f4dcc6d2dd28
1367537,573943,573943,truck,train,processed/crops/1367537.png,c0bd83a8fae2103f1d6f4f92216308a3e7a56cd5e05f5e9522ed620fc7903abd,254ea5dad6245e70
1367568,33759,33759,truck,train,processed/crops/1367568.png,a049bdf618b9f15e6316e71c0ab6fb6a0751039248a020d440898d739df0e7e4,dec13a1978e30eb0
1368022,212226,212226,truck,train,processed/crops/1368022.png,113f4e1ccc1423393c44e2a67a5a34234b8d078f42cc966e1521e499cee7e76f,d78b7915101eaab8
1368047,67616,67616,truck,train,processed/crops/1368047.png,2506979557449fbdbde5601117130a4897c07ef731dd3387dd70a0c895d314db,35a552ef561b2492
1368385,310072,310072,truck,train,processed/crops/1368385.png,645371c9cbd457514fc34a146debae881c5582013bae89699ae1f1611356314d,42cf4b0e6ad03cf8
1368841,523241,523241,truck,train,processed/crops/1368841.png,5776d8029742732e8c07529c96fb72842ed66295011e2bfcc421461e9a0068dc,a7e690909f9ed092
1368915,229948,229948,truck,train,processed/crops/1368915.png,ad12c3523759940447c29f981ae1b21aa7b9c2ab53abbc537ab7950bc076ee0e,c7c78e52113723ca
1369143,310072,310072,truck,train,processed/crops/1369143.png,9747c853f83aeeb99aa5177bd1a905f330c65ec94384d50a0b1ea7dad572b421,42cf4b0e6ad03cf8
1369213,498286,498286,truck,train,processed/crops/1369213.png,c34b128066b3fc996183c2c8efd7add3ddfb9508f1744cc0b950d5db2bf91684,1b9799c8cdc166c2
1369691,357737,357737,truck,train,processed/crops/1369691.png,32fb16609a815ba4775c6a0fca3d60944954e861cb2395670ac2431fc96c0d31,f535296a38a28c9e
1369775,334006,334006,truck,test,processed/crops/1369775.png,073969dfe1a42cd90675844042853b7b8ef07c1b66d7bb9f0e0209268f550e2c,4a692cdeb04c5bb4
1369809,577976,577976,truck,train,processed/crops/1369809.png,ddfcfa14474d197406c720cc9c421ac9c31cecb40af3fc8d0db344fc77e22e40,c9d93624c1c8daf8
1369993,189698,189698,truck,train,processed/crops/1369993.png,ab771465a6e58ccbb0f4e51e77bdb7c6f2ac6bccc772f5d49951ebdb080126b7,aa6f3a46f0c4f2c0
1370654,188296,188296,truck,validation,processed/crops/1370654.png,655316ffa80bb23f8bd14ae8dc792eda8908f13676bb5f6019f0b31ba08ee7a4,caaea5ea9d11c24c
1370704,442456,442456,truck,train,processed/crops/1370704.png,db0e9b2ac0c326e831db09b891cd64374a045c44db7e8e1fda81eb9e76fa49cf,18fdc2f19d084bca
1370731,356612,356612,truck,train,processed/crops/1370731.png,44aa558e40e9f44274ffd23a6f32e0cb43784b72b3131ec774865a13c7e81146,bda1425b0b85c66e
1370810,148719,148719,truck,train,processed/crops/1370810.png,d3dbfb4112ab36f18f9b5370432e09c3a2c30bf64ccd556ca70cbb4bb0b78547,db0b6a499bedc300
1371014,74058,74058,truck,train,processed/crops/1371014.png,0ccb9a90192602b4287656c08f8540322c98f2b960b070b497c09730b6e30314,2b792ab1a5a9b152
1372287,203294,203294,truck,validation,processed/crops/1372287.png,8f3a59f08f5ec7bc28c9a225838cea580183069b9f47bac1bf6d25e7e3b9a216,2d77d3e92d032928
1372445,147338,147338,truck,test,processed/crops/1372445.png,e1b7a7a117f7d630c2e48e1b54f59cb424f6fd39549a1562b90c39c7616b5c69,969f1991c7c53c90
1372900,219271,219271,truck,train,processed/crops/1372900.png,f32778840304ee3e6f17e976f49d631c7ea44da968e31ba76eb59ce1fe0d6e5b,594529b79ce3542a
1372939,573943,573943,truck,train,processed/crops/1372939.png,5a16ce3f5b0b4c236995889f0b4b7eb9279246879efa9541cb1ce23e02503f1f,254ea5dad6245e70
1372955,564336,564336,truck,train,processed/crops/1372955.png,b325dabf0faac9c6929b4b69fdd443c9a6f66ea945238f19da882a906d83d8ee,31785a2486db68f6
1373019,219271,219271,truck,train,processed/crops/1373019.png,759cd8237bc06d2a6c2dd8ec0badf465d71bf1ecca53797d4dcd56dabbb706d1,594529b79ce3542a
1373381,144300,144300,truck,train,processed/crops/1373381.png,d0f37ae461dbeca6d9e8290b429ce95b5bcd582e52a5da9f0eb844681534e467,1d4b4f0527b9b8e0
1373630,147338,147338,truck,test,processed/crops/1373630.png,e5712c33efbf34ad8504525ed273601d0541fcaaace36cb101379f6f90ae419e,969f1991c7c53c90
1373770,515025,515025,truck,train,processed/crops/1373770.png,120467c35d4d2c801c88f304a23bfe0b36041c4b0aaa5ab9a0eb15b25c0faada,a64d813768db2ee0
1373834,128051,128051,truck,validation,processed/crops/1373834.png,3b6e260c51ae3f962685854244a667080df346b811d4cebf485413dbf1a9dfb9,c5f50b4b7908e9b0
1373917,515025,515025,truck,train,processed/crops/1373917.png,e1ca13374c2171d625155c8efd14593d6a7770cc76fe4619da42c7fe903cdf1d,a64d813768db2ee0
1373932,147338,147338,truck,test,processed/crops/1373932.png,9428dbf11afd4c431d1308554e5c49a5e09360878fdf43feba476f85c6ea3d03,969f1991c7c53c90
1373989,128051,128051,truck,validation,processed/crops/1373989.png,01337756394efd315d0ba5ec70680b519acad6d4c967ce580f819750215786b7,c5f50b4b7908e9b0
1374255,166391,166391,truck,validation,processed/crops/1374255.png,80b2720efa1b2dde1a17ad71883dbde70dba63206868caaa7db0497e7418757b,0b5653f356097ab0
1770350,365642,365642,car,train,processed/crops/1770350.png,ad0ffe4d3df05b8b8ad91dac524647ae8b2795fb809be020150e1d4093b23002,c3393170da637986
1770473,125778,125778,car,test,processed/crops/1770473.png,69b490b3da83c7bd8c9346dd5834a4fdfe7f9c94a5da66c2dd43c82b1a8a68b5,29cb322acf94972a
1770856,293071,293071,car,test,processed/crops/1770856.png,59c0b6c35a77af84b1ce70cfb6fe16603ea693fa2127bfe2be923d8bb3ec76f9,b2b3a323224e3f38
1770961,383289,383289,car,train,processed/crops/1770961.png,73365771085ede579d5e84043e28fe8865c82265141621b9437a5f87a469e8a8,983227d073ada666
1771130,97679,97679,car,validation,processed/crops/1771130.png,e7bb6aa388b21977e626844bc98ab312c7db0a17838dc5d0e0ebadafebe8834c,a3e7983d02f2251e
1771862,338986,338986,car,train,processed/crops/1771862.png,5a832affa9c087715b908fd45e6ae491bd2c281f5782c1fd81aa7d8158ba4588,0ee40953ae55aa7c
1771963,396338,396338,car,validation,processed/crops/1771963.png,564a670a9c8a9d0ae4ce016b123373ff8cf602d100c946375d2970d424a82582,a9da9989dd25f300
1772188,213255,213255,car,validation,processed/crops/1772188.png,7938417cde2545b8a31ca0b37d0514505ababf3e7a2261cab57a90b0acfcca6d,b0c4381886df3af6
1772242,196141,196141,car,train,processed/crops/1772242.png,8646b4ee9f2937b4ae95e4603541b8814706d11006ba958132b09d55e65abf22,a47a1e816bec0ed4
1772442,192670,192670,car,test,processed/crops/1772442.png,66d1fe32a2a98e22aa2eb03162f0f905ba1270354337c2c3a9b15ffc47e31485,9ac2667bc29ea12c
1772462,474164,474164,car,train,processed/crops/1772462.png,257c797b02cfd77d6eac81b731669d0c972f9d55191fd73d3e52eed0ff63c114,074f78b98f270c54
1772733,499181,499181,car,train,processed/crops/1772733.png,219a43aa742b5df738ac1fe3e04d7e0a83ed8fd22ee2462c6710477a72afa39c,bbf44d6032dce304
1772825,169169,169169,car,test,processed/crops/1772825.png,3836a536f18fd7ace2e629706478a600ebeea0ba15263faa23d05b4bda147a23,fcfb3c1740232970
1772957,84170,84170,car,test,processed/crops/1772957.png,4b59409176976d79449e4f5cade73154a6e1f9d8116f1e804033e6ad8b64b5fa,845935e4733fc194
1773132,67616,67616,car,train,processed/crops/1773132.png,670b80ca548dd9898ad2c504d8ace05edf452b61c220c2f02087e4f9f62d0da3,35a552ef561b2492
1773139,438017,438017,car,train,processed/crops/1773139.png,a1c0f5d2a1149621e4b840d97a833765b814e41de10b259ca15b559570633722,01d0fe3b0106ff3c
1773524,458325,458325,car,test,processed/crops/1773524.png,11152a70f51c7e22862bf4b995dbcde8008e2d3649ea54cc52a20f10478f65e7,0dcc859f5a84997c
1773764,274411,274411,car,train,processed/crops/1773764.png,48abb39238dc777ba0d218c868d9f0ae024c42eb542922b7c1f1ad6047696e36,ba186766cc3333c2
1773942,89556,89556,car,validation,processed/crops/1773942.png,c155b9bdee3915515a806b6735057515d95e658ef58becf10fd1abc24205fd07,3ba733cd2f625050
1774296,111036,111036,car,train,processed/crops/1774296.png,4c310609fc359db5e7342cda6d7ed3a18b68b8f187910a359e95f4d35ddffcaa,3d6e6b59510ac1ac
1774602,25393,25393,car,train,processed/crops/1774602.png,e424a4f7d4b50b719c9c7085517f4dc345149112fe40fab745e9df61b0a9101a,8c8c72718d8f90ee
1774970,373353,373353,car,train,processed/crops/1774970.png,952e3a8002f95d5f084321881cccda4591cb35ab4e72b194004414da8c14baa4,93b236ede439c640
1775151,100624,100624,car,train,processed/crops/1775151.png,20a2e296a4f367e73b40ec7b8e038d9666f9a8380f55319790bc9dd719530eca,8c790baa3f878c94
1775442,490936,490936,car,validation,processed/crops/1775442.png,64da5aa4a5fa36b82510facc8ad6f3a3f4bade1923c584e7225cfdb7526f1607,50622b6ad15b9d96
1775620,350148,350148,car,validation,processed/crops/1775620.png,714b2a25a80d84d4be5429653a2322272c47144498465bd5aaf0dacca86f0f0d,eccd47d694159d80
1775733,458325,458325,car,test,processed/crops/1775733.png,ad740f9c273149302179fb72861ae937464baddfcdd1140fc1a1fd920c550744,0dcc859f5a84997c
1775739,278848,278848,car,train,processed/crops/1775739.png,1e3c7b72719b341ab4837face9c0b6786779fdbc47b55f2c2ce520b5766c50f7,436b6f25a49ed242
1776087,261982,261982,car,train,processed/crops/1776087.png,83b6c4589248651011ab8aa844ef4d126e6f6189180e6e04c056effabf9221c5,c8e93496e727122e
1776382,499181,499181,car,train,processed/crops/1776382.png,e3fe97a2d6c81bacef51a132eba80ebb30c0ff5a451a86339e5496878aa584a5,bbf44d6032dce304
1776660,157365,157365,car,train,processed/crops/1776660.png,7affd659f0010a4b1e8f923602d1bdb56bb4f9cd01117eaac40bb4715da9654b,9cdd6263cf02f118
1776832,196141,196141,car,train,processed/crops/1776832.png,9a39c60bb95a4642170cbd1b17bb5e19af33520741476db78bdae6fdf24ae91e,a47a1e816bec0ed4
1776944,394510,394510,car,test,processed/crops/1776944.png,9b5ee8be9c567b02ffe80cd32ed477e0e658eb5edbbe6555260d880daaf9f1d4,8a929b8d183c73e6
1777111,54967,54967,car,train,processed/crops/1777111.png,43b17097198a93e2fc741904843d504ce7bee05da964c541383e05c483f05877,3531e8d8737470f0
1777546,121506,121506,car,test,processed/crops/1777546.png,6d5373d6e7c29d3e3fda09b8a0465d5204852c38295cc519c1005f2e608fa95e,0b1ad6d2727c6ca4
1777662,499181,499181,car,train,processed/crops/1777662.png,93c6fa19404c504e06ee2fbfa572b264224f22d001a2fe82162446f6d182ff66,bbf44d6032dce304
1779023,210273,210273,car,validation,processed/crops/1779023.png,0006e45387b3f96630bf6ee43903b419bb48e6aab295d7b2b6f321630da3af39,0b28f4dcc6d2dd28
1779270,225532,225532,car,train,processed/crops/1779270.png,789ea6b4d6d31d046ec1fe9a2d9c1bef9c5d52472743e622607cf3da1a939332,9bded2c92727210c
1779505,210273,210273,car,validation,processed/crops/1779505.png,f47ad7595e34e01925a7334393780d58ece1b31f231685f3a7d1c17abeea98cb,0b28f4dcc6d2dd28
1780379,499181,499181,car,train,processed/crops/1780379.png,db975d56db72f61e25a0ce6543b9cd7a60add284df8363f5f519f0ec6d9ad6c3,bbf44d6032dce304
1780752,384468,384468,car,train,processed/crops/1780752.png,526d8dff1ed0a81415b2b54840fbd2f8d146e68cb8eac5ab2810e813b500f21c,b93fe37b20416a48
1781630,373353,373353,car,train,processed/crops/1781630.png,78f78977aa7c8c995d511a63ed76dab5852b9c2f4567b7b6aaf309491e640043,93b236ede439c640
1781686,458325,458325,car,test,processed/crops/1781686.png,8adbcb86fb00640df1a9aa9ef5c41cc67c5fdcf8a44baa91ecfdb896c4ccdaee,0dcc859f5a84997c
1782852,39484,39484,car,train,processed/crops/1782852.png,41d7d483f70aa47c17b89c63f28048b07f135286aa149c8f04a85f56a262b2a4,bfb1047d4961135a
1783302,458325,458325,car,test,processed/crops/1783302.png,355b07e06a0a995ce35eaebf20f86185ba1758195acc24a567bce4215ddffeb5,0dcc859f5a84997c
1783850,426372,426372,car,test,processed/crops/1783850.png,b6900cde76896e89bd970b8036827c3f7dc4602a81b75ea329d48c7d3712b2d0,bd92d225cae42f12
1784835,126592,126592,car,train,processed/crops/1784835.png,e5b58f9f42bc6e64b9ade1f97d49befb1e31fa7334d2cad64b3855e1c37459db,a5afa81831c20f7e
1785100,458325,458325,car,test,processed/crops/1785100.png,779bd5a24e14d7937995df93c67ae3110f5efa463c25692f21dadc626204c5aa,0dcc859f5a84997c
1785347,309391,309391,car,validation,processed/crops/1785347.png,79aabf4c70b4b51393239933b075c7f145b7d1d126540ace09be57b711394f82,af168c66d57862b0
1789041,373353,373353,car,train,processed/crops/1789041.png,f8d7380156a08c5737e0f6c0ad037609b43813c0de6f77968dc1121e6e5c3cbe,93b236ede439c640
1789226,373353,373353,car,train,processed/crops/1789226.png,76d801d9a3876015102f2abc5da93ad5b1002064613ed5e5329dcc9992caf58f,93b236ede439c640
1789465,373353,373353,car,train,processed/crops/1789465.png,aa9e8644aeba4fa8f8f0fce0ad6a6934a21539fd2ad8e7ceec3fa7aa8ea18f54,93b236ede439c640
1789505,373353,373353,car,train,processed/crops/1789505.png,dd4b3a9f50ec7073911872f060e84929a1770fdb6c71811aab0c6f61c693b1e1,93b236ede439c640
1794029,452321,452321,bus,train,processed/crops/1794029.png,5e12790e1737ef46ef53aaa5bc1356b556692cf31f89d82dc22e54c9780e7923,b151c72e45b1f834
1794201,15440,15440,bus,train,processed/crops/1794201.png,7cf699e8df41c88ffc10fa745d2cca13321ed76745ef31e998c1583eef358254,e38c5de3a6990c58
1794273,463199,463199,bus,train,processed/crops/1794273.png,1e7ecbc7c28dae586eaa0c86dd4eaa47ae6f21296d4ff5278475f4f537615607,fd136f2a093d0a62
1794633,484404,484404,bus,train,processed/crops/1794633.png,6c9a5f00f34a0da7d4a53d91be25fc13f518994e1e72575244944d019698a1b2,c106e1c370f0fc7a
1794932,220732,220732,bus,train,processed/crops/1794932.png,8c70de13cf0b4cff8baf0c3ea29dbbcf2f9fedb529147442b82e6b9f8dfedb67,88cae7641a533c7a
1795182,144300,144300,bus,train,processed/crops/1795182.png,e9727a9f50053bc3b684663b49c544c7a5e53888dfdf300efd5f9baa79fb4963,1d4b4f0527b9b8e0
1795205,144300,144300,bus,train,processed/crops/1795205.png,6431d427b7eb424faedc800091f98818244bd99130587ab3645e1fca121b2794,1d4b4f0527b9b8e0
1795279,144300,144300,bus,train,processed/crops/1795279.png,3b95ebba0aac890032aa07b440631a76ec5393112e19047f9a4b9cdbf28f939b,1d4b4f0527b9b8e0
1796027,523782,523782,truck,train,processed/crops/1796027.png,4f493473ff52f2c1457d96d05a6fe2847840ace53ba42b7ab3fde31ce50110fc,e3e8d36338190e36
1796599,290248,290248,truck,train,processed/crops/1796599.png,bc91caaf9ad24efea3bf3130b20753529c07be5a685c57083d370565d61d982f,0f3d0f3502d78ae4
1796674,76417,76417,truck,train,processed/crops/1796674.png,a337866e13e5c45a89b4024aa4e10668f0f097b201572b7b662f86529b9802e6,9307421ce7996d6c
1796707,460147,460147,truck,train,processed/crops/1796707.png,a1c18fab9f1a1b7d01af9d398b8110099e9d8bc70c44d88f7d78ea80c1eee2c3,91b7b59571c0e06a
1796715,523782,523782,truck,train,processed/crops/1796715.png,14d02081bea78b63cf50e67efde9b4df078ecbf0b7185318e9d24a91f2a4d6bf,e3e8d36338190e36
1797093,460147,460147,truck,train,processed/crops/1797093.png,037ee9d14cde24c9ac65b7f5be368ccc0ec44df655b67c1ad206ed0299a6bf5c,91b7b59571c0e06a
1797133,192670,192670,truck,test,processed/crops/1797133.png,565759a2f9ab9c5a0674e3115084ae6aca52972d184f323eeae3ca65711ec366,9ac2667bc29ea12c
1797177,491213,491213,truck,train,processed/crops/1797177.png,46af03f917f7a44528e4884a7604fd398feac65e390022593a998f37c93cf838,c8858586d77bcb84
1797490,515266,515266,truck,test,processed/crops/1797490.png,7d999a0413870210cb6267fa39e158c1319c660f5da90a9ce4db54df240557c4,c08046f67767969c
1797641,142585,142585,truck,train,processed/crops/1797641.png,a77b5e97569cb68d9a553f4d370591c0da086f858bd74f24b50cd83b000e400a,0b0fc16656f90b9c
1797778,382111,382111,truck,test,processed/crops/1797778.png,94d99a3b7aad115a6e11d72adf38ef1f7caebce9719d8f43ea3585d4e22e0251,ad56d2b14c8d8e54
1797893,89556,89556,truck,validation,processed/crops/1797893.png,38a14fa09b9e56a19aa19f754ceb8d56d73c89d0e9856a18398d8e432455e24a,3ba733cd2f625050
1798190,97924,97924,truck,validation,processed/crops/1798190.png,e474656fb34f26dc2b991e4532c6f0b5c80b7b514078ea0be5ee6baca42c7516,f3a79d096d3406c2
1798566,573943,573943,truck,train,processed/crops/1798566.png,64b33ee93e36ca648e1095445cefc61890aa4002c13843a4b8ac2b1b6cd0f816,254ea5dad6245e70
1798647,436883,436883,truck,train,processed/crops/1798647.png,6ea6a40dbe7e5749ad45418bc30834a7551256b0a3df6d5ebd5c7bcf3c1aa60a,7135c89954e330ee
1798863,88432,88432,truck,train,processed/crops/1798863.png,f28fc3bc9fb7a12505962b65433bd01007a398d4f4c2ea32185b9a249aba32f6,1b52609c8bb07f72
1798918,174004,174004,truck,test,processed/crops/1798918.png,a74ca00d6e2a5c49fbbfde11d4457f1e9e585cdb698987dd7b46794e12cf1973,8a8f8fc5893ad5c0
1799038,367680,367680,truck,test,processed/crops/1799038.png,d23ce1ace8583fbdf4e95ddf6024651dbe38c88e8939702a6fb5c440bbe40004,127b2d174d9c96e0
1799204,157756,157756,truck,test,processed/crops/1799204.png,5da5615518d7ac68256461c3988941c4380113c06ce3cd1c5bed0db7106ed869,7ab1854cf80fc4b8
1799233,287291,287291,truck,train,processed/crops/1799233.png,f8f5306b02984b6acdac28c901bd75ffac80ec7c37e1530e7f0b4083d7da690c,333b31781dd05ec8
1799306,89556,89556,truck,validation,processed/crops/1799306.png,75d5ab0e4aacb399d2be81c53f81846581220baa502ef51b2313393f7ea17ab1,3ba733cd2f625050
1799421,57597,57597,truck,validation,processed/crops/1799421.png,8481519b344cb355211ab20bd966b8b8525c5d735cc1b417f89b8127b65ba140,a0d86c636f278b8c
1799433,210789,210789,truck,validation,processed/crops/1799433.png,3d176449d2c10407b6bc09e8ec33ca89c868679f937b889000d5695369dd26e7,d47837196ac6493c
1799476,190923,190923,truck,validation,processed/crops/1799476.png,b4cdd6d5800affc64cfd53b56a73d3b74ef44fec4a73444543371894d2d22818,983692d5ae6d128e
1799566,308328,308328,truck,train,processed/crops/1799566.png,8c1b549d91b400edfa260d3eed627eb003e07a07b15868bf4ece80f82badf7fe,f725890a3e726cc4
1799686,495054,495054,truck,train,processed/crops/1799686.png,6e6ed1439cd1b01fb0677d9204de4b354697c74ab51e34cd4eb54c8f4cebbbb0,3fa7e0d0090fdcd0
1799765,144300,144300,truck,train,processed/crops/1799765.png,6095ed0093a2980999556d3abf5b5db957a982ad8c418588e08a740842cf8f5d,1d4b4f0527b9b8e0
1799871,210789,210789,truck,validation,processed/crops/1799871.png,6787ac09e2d0942df18bfcd1e9cac15a70e93ec03655e5a72b2a4ae566d321ef,d47837196ac6493c
1799888,114907,114907,truck,train,processed/crops/1799888.png,8ab8e1e3fa35db5c0c3f0574da9e1d1acb5453e8bab050333f08535e0475d68a,d6c63e6a2c8e3152
1800043,222094,222094,truck,test,processed/crops/1800043.png,5fe0b92ff8fcb03f07bd23d5662a15be39b760c2be9cd84a325b561f165b5ed4,634f2ea28f696298
1800075,479912,479912,truck,train,processed/crops/1800075.png,e7eb97775c3c44160bd106236f76813ac0fe139027d7309fec6e9196b6a2d2d6,e6908866ba4de792
1800078,573943,573943,truck,train,processed/crops/1800078.png,76e26a447248f224b96e2169e7be65f514e07c59ae74558412b9a98a816cc122,254ea5dad6245e70
1800409,460147,460147,truck,train,processed/crops/1800409.png,70cd934d79ebb5b17c0701bb4ab0b19554ad86eff71ec397fb722f74347ba82a,91b7b59571c0e06a
2036121,357816,357816,car,train,processed/crops/2036121.png,97030a858c1c0eb55121b5adb24515552155c0d73b81cbb9f771ebda36d47149,c4f9cbda6e382086
2036911,144333,144333,car,validation,processed/crops/2036911.png,2c644d7f9653dade349ad7910ddf5943a0b24427ca287b5403e72cec6ef77402,6b2bb4d818dc3e06
2038763,458325,458325,car,test,processed/crops/2038763.png,7f88732cb49fa631d8605b5fe068b3f45f0fe9600c52a96ce2eea7a335aa8fa5,0dcc859f5a84997c
2038999,192670,192670,car,test,processed/crops/2038999.png,0c7f5405a7178cd0e064deccf1ca28e2c1101423b5b0f278edb5107ef56b6098,9ac2667bc29ea12c
2039017,538364,538364,car,validation,processed/crops/2039017.png,80c121caa28678e72693c81328da5fd102cc78e8a7fce1311676731f436d6910,9ab7118b28ccdc72
2042682,135410,135410,car,train,processed/crops/2042682.png,3485c378dafa61a05885341165ad7e7ad30f2d281cdc7ad8662989e70ec3a748,7cd2e77c522109d2
2043950,287291,287291,car,train,processed/crops/2043950.png,afa9c3f4652cd078339a5da9cee9747ae7836ad563ad82c6b02a27216419575c,333b31781dd05ec8
2049606,563604,563604,bus,validation,processed/crops/2049606.png,6315f6c3066208e788ede59fef66fd798d68220e4ba78c490f02ebd8b133a6d5,6e69699f29a39c04
2049615,363875,363875,bus,train,processed/crops/2049615.png,b36965f5d68b0f665671f1d364cf483338c5c1296b2fc6a55bab2d8ee3e8bdf2,6f41f6f328151e88
2049642,22755,22755,bus,train,processed/crops/2049642.png,5593976ae59ad93256078e1da40a6b6e9fb5fb8cfc80deecc320cb928ec5b400,55360cc9f33712d8
2049774,429109,429109,bus,train,processed/crops/2049774.png,bc041340bbcab2988f1a0bbf6c641b59fa4d3c05b2ef27cd911125650d416635,b6621f48e26d94b4
2049935,531036,531036,bus,train,processed/crops/2049935.png,eab1b070a40697ddb50faa3cf07f5bcd54858f5f56d778610eee5c026be4c9af,5dd3d38336622836
2050146,531036,531036,bus,train,processed/crops/2050146.png,392ac8fd93ecfdfc4b762bdf24f0bf887720fb7c9300af539e094182fef8abfc,5dd3d38336622836
2050208,427655,427655,bus,train,processed/crops/2050208.png,3b9d7d7ae07df61108f1e550f4ba4b0c933d74b70fc7f2be054fd3d734fbad84,61790277271bba94
2050520,507797,507797,bus,train,processed/crops/2050520.png,1f3af894be4cff9543337933f225ed801ae3cdee78152d65d787d4de86255bbc,bf870621c25fc9c2
2051090,448256,448256,truck,train,processed/crops/2051090.png,33a6ed8950583b020fd121e35964d6f0481cf9386d53198720de6793eb02c5dd,6e905056e94eaaf2
2051182,521259,521259,truck,test,processed/crops/2051182.png,317a6145e5d2c291dfb40a8a27b324ebf37c95a3b9b119f94ab75d4feaa60b40,9cbc3d939303223e
2051267,295420,295420,truck,train,processed/crops/2051267.png,c5b552611db8c07666b332ab6e89cfd14f6239d4a98902c612c678a4c73e5e6b,83137c6cecc0933e
2051323,382111,382111,truck,test,processed/crops/2051323.png,8d16c2fec8b8629590a31eddba772f55c5cf30beb99c0b33a1cf8163813ee317,ad56d2b14c8d8e54
2051469,495146,495146,truck,test,processed/crops/2051469.png,e7074680f538b87b5ad511c3ed8d647ceb12f47c4425b2ec844cff69757b7d85,a917ec932fd0c42a
2051513,401862,401862,truck,train,processed/crops/2051513.png,eb14dcafc8c77299a2d1ec42fe90a6d7091d22061c61dc820df75e739254bf51,b50d06b2f930c8de
2051594,97924,97924,truck,validation,processed/crops/2051594.png,2fb6ab7a4ff57ae724d1aa8713b37f944298369497f287de5fddcb522c22dba0,f3a79d096d3406c2
2051709,447342,447342,truck,train,processed/crops/2051709.png,06604712975c57a797ac7a15402b6120ad8de0dd06a140cecab24d1ddf98f5a6,6b2b9015bb63c4b2
2052063,206487,206487,truck,test,processed/crops/2052063.png,7d29d13c8c3e2a79a6797df336f661d2bfe31913351ce2a4e2b25dad083159b8,a1c33bc58aecf0a2
2052213,550084,550084,truck,test,processed/crops/2052213.png,97c56608dba22f4410f93267f7d843213b1c0f24545b640147f3a595048687f2,ed64139927ee5806
2052343,215723,215723,truck,train,processed/crops/2052343.png,a1402a9fa9c7eeee067188437ba968ba4a192db819974db513eec3142700d6b6,1a92d0bc456c72f6
2052449,85376,85376,truck,train,processed/crops/2052449.png,96ed95d7798e4cbf5b7ed2b3b0379ee833d4b74a88eaa7f958b77897ea2ca431,393103ab8e8fdd48
2052505,122166,122166,truck,validation,processed/crops/2052505.png,ddca2ac071cf5da7ddcaf34615940ef30b151ecd61a66d0802e0a622b453c4fd,2e21f65f806d136c
2052527,183246,183246,truck,train,processed/crops/2052527.png,1adafde7ce695c3c41e28dedc698aa0247e72502720403c7e33ceb36503a0f4b,aba85863e68c2bb2
2052530,122166,122166,truck,validation,processed/crops/2052530.png,27c6bf035c82b653898f270fe637b8e13c418e2031ef67a5344d2ed40be5869b,2e21f65f806d136c
2052646,89556,89556,truck,validation,processed/crops/2052646.png,b6aa61b83d26e1fba6c5b474df322e9fff15380171a872f6abd011f8475135d5,3ba733cd2f625050
2052813,123131,123131,truck,validation,processed/crops/2052813.png,cdd9e536070cd23d71c568a408c1dde4fbbbd017e66d474b659adbaab72ea2e0,65679818ef26c49a
2052861,109900,109900,truck,validation,processed/crops/2052861.png,f6985c47ce89b1fffac499e19b85bed916966c8f13264791b667a0faa73d122b,13512cbefb4b02b4
2053091,85376,85376,truck,train,processed/crops/2053091.png,80d4aca4d5a4989c5dfb63ccb89b8306f1f2d768441a5e1f80e965b5a514882d,393103ab8e8fdd48
2053484,369812,369812,truck,validation,processed/crops/2053484.png,b6a6063b4255e9b06e7e400011f90b7446c787b782eb3e59da6eed118996f245,175ac13d7a4aa568
2054063,512564,512564,truck,train,processed/crops/2054063.png,08eb17dc9388a5f7259c95881b05376088fbe4fac4319e550b53db6a1f200968,8b93607d5c17474a
2054177,166747,166747,truck,train,processed/crops/2054177.png,b11d711e7c070d0c404003dd53952fd8aed065eb5d64ec7cf4689f11241d4346,cc73b07cc187f902
2169137,458702,458702,car,train,processed/crops/2169137.png,58c09f0e930215c33c700b8e210a8e6161a4e254e1066ffdb44198af33dca56c,aa835ba82ddcb81c
2169186,423617,423617,car,train,processed/crops/2169186.png,8d1d993ccd54b339866dee7f2784b946b2f25bb6197f8387cef1e5b5151bc783,d8be52e12125ab78
2169327,343218,343218,car,train,processed/crops/2169327.png,a92613557d594f4be3d993fedb4b12544906b992a1a6c846b0a36040301e9bc7,3236cde892332cec
2169621,542625,542625,car,validation,processed/crops/2169621.png,b4d0f37b09e11a86b2d9de24de191035e49f1d36c0d45d83c837538d0abab89c,ae78ec030bec9076
2169655,521259,521259,car,test,processed/crops/2169655.png,d236100c435452d4c7f2a553621144cd2fdf7118b3336a843289c9add036d11d,9cbc3d939303223e
2169694,542625,542625,car,validation,processed/crops/2169694.png,a4d9e21e3334a075f7a05f5441bdf8f642b3a5ca300dd13205136cd728f66090,ae78ec030bec9076
2170182,161128,161128,car,train,processed/crops/2170182.png,1b94205bdcc4c46106d38a5dda8cd3bcab36c63c08cae79720239be2801cf28f,6de7868248dc336c
2170286,147338,147338,car,test,processed/crops/2170286.png,30daade2d9ff8359a9fc7b82e5ada0aa6bfc954273190209da5180284e49970a,969f1991c7c53c90
2171563,353180,353180,bus,train,processed/crops/2171563.png,edcf2ded61f71f32f6a799b7ef32ddccb64a586e3f7bcc76521bc566bfc9416f,5da0165db2c2ec56
2171879,6040,6040,truck,train,processed/crops/2171879.png,1e719a4ee4b87c8bcd47ae17374b09bc33050878999c42eba296db4aea4d9283,95caca55d3b33460
2172005,400815,400815,truck,test,processed/crops/2172005.png,9df784e33bbda7c7868390288b05caff7598f2c9fc04d60e454c252ec43f9991,e1e021ede9970ae2
2198738,475484,475484,car,train,processed/crops/2198738.png,9c0003ff2f8cf004fbb4fb5403a108cac77759e02710bf1d3546ee5f694bd4a2,acabd1d06974d468
2209309,308328,308328,truck,train,processed/crops/2209309.png,957018d74eb2ae5614a8a6a95533d7ea7359041f9f4a1ba87d5172e9e8d6e790,f725890a3e726cc4
2209341,9769,9769,truck,train,processed/crops/2209341.png,24e17b63d4256fef2fcd30cbca872087d2c02246a5b30d04852cd26cae408e59,ea3b135c3c3607d0
2209342,308328,308328,truck,train,processed/crops/2209342.png,042e3690905a55b57554f315af463af1fe6f00ae174a8082a5bdea25269a8a7a,f725890a3e726cc4
