source_id,type,title,organization_author,url,license_status,geography,period,local_file,access_date
V01,data,COCO 2017 instance annotations and image downloads,COCO Consortium,http://images.cocodataset.org/annotations/annotations_trainval2017.zip,CC BY 4.0 annotations; per-image CC terms,Location unspecified in COCO metadata; Atyrau unconfirmed,COCO 2017 release,04_Vehicle_Classification/raw/instances_val2017.json,2026-09-25
V02,terms,COCO Terms of Use,COCO Consortium,https://github.com/cocodataset/cocodataset.github.io/blob/master/dataset/termsofuse.htm,Official terms inspected,Global,Accessed2026,04_Vehicle_Classification/DATA_CARD.md,2026-09-25
V03,literature,Microsoft COCO: Common Objects in Context,Tsung-Yi Lin et al.,https://arxiv.org/abs/1405.0312,Citation; no full-text redistribution,General dataset,2014/2015,04_Vehicle_Classification/References.md,2026-09-25
V04,literature,Histograms of Oriented Gradients for Human Detection,Navneet Dalal and Bill Triggs,https://lear.inrialpes.fr/people/triggs/pubs/Dalal-cvpr05.pdf,Citation; no full-text redistribution,Method,2005,04_Vehicle_Classification/References.md,2026-09-25
V05,candidate,BDD100K: A Diverse Driving Dataset for Heterogeneous Multitask Learning,Fisher Yu et al.,https://openaccess.thecvf.com/content_CVPR_2020/papers/Yu_BDD100K_A_Diverse_Driving_Dataset_for_Heterogeneous_Multitask_Learning_CVPR_2020_paper.pdf,Paper accessible; data license not verified for redistribution,United States driving dataset,2020,04_Vehicle_Classification/DATA_FEASIBILITY.md,2026-09-25
V06,candidate,BDD100K official download portal,Berkeley DeepDrive,https://bdd-data.berkeley.edu/,User portal; no authenticated download attempted,United States,Accessed2026,04_Vehicle_Classification/DATA_FEASIBILITY.md,2026-09-25
V07,candidate,UA-DETRAC project,Dawei Du et al.,https://sites.google.com/view/daweidu/projects/ua-detrac,No explicit data redistribution license found on inspected page,Traffic surveillance; not local dashcam,2020 reference,04_Vehicle_Classification/DATA_FEASIBILITY.md,2026-09-25
V08,demo,Dashcam Recording (urban).ogv,Fernost,https://commons.wikimedia.org/wiki/File:Dashcam_Recording_(urban).ogv,CC0 1.0,Filming location not established; Atyrau unconfirmed,2013,04_Vehicle_Classification/raw/dashcam_urban_480p.webm,2026-09-25
V09,method,f1_score documentation,scikit-learn contributors,https://scikit-learn.org/stable/modules/generated/sklearn.metrics.f1_score.html,Official documentation,Method,Accessed2026,04_Vehicle_Classification/References.md,2026-09-25
V10,terms,Creative Commons BY 2.0,Creative Commons,https://creativecommons.org/licenses/by/2.0/,CC BY 2.0,License,2.0,04_Vehicle_Classification/results/image_attribution.csv,2026-09-25
V11,terms,Creative Commons BY-SA 2.0,Creative Commons,https://creativecommons.org/licenses/by-sa/2.0/,CC BY-SA 2.0,License,2.0,04_Vehicle_Classification/results/image_attribution.csv,2026-09-25
V12,terms,Creative Commons BY-NC 2.0,Creative Commons,https://creativecommons.org/licenses/by-nc/2.0/,CC BY-NC 2.0,License,2.0,04_Vehicle_Classification/results/image_attribution.csv,2026-09-25
V13,terms,Creative Commons BY-NC-SA 2.0,Creative Commons,https://creativecommons.org/licenses/by-nc-sa/2.0/,CC BY-NC-SA 2.0,License,2.0,04_Vehicle_Classification/results/image_attribution.csv,2026-09-25
