forecast_origin,target_date,actual,latest_feature_date,persistence,seasonal_naive7,ridge,forest,residual,absolute_error
2025-04-03T00:00:00+05:00,2025-04-03,38.36870138888889,2025-04-02,64.54597222222222,38.062916666666666,54.75848297009154,50.111876198276484,26.17727083333333,26.17727083333333
2025-03-18T00:00:00+05:00,2025-03-18,57.86420138888889,2025-03-17,43.329729166666674,42.63284027777778,42.87016935032159,44.88570183993293,-14.534472222222213,14.534472222222213
2025-07-13T00:00:00+05:00,2025-07-13,28.561736111111106,2025-07-12,42.12931944444444,40.23052777777777,40.93561692428475,42.093793117138794,13.567583333333335,13.567583333333335
2025-04-04T00:00:00+05:00,2025-04-04,51.726756944444446,2025-04-03,38.36870138888889,43.69940277777778,48.86590519980456,48.7833165318298,-13.35805555555556,13.35805555555556
2025-05-29T00:00:00+05:00,2025-05-29,43.942145833333335,2025-05-28,30.907611111111112,47.73141666666667,40.25424642477276,35.69004375291938,-13.034534722222222,13.034534722222222
2025-04-23T00:00:00+05:00,2025-04-23,50.85078472222222,2025-04-22,39.66606818181817,40.469,43.78031038172122,46.78507400107193,-11.184716540404054,11.184716540404054
2025-04-07T00:00:00+05:00,2025-04-07,45.46279166666667,2025-04-06,56.62146527777778,48.548680555555556,51.780602826970906,50.735721905256234,11.158673611111112,11.158673611111112
2025-05-28T00:00:00+05:00,2025-05-28,30.907611111111112,2025-05-27,41.34551388888889,42.07696527777777,44.51926443965438,44.75318359404835,10.437902777777776,10.437902777777776
2025-07-14T00:00:00+05:00,2025-07-14,38.93438888888889,2025-07-13,28.561736111111106,37.221805555555555,37.30141085103796,33.77903468889313,-10.372652777777784,10.372652777777784
2025-04-27T00:00:00+05:00,2025-04-27,44.68770138888889,2025-04-26,55.03540277777778,46.85902777777778,49.65398195898746,51.78712430172382,10.347701388888893,10.347701388888893
2025-05-10T00:00:00+05:00,2025-05-10,37.45968055555556,2025-05-09,47.68579166666667,50.14093055555555,46.38353270886066,48.62856891407063,10.22611111111111,10.22611111111111
2025-03-29T00:00:00+05:00,2025-03-29,53.76174305555556,2025-03-28,43.69940277777778,46.01580555555555,43.30137791346786,45.11103140536374,-10.062340277777786,10.062340277777786
2025-04-01T00:00:00+05:00,2025-04-01,58.24863194444444,2025-03-31,48.548680555555556,44.12459722222223,49.8018317310746,49.78060081597274,-9.699951388888884,9.699951388888884
2025-05-25T00:00:00+05:00,2025-05-25,42.073006944444444,2025-05-24,51.751798611111106,44.61158333333333,47.72331184215341,49.67815965291075,9.678791666666662,9.678791666666662
2025-03-19T00:00:00+05:00,2025-03-19,48.470756944444446,2025-03-18,57.86420138888889,43.80821527777778,47.367872769934394,49.04131574338304,9.393444444444441,9.393444444444441
