experiment,model,baseline,block_days,n,delta_MAE,lower95,upper95,bootstrap_repeats
case1_station32,ridge,mean,7,304,-0.0015064362125454373,-1.2428955627676064,1.2529464385709628,5000
case1_station32,ridge,mean,14,304,-0.0015064362125454373,-1.679673716544479,1.7375771431075773,5000
case1_station32,ridge,mean,28,304,-0.0015064362125454373,-2.2711728217564646,2.2756940003346164,5000
case1_station32,forest,mean,7,304,0.8848814820889606,-0.8450671894854203,2.533553417359538,5000
case1_station32,forest,mean,14,304,0.8848814820889606,-1.436351794300351,3.139578805793086,5000
case1_station32,forest,mean,28,304,0.8848814820889606,-2.238967673760656,3.888017550831187,5000
case10_station32,ridge,persistence,7,273,0.04974246750491003,-0.43108486629552445,0.6020115580949301,5000
case10_station32,ridge,persistence,14,273,0.04974246750491003,-0.4837206625199687,0.6842917587032337,5000
case10_station32,ridge,persistence,28,273,0.04974246750491003,-0.5573936562104482,0.8357957503767162,5000
case10_station32,forest,persistence,7,273,0.6015665408802723,0.1321661354912566,1.07527175691141,5000
case10_station32,forest,persistence,14,273,0.6015665408802723,0.11624465964750091,1.1174857602148065,5000
case10_station32,forest,persistence,28,273,0.6015665408802723,0.04880840618841334,1.1709118917031291,5000
case10_station235,ridge,persistence,7,353,0.14227871433786118,-0.18848445262915872,0.48381755395918563,5000
case10_station235,ridge,persistence,14,353,0.14227871433786118,-0.13932261460952333,0.4599518910362904,5000
case10_station235,ridge,persistence,28,353,0.14227871433786118,-0.09414617469425766,0.41305924295437113,5000
case10_station235,forest,persistence,7,353,-0.016800591109043625,-0.3161251233082755,0.2768284448399608,5000
case10_station235,forest,persistence,14,353,-0.016800591109043625,-0.3122469403449931,0.27773078528558426,5000
case10_station235,forest,persistence,28,353,-0.016800591109043625,-0.26547457263425595,0.2707120284599795,5000
