forecast_origin,target_date,actual,latest_feature_date,persistence,seasonal_naive7,ridge,forest
2025-01-21T00:00:00+05:00,2025-01-21,49.203743055555556,2025-01-20,40.738930555555555,33.61495138888889,41.00381728627507,42.078304964397866
2025-01-22T00:00:00+05:00,2025-01-22,41.895208333333336,2025-01-21,49.203743055555556,33.267152777777774,43.7172692234066,43.68105357776897
2025-01-23T00:00:00+05:00,2025-01-23,42.88848611111111,2025-01-22,41.895208333333336,30.545354166666666,42.9588249674033,43.19094309446277
2025-01-24T00:00:00+05:00,2025-01-24,38.350763888888885,2025-01-23,42.88848611111111,33.91014583333334,43.27707071141727,45.75810798430776
2025-01-25T00:00:00+05:00,2025-01-25,35.425104166666664,2025-01-24,38.350763888888885,40.949555555555555,42.01153444660227,43.5766662428382
2025-01-26T00:00:00+05:00,2025-01-26,38.56772916666667,2025-01-25,35.425104166666664,42.15452777777778,40.5891189044834,42.366520687888375
2025-01-27T00:00:00+05:00,2025-01-27,44.54617361111111,2025-01-26,38.56772916666667,40.738930555555555,40.83675920250289,43.124721281202326
2025-01-28T00:00:00+05:00,2025-01-28,40.39670833333333,2025-01-27,44.54617361111111,49.203743055555556,41.881250874903145,42.82843498951166
2025-01-29T00:00:00+05:00,2025-01-29,40.02838888888889,2025-01-28,40.39670833333333,41.895208333333336,41.4435111265994,41.83587845917039
2025-01-30T00:00:00+05:00,2025-01-30,39.224243055555554,2025-01-29,40.02838888888889,42.88848611111111,40.79702280374255,41.95972040864512
2025-01-31T00:00:00+05:00,2025-01-31,43.03959722222223,2025-01-30,39.224243055555554,38.350763888888885,40.22144094754029,41.34506065556122
2025-02-01T00:00:00+05:00,2025-02-01,41.33575694444445,2025-01-31,43.03959722222223,35.425104166666664,41.73446042197298,42.556583300343135
2025-02-02T00:00:00+05:00,2025-02-02,43.00575,2025-02-01,41.33575694444445,38.56772916666667,42.32416015477199,42.76188670020399
2025-02-03T00:00:00+05:00,2025-02-03,42.746048611111114,2025-02-02,43.00575,44.54617361111111,43.148608507871,44.19087070321787
2025-02-04T00:00:00+05:00,2025-02-04,38.02025,2025-02-03,42.746048611111114,40.39670833333333,43.52004081382383,44.70017174008547
2025-02-05T00:00:00+05:00,2025-02-05,40.46826388888889,2025-02-04,38.02025,40.02838888888889,41.59196568553451,42.95866036835079
2025-02-06T00:00:00+05:00,2025-02-06,39.868604166666664,2025-02-05,40.46826388888889,39.224243055555554,41.34484765415912,43.101551680718515
2025-02-07T00:00:00+05:00,2025-02-07,38.24559722222222,2025-02-06,39.868604166666664,43.03959722222223,40.86813264675902,42.67912682482513
2025-02-08T00:00:00+05:00,2025-02-08,40.14910416666667,2025-02-07,38.24559722222222,41.33575694444445,40.29773388776431,42.400040150786126
2025-02-09T00:00:00+05:00,2025-02-09,34.343069444444446,2025-02-08,40.14910416666667,43.00575,40.92957353177529,41.721199429008266
2025-02-10T00:00:00+05:00,2025-02-10,34.60159027777778,2025-02-09,34.343069444444446,42.746048611111114,39.52373971803782,39.89790610725262
2025-02-11T00:00:00+05:00,2025-02-11,35.73320833333333,2025-02-10,34.60159027777778,38.02025,38.39557978863151,39.8340373967514
2025-02-12T00:00:00+05:00,2025-02-12,37.391243055555556,2025-02-11,35.73320833333333,40.46826388888889,37.979894961886934,40.81222689466848
2025-02-13T00:00:00+05:00,2025-02-13,35.560972222222226,2025-02-12,37.391243055555556,39.868604166666664,38.1564974030603,41.019059274970715
2025-02-14T00:00:00+05:00,2025-02-14,34.8006875,2025-02-13,35.560972222222226,38.24559722222222,37.74817562732049,40.40490856306537
2025-02-15T00:00:00+05:00,2025-02-15,34.95902777777778,2025-02-14,34.8006875,40.14910416666667,37.18426832034759,39.727882772328186
2025-02-16T00:00:00+05:00,2025-02-16,33.55698611111111,2025-02-15,34.95902777777778,34.343069444444446,37.14066908942242,39.59055478303757
2025-02-17T00:00:00+05:00,2025-02-17,36.04038888888889,2025-02-16,33.55698611111111,34.60159027777778,36.79893519706491,34.01536239910972
2025-02-18T00:00:00+05:00,2025-02-18,35.12155555555555,2025-02-17,36.04038888888889,35.73320833333333,37.12123942527562,40.52116401756928
2025-02-19T00:00:00+05:00,2025-02-19,32.48875694444445,2025-02-18,35.12155555555555,37.391243055555556,36.938894861529576,39.90799528866225
2025-02-20T00:00:00+05:00,2025-02-20,30.79336111111111,2025-02-19,32.48875694444445,35.560972222222226,35.671158275406725,33.94390964006801
2025-02-21T00:00:00+05:00,2025-02-21,31.49607638888889,2025-02-20,30.79336111111111,34.8006875,34.24009625225031,33.76485487333841
2025-02-22T00:00:00+05:00,2025-02-22,30.070888888888888,2025-02-21,31.49607638888889,34.95902777777778,33.953829782854555,32.624145487191406
2025-02-23T00:00:00+05:00,2025-02-23,30.61747916666667,2025-02-22,30.070888888888888,33.55698611111111,33.28192014513131,30.63766877155024
2025-02-24T00:00:00+05:00,2025-02-24,29.96755555555556,2025-02-23,30.61747916666667,36.04038888888889,33.34969362665642,31.245738757157746
2025-02-25T00:00:00+05:00,2025-02-25,30.45573611111111,2025-02-24,29.96755555555556,35.12155555555555,32.97817041996278,30.469467118446644
2025-02-26T00:00:00+05:00,2025-02-26,31.121604166666668,2025-02-25,30.45573611111111,32.48875694444445,32.748572257060076,30.603857834023696
2025-02-27T00:00:00+05:00,2025-02-27,29.386916666666664,2025-02-26,31.121604166666668,30.79336111111111,32.50349821066318,30.745845446156668
2025-02-28T00:00:00+05:00,2025-02-28,31.971652777777777,2025-02-27,29.386916666666664,31.49607638888889,31.824806420381698,30.558834281918042
2025-03-01T00:00:00+05:00,2025-03-01,30.129958333333335,2025-02-28,31.971652777777777,30.070888888888888,32.398249496187475,31.11254592263911
2025-03-02T00:00:00+05:00,2025-03-02,31.599722222222223,2025-03-01,30.129958333333335,30.61747916666667,32.29086351381012,30.282425900098165
2025-03-03T00:00:00+05:00,2025-03-03,31.933666666666667,2025-03-02,31.599722222222223,29.96755555555556,32.9379922769829,31.169063931158174
2025-03-04T00:00:00+05:00,2025-03-04,31.95067361111111,2025-03-03,31.933666666666667,30.45573611111111,33.1280739697209,30.469306268760278
2025-03-05T00:00:00+05:00,2025-03-05,33.05685416666667,2025-03-04,31.95067361111111,31.121604166666668,32.99384161674449,31.43682249992092
2025-03-06T00:00:00+05:00,2025-03-06,35.06113194444445,2025-03-05,33.05685416666667,29.386916666666664,33.04388108905784,31.552675427886083
2025-03-07T00:00:00+05:00,2025-03-07,40.050270833333336,2025-03-06,35.06113194444445,31.971652777777777,33.846496170782295,37.928825327074094
2025-03-08T00:00:00+05:00,2025-03-08,37.96836805555555,2025-03-07,40.050270833333336,30.129958333333335,35.86426701427898,40.403827189721014
2025-03-09T00:00:00+05:00,2025-03-09,37.911520833333334,2025-03-08,37.96836805555555,31.599722222222223,36.78287876882807,41.55028311176441
2025-03-10T00:00:00+05:00,2025-03-10,36.14125694444444,2025-03-09,37.911520833333334,31.933666666666667,37.361048200724845,41.622979203068866
2025-03-11T00:00:00+05:00,2025-03-11,42.63284027777778,2025-03-10,36.14125694444444,31.95067361111111,37.05947920760883,41.24587647306111
2025-03-12T00:00:00+05:00,2025-03-12,43.80821527777778,2025-03-11,42.63284027777778,33.05685416666667,38.931297313054465,42.615343484418375
2025-03-13T00:00:00+05:00,2025-03-13,42.50963194444444,2025-03-12,43.80821527777778,35.06113194444445,40.23334313388705,42.82413518153976
2025-03-14T00:00:00+05:00,2025-03-14,39.56410416666667,2025-03-13,42.50963194444444,40.050270833333336,40.85467635536425,43.715562719180205
2025-03-15T00:00:00+05:00,2025-03-15,38.744277777777775,2025-03-14,39.56410416666667,37.96836805555555,40.063223342766626,42.53438152715794
2025-03-16T00:00:00+05:00,2025-03-16,45.86579166666667,2025-03-15,38.744277777777775,37.911520833333334,39.81532091286135,42.38013760242259
2025-03-17T00:00:00+05:00,2025-03-17,43.329729166666674,2025-03-16,45.86579166666667,36.14125694444444,42.14336502404167,44.51093200811766
2025-03-18T00:00:00+05:00,2025-03-18,57.86420138888889,2025-03-17,43.329729166666674,42.63284027777778,42.87016935032159,44.88570183993293
2025-03-19T00:00:00+05:00,2025-03-19,48.470756944444446,2025-03-18,57.86420138888889,43.80821527777778,47.367872769934394,49.04131574338304
2025-03-20T00:00:00+05:00,2025-03-20,49.147638888888885,2025-03-19,48.470756944444446,42.50963194444444,46.7968718024885,48.85078520056351
2025-03-21T00:00:00+05:00,2025-03-21,48.74397916666667,2025-03-20,49.147638888888885,39.56410416666667,47.103949244442376,50.86664600784563
2025-03-22T00:00:00+05:00,2025-03-22,46.01580555555555,2025-03-21,48.74397916666667,38.744277777777775,47.00709582925664,49.65605104910843
2025-03-23T00:00:00+05:00,2025-03-23,43.67008333333333,2025-03-22,46.01580555555555,45.86579166666667,46.971831851836264,49.38291158776581
2025-03-24T00:00:00+05:00,2025-03-24,42.88023611111111,2025-03-23,43.67008333333333,43.329729166666674,46.09614259442186,48.321857983156704
2025-03-25T00:00:00+05:00,2025-03-25,44.12459722222223,2025-03-24,42.88023611111111,57.86420138888889,45.66047243627932,45.992807790213625
2025-03-26T00:00:00+05:00,2025-03-26,44.574284722222224,2025-03-25,44.12459722222223,48.470756944444446,45.28144274380473,45.11628476505391
2025-03-27T00:00:00+05:00,2025-03-27,38.062916666666666,2025-03-26,44.574284722222224,49.147638888888885,45.06448243397455,45.156005949549424
2025-03-28T00:00:00+05:00,2025-03-28,43.69940277777778,2025-03-27,38.062916666666666,48.74397916666667,42.65110320145297,43.59274853060095
2025-03-29T00:00:00+05:00,2025-03-29,53.76174305555556,2025-03-28,43.69940277777778,46.01580555555555,43.30137791346786,45.11103140536374
2025-03-30T00:00:00+05:00,2025-03-30,55.064902777777775,2025-03-29,53.76174305555556,43.67008333333333,47.21213872514734,47.96696086818356
2025-03-31T00:00:00+05:00,2025-03-31,48.548680555555556,2025-03-30,55.064902777777775,42.88023611111111,49.89740664345104,50.00595147393961
2025-04-01T00:00:00+05:00,2025-04-01,58.24863194444444,2025-03-31,48.548680555555556,44.12459722222223,49.8018317310746,49.78060081597274
2025-04-02T00:00:00+05:00,2025-04-02,64.54597222222222,2025-04-01,58.24863194444444,44.574284722222224,51.55354378635252,50.284951054047006
2025-04-03T00:00:00+05:00,2025-04-03,38.36870138888889,2025-04-02,64.54597222222222,38.062916666666666,54.75848297009154,50.111876198276484
2025-04-04T00:00:00+05:00,2025-04-04,51.726756944444446,2025-04-03,38.36870138888889,43.69940277777778,48.86590519980456,48.7833165318298
2025-04-05T00:00:00+05:00,2025-04-05,47.36183333333333,2025-04-04,51.726756944444446,53.76174305555556,49.68048215932524,52.197113005541695
2025-04-06T00:00:00+05:00,2025-04-06,56.62146527777778,2025-04-05,47.36183333333333,55.064902777777775,48.5551703776878,47.657678544540786
2025-04-07T00:00:00+05:00,2025-04-07,45.46279166666667,2025-04-06,56.62146527777778,48.548680555555556,51.780602826970906,50.735721905256234
2025-04-08T00:00:00+05:00,2025-04-08,45.84388888888889,2025-04-07,45.46279166666667,58.24863194444444,49.68161070316917,47.633047513402644
2025-04-09T00:00:00+05:00,2025-04-09,39.07938888888889,2025-04-08,45.84388888888889,64.54597222222222,48.23132251277704,48.01375729720344
2025-04-10T00:00:00+05:00,2025-04-10,34.61958333333333,2025-04-09,39.07938888888889,38.36870138888889,44.42741442231679,44.50032712524367
2025-04-11T00:00:00+05:00,2025-04-11,37.67055555555556,2025-04-10,34.61958333333333,51.726756944444446,42.07346249897168,40.959158669227776
2025-04-12T00:00:00+05:00,2025-04-12,33.40906944444445,2025-04-11,37.67055555555556,47.36183333333333,41.69566424009801,42.3773814802706
2025-04-13T00:00:00+05:00,2025-04-13,39.64902777777778,2025-04-12,33.40906944444445,56.62146527777778,40.10403343928779,34.45004139781168
2025-04-14T00:00:00+05:00,2025-04-14,43.18907142857142,2025-04-13,39.64902777777778,45.46279166666667,40.86430037272007,42.59217552342873
2025-04-17T00:00:00+05:00,2025-04-17,45.64927083333333,2025-04-16,40.469,34.61958333333333,44.279188292874935,42.37422261204353
2025-04-18T00:00:00+05:00,2025-04-18,45.484659722222226,2025-04-17,45.64927083333333,37.67055555555556,45.124066411197134,46.14536556530591
2025-04-19T00:00:00+05:00,2025-04-19,42.128062500000006,2025-04-18,45.484659722222226,33.40906944444445,43.7864024427343,46.50968357145529
2025-04-20T00:00:00+05:00,2025-04-20,46.85902777777778,2025-04-19,42.128062500000006,39.64902777777778,44.24212512679667,47.228429194968875
2025-04-21T00:00:00+05:00,2025-04-21,49.16858333333334,2025-04-20,46.85902777777778,43.18907142857142,45.09050439967782,48.062779451565376
2025-04-23T00:00:00+05:00,2025-04-23,50.85078472222222,2025-04-22,39.66606818181817,40.469,43.78031038172122,46.78507400107193
2025-04-24T00:00:00+05:00,2025-04-24,44.62147916666667,2025-04-23,50.85078472222222,45.64927083333333,45.74107648232369,49.073529156719125
2025-04-25T00:00:00+05:00,2025-04-25,50.772687499999996,2025-04-24,44.62147916666667,45.484659722222226,45.016733713001685,47.54663345364556
2025-04-26T00:00:00+05:00,2025-04-26,55.03540277777778,2025-04-25,50.772687499999996,42.128062500000006,46.85587829344731,50.16328599492662
2025-04-27T00:00:00+05:00,2025-04-27,44.68770138888889,2025-04-26,55.03540277777778,46.85902777777778,49.65398195898746,51.78712430172382
2025-04-28T00:00:00+05:00,2025-04-28,48.18553472222222,2025-04-27,44.68770138888889,49.16858333333334,48.171945262215964,50.92427314374273
2025-04-29T00:00:00+05:00,2025-04-29,44.96534027777778,2025-04-28,48.18553472222222,39.66606818181817,48.77035878698472,51.16591048682904
2025-04-30T00:00:00+05:00,2025-04-30,44.22403472222222,2025-04-29,44.96534027777778,50.85078472222222,46.974043841228486,49.371703412725445
2025-05-01T00:00:00+05:00,2025-05-01,46.62359027777777,2025-04-30,44.22403472222222,44.62147916666667,46.275989375921185,49.302026775764446
2025-05-02T00:00:00+05:00,2025-05-02,42.588631944444444,2025-05-01,46.62359027777777,50.772687499999996,46.540642997181024,49.62502346782807
2025-05-03T00:00:00+05:00,2025-05-03,50.14093055555555,2025-05-02,42.588631944444444,55.03540277777778,45.32554413456887,46.52820631599995
2025-05-04T00:00:00+05:00,2025-05-04,41.047979166666664,2025-05-03,50.14093055555555,44.68770138888889,47.474933156514375,49.14743175666247
2025-05-05T00:00:00+05:00,2025-05-05,46.55034027777777,2025-05-04,41.047979166666664,48.18553472222222,45.84392721697429,46.531784583489625
2025-05-06T00:00:00+05:00,2025-05-06,46.43434722222222,2025-05-05,46.55034027777777,44.96534027777778,46.221976314103024,48.85967939147726
2025-05-07T00:00:00+05:00,2025-05-07,44.64101388888889,2025-05-06,46.43434722222222,44.22403472222222,46.69666090156452,48.182329425122234
2025-05-08T00:00:00+05:00,2025-05-08,42.31013194444444,2025-05-07,44.64101388888889,46.62359027777777,45.99117375666979,48.475723449407
2025-05-09T00:00:00+05:00,2025-05-09,47.68579166666667,2025-05-08,42.31013194444444,42.588631944444444,44.98785377499285,47.714261940154444
2025-05-10T00:00:00+05:00,2025-05-10,37.45968055555556,2025-05-09,47.68579166666667,50.14093055555555,46.38353270886066,48.62856891407063
2025-05-11T00:00:00+05:00,2025-05-11,45.27079166666667,2025-05-10,37.45968055555556,41.047979166666664,43.39496691621278,44.349488185058846
2025-05-12T00:00:00+05:00,2025-05-12,41.631236111111114,2025-05-11,45.27079166666667,46.55034027777777,44.99730908687295,46.2470493917889
2025-05-13T00:00:00+05:00,2025-05-13,44.72463888888888,2025-05-12,41.631236111111114,46.43434722222222,44.076604219466724,43.74426927234211
2025-05-14T00:00:00+05:00,2025-05-14,41.54054861111111,2025-05-13,44.72463888888888,44.64101388888889,44.659994342005305,46.312107937309584
2025-05-15T00:00:00+05:00,2025-05-15,40.67013194444444,2025-05-14,41.54054861111111,42.31013194444444,43.651509602784174,44.78244116860712
2025-05-16T00:00:00+05:00,2025-05-16,46.615208333333335,2025-05-15,40.67013194444444,47.68579166666667,42.73010248795458,44.141599017583765
2025-05-17T00:00:00+05:00,2025-05-17,44.70516666666666,2025-05-16,46.615208333333335,37.45968055555556,44.43889010357407,46.572198574192164
2025-05-18T00:00:00+05:00,2025-05-18,44.61158333333333,2025-05-17,44.70516666666666,45.27079166666667,44.87634208712625,45.719669270087934
2025-05-19T00:00:00+05:00,2025-05-19,41.73867361111111,2025-05-18,44.61158333333333,41.631236111111114,45.45717780315182,48.25501888238834
2025-05-20T00:00:00+05:00,2025-05-20,48.564506944444446,2025-05-19,41.73867361111111,44.72463888888888,44.51970597716206,45.401560604468784
2025-05-21T00:00:00+05:00,2025-05-21,42.07696527777777,2025-05-20,48.564506944444446,41.54054861111111,45.84948152776294,48.21376172042852
2025-05-22T00:00:00+05:00,2025-05-22,47.73141666666667,2025-05-21,42.07696527777777,40.67013194444444,44.48240459221499,45.479599778766584
2025-05-23T00:00:00+05:00,2025-05-23,43.82485416666666,2025-05-22,47.73141666666667,46.615208333333335,45.945491072563776,48.71221947258306
2025-05-24T00:00:00+05:00,2025-05-24,51.751798611111106,2025-05-23,43.82485416666666,44.70516666666666,44.8314795171995,46.525203043245234
2025-05-25T00:00:00+05:00,2025-05-25,42.073006944444444,2025-05-24,51.751798611111106,44.61158333333333,47.72331184215341,49.67815965291075
2025-05-26T00:00:00+05:00,2025-05-26,45.64190277777777,2025-05-25,42.073006944444444,41.73867361111111,45.91044775969318,47.75014086523645
2025-05-27T00:00:00+05:00,2025-05-27,41.34551388888889,2025-05-26,45.64190277777777,48.564506944444446,46.42738632232196,48.13237592481379
2025-05-28T00:00:00+05:00,2025-05-28,30.907611111111112,2025-05-27,41.34551388888889,42.07696527777777,44.51926443965438,44.75318359404835
2025-05-29T00:00:00+05:00,2025-05-29,43.942145833333335,2025-05-28,30.907611111111112,47.73141666666667,40.25424642477276,35.69004375291938
2025-05-30T00:00:00+05:00,2025-05-30,48.24654166666667,2025-05-29,43.942145833333335,43.82485416666666,42.072657431014974,44.165592721595104
2025-05-31T00:00:00+05:00,2025-05-31,44.826249999999995,2025-05-30,48.24654166666667,51.751798611111106,44.499371751381744,44.00162892110431
2025-06-01T00:00:00+05:00,2025-06-01,45.867875,2025-05-31,44.826249999999995,42.073006944444444,45.12148815851024,47.33708292597008
2025-06-02T00:00:00+05:00,2025-06-02,42.17228472222222,2025-06-01,45.867875,45.64190277777777,45.50448208594001,47.597596810366404
2025-06-03T00:00:00+05:00,2025-06-03,44.194590277777785,2025-06-02,42.17228472222222,41.34551388888889,44.609788016438266,46.01876393751183
2025-06-04T00:00:00+05:00,2025-06-04,44.058548611111114,2025-06-03,44.194590277777785,30.907611111111112,44.399593495301694,45.7463992870458
2025-06-05T00:00:00+05:00,2025-06-05,45.96208333333333,2025-06-04,44.058548611111114,43.942145833333335,45.087837423424524,46.176560589319
2025-06-06T00:00:00+05:00,2025-06-06,47.55336805555555,2025-06-05,45.96208333333333,48.24654166666667,45.47196596686988,47.446959462472186
2025-06-07T00:00:00+05:00,2025-06-07,45.17966666666666,2025-06-06,47.55336805555555,44.826249999999995,46.57538495005667,48.730401809439144
2025-06-08T00:00:00+05:00,2025-06-08,36.09916666666667,2025-06-07,45.17966666666666,45.867875,46.13504861530816,48.18620001437456
2025-06-09T00:00:00+05:00,2025-06-09,37.43391666666667,2025-06-08,36.09916666666667,42.17228472222222,43.253059112834585,44.338487858807824
2025-06-10T00:00:00+05:00,2025-06-10,43.23492361111111,2025-06-09,37.43391666666667,44.194590277777785,41.778072644700146,43.009810203045454
2025-06-11T00:00:00+05:00,2025-06-11,44.88638888888889,2025-06-10,43.23492361111111,44.058548611111114,42.37614212343256,43.94551100798222
2025-06-12T00:00:00+05:00,2025-06-12,41.31164583333333,2025-06-11,44.88638888888889,45.96208333333333,44.08178243541033,44.79429000144425
2025-06-13T00:00:00+05:00,2025-06-13,39.27398611111111,2025-06-12,41.31164583333333,47.55336805555555,43.52011266418374,44.73298237317246
2025-06-14T00:00:00+05:00,2025-06-14,40.10754861111111,2025-06-13,39.27398611111111,45.17966666666666,42.19312823979743,43.60629730016765
2025-06-15T00:00:00+05:00,2025-06-15,41.0541984126984,2025-06-14,40.10754861111111,36.09916666666667,42.037027135079654,42.58480733979888
2025-06-16T00:00:00+05:00,2025-06-16,41.73088405797102,2025-06-15,41.0541984126984,37.43391666666667,42.56853611365973,43.23879302381952
2025-06-17T00:00:00+05:00,2025-06-17,38.025194444444445,2025-06-16,41.73088405797102,43.23492361111111,43.23444509876998,43.868644217227626
2025-06-18T00:00:00+05:00,2025-06-18,41.18595833333333,2025-06-17,38.025194444444445,44.88638888888889,41.892047059666396,43.51021618997849
2025-06-19T00:00:00+05:00,2025-06-19,37.65265277777778,2025-06-18,41.18595833333333,41.31164583333333,41.9804189657404,43.56697942996973
2025-06-20T00:00:00+05:00,2025-06-20,36.47757971014492,2025-06-19,37.65265277777778,39.27398611111111,40.870745317326666,42.548299989285766
2025-06-21T00:00:00+05:00,2025-06-21,32.546194444444446,2025-06-20,36.47757971014492,40.10754861111111,40.00921587581162,41.71937782671741
2025-06-22T00:00:00+05:00,2025-06-22,39.372479166666665,2025-06-21,32.546194444444446,41.0541984126984,37.96968297030694,33.8128195369429
2025-06-23T00:00:00+05:00,2025-06-23,40.60418055555556,2025-06-22,39.372479166666665,41.73088405797102,39.48871281370425,41.297739204999246
2025-06-24T00:00:00+05:00,2025-06-24,41.92545833333333,2025-06-23,40.60418055555556,38.025194444444445,40.77095321264474,41.668573117250226
2025-06-25T00:00:00+05:00,2025-06-25,40.046395833333335,2025-06-24,41.92545833333333,41.18595833333333,41.705375719753484,42.64143010064042
2025-06-26T00:00:00+05:00,2025-06-26,37.34149305555555,2025-06-25,40.046395833333335,37.65265277777778,40.97937941521721,41.97112817789094
2025-06-27T00:00:00+05:00,2025-06-27,35.784868055555556,2025-06-26,37.34149305555555,36.47757971014492,39.804834448953,41.50781185732383
2025-06-28T00:00:00+05:00,2025-06-28,38.69956944444444,2025-06-27,35.784868055555556,32.546194444444446,38.96124805796467,41.21228994847346
2025-06-29T00:00:00+05:00,2025-06-29,39.201548611111114,2025-06-28,38.69956944444444,39.372479166666665,39.95273905645503,41.77241775657426
2025-06-30T00:00:00+05:00,2025-06-30,38.95416666666667,2025-06-29,39.201548611111114,40.60418055555556,40.625567033636116,41.73167608983042
2025-07-01T00:00:00+05:00,2025-07-01,35.4433125,2025-06-30,38.95416666666667,41.92545833333333,40.637724276110404,41.69166564936918
2025-07-02T00:00:00+05:00,2025-07-02,33.01836111111111,2025-07-01,35.4433125,40.046395833333335,39.35223452060005,41.16569488885739
2025-07-03T00:00:00+05:00,2025-07-03,34.30195833333333,2025-07-02,33.01836111111111,37.34149305555555,37.408047851707536,34.03651985380141
2025-07-04T00:00:00+05:00,2025-07-04,41.819493055555554,2025-07-03,34.30195833333333,35.784868055555556,36.84544252124316,39.903939016334846
2025-07-05T00:00:00+05:00,2025-07-05,35.948819444444446,2025-07-04,41.819493055555554,38.69956944444444,39.09218542386512,41.9078043904708
2025-07-06T00:00:00+05:00,2025-07-06,40.23052777777777,2025-07-05,35.948819444444446,39.201548611111114,39.06305969193899,40.93585601125856
2025-07-07T00:00:00+05:00,2025-07-07,37.221805555555555,2025-07-06,40.23052777777777,38.95416666666667,40.243483782624764,41.62577495975068
2025-07-08T00:00:00+05:00,2025-07-08,39.79136805555556,2025-07-07,37.221805555555555,35.4433125,39.63773800040829,41.26256095763606
2025-07-09T00:00:00+05:00,2025-07-09,36.230444444444444,2025-07-08,39.79136805555556,33.01836111111111,40.09032533871366,41.79694371718153
2025-07-10T00:00:00+05:00,2025-07-10,42.123625,2025-07-09,36.230444444444444,34.30195833333333,39.02994489929422,41.2614229014637
2025-07-11T00:00:00+05:00,2025-07-11,35.06813888888889,2025-07-10,42.123625,41.819493055555554,40.448988454256266,42.28081523386549
2025-07-12T00:00:00+05:00,2025-07-12,42.12931944444444,2025-07-11,35.06813888888889,35.948819444444446,39.06325712507311,40.18085351011952
2025-07-13T00:00:00+05:00,2025-07-13,28.561736111111106,2025-07-12,42.12931944444444,40.23052777777777,40.93561692428475,42.093793117138794
2025-07-14T00:00:00+05:00,2025-07-14,38.93438888888889,2025-07-13,28.561736111111106,37.221805555555555,37.30141085103796,33.77903468889313
2025-07-15T00:00:00+05:00,2025-07-15,35.06216666666666,2025-07-14,38.93438888888889,39.79136805555556,38.6922243695505,41.46341529819206
2025-07-16T00:00:00+05:00,2025-07-16,35.07091666666667,2025-07-15,35.06216666666666,36.230444444444444,37.73644815447763,39.30424736301128
2025-07-17T00:00:00+05:00,2025-07-17,34.23309027777778,2025-07-16,35.07091666666667,42.123625,37.61402557340156,39.94810424796339
2025-07-18T00:00:00+05:00,2025-07-18,29.601875000000003,2025-07-17,34.23309027777778,35.06813888888889,37.02402472028852,39.949414352294156
2025-07-19T00:00:00+05:00,2025-07-19,31.37715972222222,2025-07-18,29.601875000000003,42.12931944444444,35.118446622095206,33.79168971817865
2025-07-20T00:00:00+05:00,2025-07-20,38.45440277777778,2025-07-19,31.37715972222222,28.561736111111106,35.004141610445814,31.43864014634297
2025-07-21T00:00:00+05:00,2025-07-21,33.146166666666666,2025-07-20,38.45440277777778,38.93438888888889,37.33962314868036,40.75229147268808
2025-07-22T00:00:00+05:00,2025-07-22,39.45071527777778,2025-07-21,33.146166666666666,35.06216666666666,36.90072678581045,32.35334996748972
2025-07-23T00:00:00+05:00,2025-07-23,36.42313888888889,2025-07-22,39.45071527777778,35.07091666666667,38.14040240342446,41.439392883652935
2025-07-24T00:00:00+05:00,2025-07-24,36.99023611111111,2025-07-23,36.42313888888889,34.23309027777778,37.82426556067287,41.08166697761434
2025-07-25T00:00:00+05:00,2025-07-25,32.663000000000004,2025-07-24,36.99023611111111,29.601875000000003,37.632276850187225,41.17179113072644
2025-07-26T00:00:00+05:00,2025-07-26,34.849944444444446,2025-07-25,32.663000000000004,31.37715972222222,36.817798453794964,33.93815670607794
2025-07-27T00:00:00+05:00,2025-07-27,40.94779166666667,2025-07-26,34.849944444444446,38.45440277777778,36.70980146588121,39.73645829689976
2025-07-28T00:00:00+05:00,2025-07-28,38.024791666666665,2025-07-27,40.94779166666667,33.146166666666666,39.22127419235338,41.23592443424497
2025-07-29T00:00:00+05:00,2025-07-29,46.114784722222225,2025-07-28,38.024791666666665,39.45071527777778,39.48805962776462,41.40990667440252
2025-07-30T00:00:00+05:00,2025-07-30,40.58850694444445,2025-07-29,46.114784722222225,36.42313888888889,41.768311857439535,42.921892838963196
2025-07-31T00:00:00+05:00,2025-07-31,40.408145833333336,2025-07-30,40.58850694444445,36.99023611111111,41.1096663163405,41.75072378099842
2025-08-01T00:00:00+05:00,2025-08-01,41.301291666666664,2025-07-31,40.408145833333336,32.663000000000004,40.750347932654975,42.51065404947439
2025-08-02T00:00:00+05:00,2025-08-02,33.85126388888889,2025-08-01,41.301291666666664,34.849944444444446,41.314292156061356,42.33856773429518
2025-08-03T00:00:00+05:00,2025-08-03,38.15197916666666,2025-08-02,33.85126388888889,40.94779166666667,39.88258470486015,35.62541050613706
2025-08-04T00:00:00+05:00,2025-08-04,38.761673611111114,2025-08-03,38.15197916666666,38.024791666666665,40.04730132734558,41.65095992054992
2025-08-05T00:00:00+05:00,2025-08-05,36.19520833333333,2025-08-04,38.761673611111114,46.114784722222225,40.65387080743474,41.59511832281811
2025-08-06T00:00:00+05:00,2025-08-06,33.09315277777778,2025-08-05,36.19520833333333,40.58850694444445,39.70217831806636,41.34398942765526
2025-08-07T00:00:00+05:00,2025-08-07,28.761687500000004,2025-08-06,33.09315277777778,40.408145833333336,37.937304673429665,34.06257111971135
2025-08-08T00:00:00+05:00,2025-08-08,37.25566666666666,2025-08-07,28.761687500000004,41.301291666666664,35.24754275534677,33.90353440946654
2025-08-09T00:00:00+05:00,2025-08-09,34.416534722222224,2025-08-08,37.25566666666666,33.85126388888889,36.90446153369914,40.982726458767765
2025-08-10T00:00:00+05:00,2025-08-10,32.05014583333333,2025-08-09,34.416534722222224,38.15197916666666,37.501084517274116,39.22519052810405
2025-08-11T00:00:00+05:00,2025-08-11,40.07734027777778,2025-08-10,32.05014583333333,38.761673611111114,36.829508016905905,33.673137760188986
2025-08-12T00:00:00+05:00,2025-08-12,39.348284722222225,2025-08-11,40.07734027777778,36.19520833333333,38.883795786860865,41.59086430615749
2025-08-13T00:00:00+05:00,2025-08-13,36.426541666666665,2025-08-12,39.348284722222225,33.09315277777778,39.25998374841887,41.647401387089474
2025-08-14T00:00:00+05:00,2025-08-14,40.140499999999996,2025-08-13,36.426541666666665,28.761687500000004,38.707850051113795,41.28068486134235
2025-08-15T00:00:00+05:00,2025-08-15,36.066916666666664,2025-08-14,40.140499999999996,37.25566666666666,39.627616365399305,41.77812280196054
2025-08-16T00:00:00+05:00,2025-08-16,37.20747222222222,2025-08-15,36.066916666666664,34.416534722222224,38.57315115851648,40.95852929398339
2025-08-17T00:00:00+05:00,2025-08-17,41.311819444444446,2025-08-16,37.20747222222222,32.05014583333333,39.16323899964333,41.182693370659344
2025-08-18T00:00:00+05:00,2025-08-18,37.84723611111111,2025-08-17,41.311819444444446,40.07734027777778,40.86064577252339,41.598138093882774
2025-08-19T00:00:00+05:00,2025-08-19,39.34922916666667,2025-08-18,37.84723611111111,39.348284722222225,40.42098057366887,41.55944080355704
2025-08-20T00:00:00+05:00,2025-08-20,32.889208333333336,2025-08-19,39.34922916666667,36.426541666666665,40.3727483864848,41.76711814899754
2025-08-21T00:00:00+05:00,2025-08-21,37.47250694444444,2025-08-20,32.889208333333336,40.140499999999996,37.96517803005604,34.23511755734431
2025-08-22T00:00:00+05:00,2025-08-22,35.62661805555556,2025-08-21,37.47250694444444,36.066916666666664,38.60794382034585,41.50502986139827
2025-08-23T00:00:00+05:00,2025-08-23,35.264125,2025-08-22,35.62661805555556,37.20747222222222,38.26355452464078,41.13057007343939
2025-08-24T00:00:00+05:00,2025-08-24,38.51373611111111,2025-08-23,35.264125,41.311819444444446,38.3095113705293,40.70971377107141
2025-08-25T00:00:00+05:00,2025-08-25,38.09504166666667,2025-08-24,38.51373611111111,37.84723611111111,39.57529805779767,41.6875247578617
2025-08-26T00:00:00+05:00,2025-08-26,31.450784722222224,2025-08-25,38.09504166666667,39.34922916666667,39.87424322505012,41.741023136896686
2025-08-27T00:00:00+05:00,2025-08-27,37.963875,2025-08-26,31.450784722222224,32.889208333333336,37.52877490557974,34.10619003576494
2025-08-28T00:00:00+05:00,2025-08-28,36.54396527777778,2025-08-27,37.963875,37.47250694444444,38.42394958065131,41.82138627691552
2025-08-29T00:00:00+05:00,2025-08-29,28.738637681159418,2025-08-28,36.54396527777778,35.62661805555556,38.132425545701466,40.93536044963931
2025-08-30T00:00:00+05:00,2025-08-30,33.2090625,2025-08-29,28.738637681159418,35.264125,35.93151090779686,33.80826319435315
2025-08-31T00:00:00+05:00,2025-08-31,30.906625000000002,2025-08-30,33.2090625,38.51373611111111,36.25226419820119,33.70715242827752
2025-09-01T00:00:00+05:00,2025-09-01,35.14240972222222,2025-08-31,30.906625000000002,38.09504166666667,35.44322557471432,31.273025250782617
2025-09-02T00:00:00+05:00,2025-09-02,33.37927083333333,2025-09-01,35.14240972222222,31.450784722222224,36.56531753289528,38.76656851406064
2025-09-03T00:00:00+05:00,2025-09-03,37.24574305555555,2025-09-02,33.37927083333333,37.963875,36.08105189342146,32.06826540388643
2025-09-04T00:00:00+05:00,2025-09-04,41.68736805555556,2025-09-03,37.24574305555555,36.54396527777778,37.08767447716713,40.01514824625729
2025-09-05T00:00:00+05:00,2025-09-05,34.97529166666666,2025-09-04,41.68736805555556,28.738637681159418,38.67184142730858,41.60854665508571
2025-09-06T00:00:00+05:00,2025-09-06,43.004875,2025-09-05,34.97529166666666,33.2090625,38.06585128625038,40.14086939436649
2025-09-07T00:00:00+05:00,2025-09-07,34.04457638888889,2025-09-06,43.004875,30.906625000000002,40.40559033553494,42.42759397192286
2025-09-08T00:00:00+05:00,2025-09-08,35.84013888888889,2025-09-07,34.04457638888889,35.14240972222222,38.963074151347996,39.80435165467295
2025-09-09T00:00:00+05:00,2025-09-09,37.679270833333334,2025-09-08,35.84013888888889,33.37927083333333,38.56389963954875,40.975406754103666
2025-09-10T00:00:00+05:00,2025-09-10,35.147576388888886,2025-09-09,37.679270833333334,37.24574305555555,39.019724799010625,41.53634063066385
2025-09-11T00:00:00+05:00,2025-09-11,30.20297222222222,2025-09-10,35.147576388888886,41.68736805555556,38.23075791228353,40.116666681800375
2025-09-12T00:00:00+05:00,2025-09-12,31.764131944444443,2025-09-11,30.20297222222222,34.97529166666666,35.71849783307579,33.88760752228525
2025-09-13T00:00:00+05:00,2025-09-13,34.9420625,2025-09-12,31.764131944444443,43.004875,35.41429959642234,33.787105731135
2025-09-20T00:00:00+05:00,2025-09-20,33.81693055555555,2025-09-19,31.4679375,34.9420625,64.94743366500045,49.258024562135795
2025-09-26T00:00:00+05:00,2025-09-26,36.27064583333333,2025-09-25,39.85888888888889,31.4679375,39.61420390194138,41.99243873945236
2025-09-27T00:00:00+05:00,2025-09-27,36.313972222222226,2025-09-26,36.27064583333333,33.81693055555555,39.239757726806786,41.51409113327373
2025-09-28T00:00:00+05:00,2025-09-28,33.33965972222222,2025-09-27,36.313972222222226,38.67936111111111,40.289285118740096,42.21813423156025
2025-09-29T00:00:00+05:00,2025-09-29,28.868805555555554,2025-09-28,33.33965972222222,36.95858333333333,39.18662132041031,34.426437443357756
2025-09-30T00:00:00+05:00,2025-09-30,27.38445138888889,2025-09-29,28.868805555555554,41.50633333333333,37.04673153006803,34.38228211389659
2025-10-01T00:00:00+05:00,2025-10-01,24.624277777777774,2025-09-30,27.38445138888889,37.52940972222222,34.964041611746396,33.993150843671714
2025-10-24T00:00:00+05:00,2025-10-24,30.573229166666664,2025-10-23,28.949951388888888,31.69209027777778,50.87559902768188,46.17818257603923
2025-10-25T00:00:00+05:00,2025-10-25,27.111125,2025-10-24,30.573229166666664,26.303319444444444,34.46466589714824,31.58432879141286
2025-10-26T00:00:00+05:00,2025-10-26,28.905013888888888,2025-10-25,27.111125,26.492979166666668,31.899624341607826,30.132319378561064
2025-10-27T00:00:00+05:00,2025-10-27,33.797645833333334,2025-10-26,28.905013888888888,24.70561111111111,32.40325664654678,30.42041554995381
2025-10-30T00:00:00+05:00,2025-10-30,32.80019444444444,2025-10-29,35.97329166666667,28.949951388888888,34.97791540623268,38.519408118112516
2025-10-31T00:00:00+05:00,2025-10-31,28.37427083333333,2025-10-30,32.80019444444444,30.573229166666664,34.43120065222061,31.6946034798459
2025-11-01T00:00:00+05:00,2025-11-01,32.049701388888884,2025-10-31,28.37427083333333,27.111125,32.67858682935824,31.57456465552219
2025-11-02T00:00:00+05:00,2025-11-02,28.413979166666667,2025-11-01,32.049701388888884,28.905013888888888,33.44313500283093,31.43309724936129
2025-11-03T00:00:00+05:00,2025-11-03,27.37023611111111,2025-11-02,28.413979166666667,33.797645833333334,32.82955409347002,30.17459000770245
2025-11-04T00:00:00+05:00,2025-11-04,21.822805555555558,2025-11-03,27.37023611111111,34.09263888888889,33.40672351511517,31.06198123901037
2025-11-05T00:00:00+05:00,2025-11-05,19.295222222222222,2025-11-04,21.822805555555558,35.97329166666667,30.633509621450855,26.784559559959504
2025-11-06T00:00:00+05:00,2025-11-06,16.638118055555555,2025-11-05,19.295222222222222,32.80019444444444,26.86884736588933,23.088893059876327
2025-11-07T00:00:00+05:00,2025-11-07,16.290979166666666,2025-11-06,16.638118055555555,28.37427083333333,24.535078362994057,18.29356754241858
2025-11-08T00:00:00+05:00,2025-11-08,19.332916666666666,2025-11-07,16.290979166666666,32.049701388888884,23.176007460939367,17.57027621826934
2025-11-09T00:00:00+05:00,2025-11-09,23.45726388888889,2025-11-08,19.332916666666666,28.413979166666667,23.624603263959514,19.531559402514198
2025-11-10T00:00:00+05:00,2025-11-10,29.087374999999998,2025-11-09,23.45726388888889,27.37023611111111,25.350583713061972,20.635779459166706
2025-11-11T00:00:00+05:00,2025-11-11,30.028881944444446,2025-11-10,29.087374999999998,21.822805555555558,27.657505100302195,23.28107636579209
2025-11-12T00:00:00+05:00,2025-11-12,32.418458333333334,2025-11-11,30.028881944444446,19.295222222222222,28.99010187471507,29.07336468696055
2025-11-13T00:00:00+05:00,2025-11-13,27.561555555555557,2025-11-12,32.418458333333334,16.638118055555555,30.121093669231232,30.755377401211934
2025-11-14T00:00:00+05:00,2025-11-14,23.891381944444444,2025-11-13,27.561555555555557,16.290979166666666,29.28832173138764,30.834686009892856
2025-11-15T00:00:00+05:00,2025-11-15,25.724326388888887,2025-11-14,23.891381944444444,19.332916666666666,28.332603983116556,30.69015021250091
2025-11-16T00:00:00+05:00,2025-11-16,26.904916666666665,2025-11-15,25.724326388888887,23.45726388888889,28.38524372828622,24.921967582294812
2025-11-17T00:00:00+05:00,2025-11-17,28.91207638888889,2025-11-16,26.904916666666665,29.087374999999998,29.04057815058319,24.709730000610342
2025-11-18T00:00:00+05:00,2025-11-18,26.370840277777777,2025-11-17,28.91207638888889,30.028881944444446,29.70483515434344,29.815826578773162
2025-11-19T00:00:00+05:00,2025-11-19,23.369444444444444,2025-11-18,26.370840277777777,32.418458333333334,28.990787333180897,30.14215976356778
2025-11-20T00:00:00+05:00,2025-11-20,32.63784027777778,2025-11-19,23.369444444444444,27.561555555555557,27.35718901533791,30.175249767425804
2025-12-16T00:00:00+05:00,2025-12-16,13.188534722222222,2025-12-15,12.55047222222222,20.023819444444445,17.586858367533715,10.238452931558983
2025-12-17T00:00:00+05:00,2025-12-17,12.493986111111111,2025-12-16,13.188534722222222,14.456458333333332,17.53162270810182,10.304478793827503
2025-12-18T00:00:00+05:00,2025-12-18,14.542625,2025-12-17,12.493986111111111,11.120395833333333,17.14154051473576,10.304478793827503
2025-12-19T00:00:00+05:00,2025-12-19,14.654333333333334,2025-12-18,14.542625,10.322694444444444,17.612296960166553,10.483058338335077
2025-12-20T00:00:00+05:00,2025-12-20,16.323888888888888,2025-12-19,14.654333333333334,12.190229166666667,18.14725359663673,10.483058338335077
2025-12-21T00:00:00+05:00,2025-12-21,17.735069444444445,2025-12-20,16.323888888888888,11.7796875,19.168879153492163,15.612571916668667
2025-12-22T00:00:00+05:00,2025-12-22,15.089159090909073,2025-12-21,17.735069444444445,12.55047222222222,20.268183252626606,17.52630200793057
