season,model,MAE,RMSE,R2,n
Весна,persistence,4.813852096405467,6.347859673718297,-0.023445520986234758,89
Весна,seasonal_naive7,6.135640887202686,7.804097436039507,-0.5468758543003407,89
Весна,ridge,3.8905486481689406,5.2148678839943825,0.30928845530273097,89
Весна,forest,4.230156076989814,5.355443170372988,0.27154802575087345,89
Зима,persistence,2.0907598265261322,2.8173436311728857,0.9033248230251467,46
Зима,seasonal_naive7,4.270783802700922,5.237549017021263,0.6658884150927431,46
Зима,ridge,2.797682806027139,3.3648087472889596,0.8621025922165736,46
Зима,forest,3.349736732366566,4.0146472168476945,0.8036955657645265,46
Лето,persistence,3.552359220751942,4.418171752509273,-0.17441043519398836,92
Лето,seasonal_naive7,4.254760184591322,5.275398715626067,-0.6743463151116655,92
Лето,ridge,3.1833827748991403,4.042869235793434,0.01663646161993093,92
Лето,forest,4.331560659314207,5.250132408808127,-0.6583462961406499,92
Осень,persistence,3.365666817632851,3.923061381137085,0.56360061590692,46
Осень,seasonal_naive7,6.178705038332282,7.656753805146517,-0.6623531417798612,46
Осень,ridge,5.478298915095956,7.706407747085257,-0.6839837261253632,46
Осень,forest,5.247778586587617,6.171193523869446,-0.07987193412467808,46
