forecast_origin,target_date,actual,persistence,seasonal_naive7,latest_feature_date,ridge,forest
2025-01-01T00:00:00+05:00,2025-01-01,13.060075536062378,13.263438109161791,22.288658021416637,2024-12-31,12.090519895193605,14.528804773010068
2025-01-02T00:00:00+05:00,2025-01-02,11.001425438596492,13.060075536062378,20.70868664717349,2025-01-01,10.649856147091949,10.506843971072444
2025-01-03T00:00:00+05:00,2025-01-03,2.9929038952745852,11.001425438596492,7.507407407407407,2025-01-02,9.958056708020488,8.83205636279226
2025-01-04T00:00:00+05:00,2025-01-04,12.05537658802178,2.9929038952745852,5.606396198830409,2025-01-03,5.662173205929168,5.0875012767744
2025-01-05T00:00:00+05:00,2025-01-05,10.660407993854692,12.05537658802178,3.3442129629629633,2025-01-04,11.974017021317277,9.244241094558516
2025-01-06T00:00:00+05:00,2025-01-06,4.794445032600659,10.660407993854692,7.346531701192718,2025-01-05,9.374468343283386,10.570185301770994
2025-01-07T00:00:00+05:00,2025-01-07,2.4682689722390267,4.794445032600659,13.263438109161791,2025-01-06,7.556784236410143,6.768994657484832
2025-01-08T00:00:00+05:00,2025-01-08,4.486566440860252,2.4682689722390267,13.060075536062378,2025-01-07,7.164384688037655,5.1708467570052425
2025-01-09T00:00:00+05:00,2025-01-09,8.618567251461988,4.486566440860252,11.001425438596492,2025-01-08,7.99701551265032,8.02397212609759
2025-01-10T00:00:00+05:00,2025-01-10,10.737263732247285,8.618567251461988,2.9929038952745852,2025-01-09,9.527212976458216,12.198744099825959
2025-01-11T00:00:00+05:00,2025-01-11,9.655245147893888,10.737263732247285,12.05537658802178,2025-01-10,8.918237999661482,11.737140229955838
2025-01-12T00:00:00+05:00,2025-01-12,11.81192594244557,9.655245147893888,10.660407993854692,2025-01-11,8.177715698043166,9.96588058193776
2025-01-13T00:00:00+05:00,2025-01-13,28.111622807017543,11.81192594244557,4.794445032600659,2025-01-12,10.058248241832572,8.655659379206563
2025-01-14T00:00:00+05:00,2025-01-14,25.927022417153996,28.111622807017543,2.4682689722390267,2025-01-13,18.170022207919722,19.884367414366494
2025-01-15T00:00:00+05:00,2025-01-15,13.754446881091619,25.927022417153996,4.486566440860252,2025-01-14,13.8916993460497,15.991703993142915
2025-01-16T00:00:00+05:00,2025-01-16,14.92012670565302,13.754446881091619,8.618567251461988,2025-01-15,8.83495698262632,12.87531709415801
2025-01-17T00:00:00+05:00,2025-01-17,9.73525828460039,14.92012670565302,10.737263732247285,2025-01-16,12.3289053759761,13.482885092286988
2025-01-18T00:00:00+05:00,2025-01-18,3.3737433862433863,9.73525828460039,9.655245147893888,2025-01-17,8.415381951875874,8.417383346844197
2025-01-19T00:00:00+05:00,2025-01-19,1.5510964912280703,3.3737433862433863,11.81192594244557,2025-01-18,6.245196136238707,5.222739759465697
2025-01-20T00:00:00+05:00,2025-01-20,3.9061622394026494,1.5510964912280703,28.111622807017543,2025-01-19,6.980808823044561,3.098136260187276
2025-01-21T00:00:00+05:00,2025-01-21,3.0434243565599495,3.9061622394026494,25.927022417153996,2025-01-20,9.586096005045835,8.638838240252927
2025-01-22T00:00:00+05:00,2025-01-22,2.6479931269745243,3.0434243565599495,13.754446881091619,2025-01-21,9.505021783724258,7.5400504846261756
2025-01-23T00:00:00+05:00,2025-01-23,3.6442007797270954,2.6479931269745243,14.92012670565302,2025-01-22,9.26766829232898,5.096150249832359
2025-01-24T00:00:00+05:00,2025-01-24,8.5251436085432,3.6442007797270954,9.73525828460039,2025-01-23,9.155374589545168,5.605273327215079
2025-01-25T00:00:00+05:00,2025-01-25,35.72885695238933,8.5251436085432,3.3737433862433863,2025-01-24,10.75117157083925,9.32483335037606
2025-01-26T00:00:00+05:00,2025-01-26,32.642291050130034,35.72885695238933,1.5510964912280703,2025-01-25,23.027665692709867,25.68840697538232
2025-01-27T00:00:00+05:00,2025-01-27,4.81314807941247,32.642291050130034,3.9061622394026494,2025-01-26,14.693906608674778,22.421928841133063
2025-01-28T00:00:00+05:00,2025-01-28,7.71679596508168,4.81314807941247,3.0434243565599495,2025-01-27,2.5640623015746757,7.346602357905368
2025-01-29T00:00:00+05:00,2025-01-29,18.969599813507077,7.71679596508168,2.6479931269745243,2025-01-28,11.028579468517641,9.765872406321257
2025-01-30T00:00:00+05:00,2025-01-30,10.188564235203243,18.969599813507077,3.6442007797270954,2025-01-29,14.86198737480751,16.064830710159285
2025-01-31T00:00:00+05:00,2025-01-31,9.23852173984868,10.188564235203243,8.5251436085432,2025-01-30,7.434969421044664,9.613857308006555
2025-02-01T00:00:00+05:00,2025-02-01,9.007962880364753,9.23852173984868,35.72885695238933,2025-01-31,8.512249664018487,10.427323280868537
2025-02-02T00:00:00+05:00,2025-02-02,19.91602963445088,9.007962880364753,32.642291050130034,2025-02-01,9.057086517972282,10.661182677013842
2025-02-03T00:00:00+05:00,2025-02-03,28.679711553977338,19.91602963445088,4.81314807941247,2025-02-02,16.02552438265876,15.431092421301503
2025-02-04T00:00:00+05:00,2025-02-04,10.865949586040562,28.679711553977338,7.71679596508168,2025-02-03,18.952444243860178,18.616420700220498
2025-02-05T00:00:00+05:00,2025-02-05,6.906466200812766,10.865949586040562,18.969599813507077,2025-02-04,9.138276328130026,10.85805113971805
2025-02-06T00:00:00+05:00,2025-02-06,14.285315633794601,6.906466200812766,10.188564235203243,2025-02-05,12.19198256944581,8.84800075974634
2025-02-07T00:00:00+05:00,2025-02-07,12.62053176162155,14.285315633794601,9.23852173984868,2025-02-06,15.801197001626432,15.600738136241091
2025-02-08T00:00:00+05:00,2025-02-08,9.106676591268743,12.62053176162155,9.007962880364753,2025-02-07,10.682945141119086,9.357253460798555
2025-02-09T00:00:00+05:00,2025-02-09,15.901601033539592,9.106676591268743,19.91602963445088,2025-02-08,8.120560564404363,9.293771550360294
2025-02-10T00:00:00+05:00,2025-02-10,9.73211606358581,15.901601033539592,28.679711553977338,2025-02-09,13.617779715941344,13.886839329107351
2025-02-11T00:00:00+05:00,2025-02-11,9.994567398285367,9.73211606358581,10.865949586040562,2025-02-10,10.264741413270992,8.685384892351324
2025-02-12T00:00:00+05:00,2025-02-12,6.782946172198251,9.994567398285367,6.906466200812766,2025-02-11,11.860423069757951,9.248364192705942
2025-02-13T00:00:00+05:00,2025-02-13,16.40380355496996,6.782946172198251,14.285315633794601,2025-02-12,9.999218337575705,8.158493383698683
2025-02-14T00:00:00+05:00,2025-02-14,17.28418074823724,16.40380355496996,12.62053176162155,2025-02-13,15.153964143616097,14.5755708513587
2025-02-15T00:00:00+05:00,2025-02-15,16.827711803232095,17.28418074823724,9.106676591268743,2025-02-14,12.969854172124863,13.751450998484527
2025-02-16T00:00:00+05:00,2025-02-16,32.19925664714175,16.827711803232095,15.901601033539592,2025-02-15,11.787279047339497,12.240479862096288
2025-02-17T00:00:00+05:00,2025-02-17,28.688966002642797,32.19925664714175,9.73211606358581,2025-02-16,19.415482897217654,22.61011091022916
2025-02-18T00:00:00+05:00,2025-02-18,10.989040264348448,28.688966002642797,9.994567398285367,2025-02-17,15.676283595609728,18.55148037661869
2025-02-19T00:00:00+05:00,2025-02-19,7.8582975069469185,10.989040264348448,6.782946172198251,2025-02-18,9.251439650075831,9.84875270882166
2025-02-20T00:00:00+05:00,2025-02-20,11.839669014734381,7.8582975069469185,16.40380355496996,2025-02-19,11.13734670633865,9.502611680323072
2025-02-21T00:00:00+05:00,2025-02-21,17.25610836085522,11.839669014734381,17.28418074823724,2025-02-20,12.933390085936677,9.178336075629817
2025-02-22T00:00:00+05:00,2025-02-22,21.31330542499062,17.25610836085522,16.827711803232095,2025-02-21,14.334627525574101,14.160499946348578
2025-02-23T00:00:00+05:00,2025-02-23,19.552891177088075,21.31330542499062,32.19925664714175,2025-02-22,14.429901544755552,14.793111112474278
2025-02-24T00:00:00+05:00,2025-02-24,17.526342810387586,19.552891177088075,28.688966002642797,2025-02-23,13.914851001253158,13.466652234295033
2025-02-25T00:00:00+05:00,2025-02-25,19.554468333170146,17.526342810387586,10.989040264348448,2025-02-24,14.97055964690646,12.761935525503352
2025-02-26T00:00:00+05:00,2025-02-26,22.10465427380224,19.554468333170146,7.8582975069469185,2025-02-25,17.42736576782264,14.310646868840454
2025-02-27T00:00:00+05:00,2025-02-27,28.35958561707791,22.10465427380224,11.839669014734381,2025-02-26,17.659775192156197,15.440188835392146
2025-02-28T00:00:00+05:00,2025-02-28,20.55939490622617,28.35958561707791,17.25610836085522,2025-02-27,19.585754230068993,19.33990440075078
2025-03-01T00:00:00+05:00,2025-03-01,11.319111026080245,20.55939490622617,21.31330542499062,2025-02-28,13.837297057301395,15.649272990858451
2025-03-02T00:00:00+05:00,2025-03-02,14.456794023136615,11.319111026080245,19.552891177088075,2025-03-01,10.104795692916763,10.97835191663463
2025-03-03T00:00:00+05:00,2025-03-03,40.94112228201698,14.456794023136615,17.526342810387586,2025-03-02,13.578216475822913,14.36934692336721
2025-03-04T00:00:00+05:00,2025-03-04,16.287229519346777,40.94112228201698,19.554468333170146,2025-03-03,27.323526901991485,25.63870235861718
2025-03-05T00:00:00+05:00,2025-03-05,22.431919077028894,16.287229519346777,22.10465427380224,2025-03-04,10.238607701234518,13.968885209228228
2025-03-06T00:00:00+05:00,2025-03-06,6.7896535384984995,22.431919077028894,28.35958561707791,2025-03-05,19.77208997186802,17.217429155683746
2025-03-07T00:00:00+05:00,2025-03-07,5.759859316786122,6.7896535384984995,20.55939490622617,2025-03-06,9.743187233791186,8.944227615288867
2025-03-08T00:00:00+05:00,2025-03-08,1.8869857620624717,5.759859316786122,11.319111026080245,2025-03-07,12.192234891260533,7.883517842729279
2025-03-09T00:00:00+05:00,2025-03-09,3.8903857749363997,1.8869857620624717,14.456794023136615,2025-03-08,9.408255809454856,2.8014653113494905
2025-03-10T00:00:00+05:00,2025-03-10,8.289208365945386,3.8903857749363997,40.94112228201698,2025-03-09,10.60604905034019,7.138323027296342
2025-03-11T00:00:00+05:00,2025-03-11,8.443702728523279,8.289208365945386,16.287229519346777,2025-03-10,13.155914172568494,11.897462545290841
2025-03-12T00:00:00+05:00,2025-03-12,5.9465498656782225,8.443702728523279,22.431919077028894,2025-03-11,11.944258077983497,11.708972727472377
2025-03-13T00:00:00+05:00,2025-03-13,5.637887492409509,5.9465498656782225,6.7896535384984995,2025-03-12,10.09289752377655,6.59400121559873
2025-03-14T00:00:00+05:00,2025-03-14,11.773015747389287,5.637887492409509,5.759859316786122,2025-03-13,9.585830171322034,6.3651826611236775
2025-03-15T00:00:00+05:00,2025-03-15,5.676884949625671,11.773015747389287,1.8869857620624717,2025-03-14,12.184836707017599,11.099504554649414
2025-03-16T00:00:00+05:00,2025-03-16,8.349738690596222,5.676884949625671,3.8903857749363997,2025-03-15,6.970688795541348,7.289774205592917
2025-03-17T00:00:00+05:00,2025-03-17,5.667197170496064,8.349738690596222,8.289208365945386,2025-03-16,7.7635825601226784,9.818960554516256
2025-03-18T00:00:00+05:00,2025-03-18,6.900791325087233,5.667197170496064,8.443702728523279,2025-03-17,6.602241954097665,6.853858572381178
2025-03-19T00:00:00+05:00,2025-03-19,6.672540455219483,6.900791325087233,5.9465498656782225,2025-03-18,7.546667583348723,8.789167676107844
2025-03-20T00:00:00+05:00,2025-03-20,2.491592926403287,6.672540455219483,5.637887492409509,2025-03-19,7.432899007744524,8.99247820841609
2025-03-21T00:00:00+05:00,2025-03-21,2.50659837218867,2.491592926403287,11.773015747389287,2025-03-20,4.7766155455395225,4.364004893878206
2025-03-22T00:00:00+05:00,2025-03-22,3.0284705402584042,2.50659837218867,5.676884949625671,2025-03-21,5.574558502171126,5.126823307117254
2025-03-23T00:00:00+05:00,2025-03-23,3.2170963787220725,3.0284705402584042,8.349738690596222,2025-03-22,5.384302079629235,6.087036820937624
2025-03-24T00:00:00+05:00,2025-03-24,3.673209050086415,3.2170963787220725,5.667197170496064,2025-03-23,5.454238746528665,5.3407521184264075
2025-03-25T00:00:00+05:00,2025-03-25,6.432590394020978,3.673209050086415,6.900791325087233,2025-03-24,6.041845879616856,5.0371509402243815
2025-03-26T00:00:00+05:00,2025-03-26,1.3621254968161784,6.432590394020978,6.672540455219483,2025-03-25,7.790413347029592,6.937831001714
2025-03-27T00:00:00+05:00,2025-03-27,19.669749787238406,1.3621254968161784,2.491592926403287,2025-03-26,4.64584020962479,2.598196738412676
2025-03-28T00:00:00+05:00,2025-03-28,15.806194101514093,19.669749787238406,2.50659837218867,2025-03-27,14.052479287265047,16.559301431567718
2025-03-29T00:00:00+05:00,2025-03-29,4.492141858455418,15.806194101514093,3.0284705402584042,2025-03-28,7.494485697088423,15.619254089035538
2025-03-30T00:00:00+05:00,2025-03-30,5.123598927875244,4.492141858455418,3.2170963787220725,2025-03-29,2.9229559621926677,6.134962981087842
2025-03-31T00:00:00+05:00,2025-03-31,4.338295214259755,5.123598927875244,3.673209050086415,2025-03-30,6.187840557346989,6.143313029077433
2025-04-01T00:00:00+05:00,2025-04-01,10.300701941820362,4.338295214259755,6.432590394020978,2025-03-31,5.822060323120251,6.245670121077592
2025-04-02T00:00:00+05:00,2025-04-02,11.677546296296297,10.300701941820362,1.3621254968161784,2025-04-01,9.5181396980704,11.594470339639178
2025-04-03T00:00:00+05:00,2025-04-03,15.46631335282651,11.677546296296297,19.669749787238406,2025-04-02,8.55126529048535,12.402667877956237
2025-04-04T00:00:00+05:00,2025-04-04,3.457363805083475,15.46631335282651,15.806194101514093,2025-04-03,10.298549390446084,14.906076958390333
2025-04-05T00:00:00+05:00,2025-04-05,2.8462962962962965,3.457363805083475,4.492141858455418,2025-04-04,3.5532050268123863,4.764172538126302
2025-04-06T00:00:00+05:00,2025-04-06,4.365740740740741,2.8462962962962965,5.123598927875244,2025-04-05,5.988336220329341,5.497457246369903
2025-04-07T00:00:00+05:00,2025-04-07,4.649990088214888,4.365740740740741,4.338295214259755,2025-04-06,6.973171333006314,7.76174723314929
2025-04-08T00:00:00+05:00,2025-04-08,2.983984620213434,4.649990088214888,10.300701941820362,2025-04-07,7.0466617066875274,8.080422435925792
2025-04-09T00:00:00+05:00,2025-04-09,0.8567404268675456,2.983984620213434,11.677546296296297,2025-04-08,6.965543696212377,6.12897713524298
2025-04-10T00:00:00+05:00,2025-04-10,1.231454017576899,0.8567404268675456,15.46631335282651,2025-04-09,5.004626865246857,3.4482213286021017
2025-04-11T00:00:00+05:00,2025-04-11,0.962298162098068,1.231454017576899,3.457363805083475,2025-04-10,4.991064934557826,3.251501928549942
2025-04-12T00:00:00+05:00,2025-04-12,3.7191291257805528,0.962298162098068,2.8462962962962965,2025-04-11,4.315408989365893,3.440078704200493
2025-04-13T00:00:00+05:00,2025-04-13,1.2136574074074076,3.7191291257805528,4.365740740740741,2025-04-12,5.325793881023695,6.2134605274434564
2025-04-14T00:00:00+05:00,2025-04-14,2.428306878306874,1.2136574074074076,4.649990088214888,2025-04-13,3.7089817703011185,2.6903455875664064
2025-04-17T00:00:00+05:00,2025-04-17,2.809502923976608,2.632041910331384,1.231454017576899,2025-04-16,5.577640785647983,3.5862068370285165
2025-04-18T00:00:00+05:00,2025-04-18,8.423403996101365,2.809502923976608,0.962298162098068,2025-04-17,3.422936277387706,2.7305981053431676
2025-04-19T00:00:00+05:00,2025-04-19,16.71257867479433,8.423403996101365,3.7191291257805528,2025-04-18,6.00054742669866,7.394243020297384
2025-04-20T00:00:00+05:00,2025-04-20,2.5689893283113623,16.71257867479433,1.2136574074074076,2025-04-19,8.78947172271601,12.724895045874112
2025-04-21T00:00:00+05:00,2025-04-21,1.469587597465887,2.5689893283113623,2.428306878306874,2025-04-20,0.3544451281941168,3.0812666278930725
2025-04-23T00:00:00+05:00,2025-04-23,2.472034286173263,1.1444037131454141,2.632041910331384,2025-04-22,4.404227249051973,2.506993750406759
2025-04-24T00:00:00+05:00,2025-04-24,5.594610485140609,2.472034286173263,2.809502923976608,2025-04-23,5.0527439127250755,3.2106363893096397
2025-04-25T00:00:00+05:00,2025-04-25,2.1057889771795475,5.594610485140609,8.423403996101365,2025-04-24,5.696028027915397,4.641283495031557
2025-04-26T00:00:00+05:00,2025-04-26,2.862055601084366,2.1057889771795475,16.71257867479433,2025-04-25,2.4484845947693867,2.7572969209423257
2025-04-27T00:00:00+05:00,2025-04-27,1.3513780952345043,2.862055601084366,2.5689893283113623,2025-04-26,4.07829615756867,3.080912467062637
2025-04-28T00:00:00+05:00,2025-04-28,1.067835253710824,1.3513780952345043,1.469587597465887,2025-04-27,3.387848932818675,1.9457658793830932
2025-04-29T00:00:00+05:00,2025-04-29,1.5146974071930535,1.067835253710824,1.1444037131454141,2025-04-28,4.528383531874113,1.8855953708644437
2025-04-30T00:00:00+05:00,2025-04-30,5.585517276078431,1.5146974071930535,2.472034286173263,2025-04-29,4.727151346427919,2.5314845466099283
2025-05-01T00:00:00+05:00,2025-05-01,1.5829915869341091,5.585517276078431,5.594610485140609,2025-04-30,6.462947034872115,4.2074531533795
2025-05-02T00:00:00+05:00,2025-05-02,2.0447983875933953,1.5829915869341091,2.1057889771795475,2025-05-01,2.7058411895337438,2.3897239426989954
2025-05-03T00:00:00+05:00,2025-05-03,1.7779368469497203,2.0447983875933953,2.862055601084366,2025-05-02,2.433372801457713,2.688970700930856
2025-05-04T00:00:00+05:00,2025-05-04,1.0104336019511928,1.7779368469497203,1.3513780952345043,2025-05-03,2.2854364403984997,2.0475328193272313
2025-05-05T00:00:00+05:00,2025-05-05,0.5900781489800796,1.0104336019511928,1.067835253710824,2025-05-04,2.3338707221944803,1.7745391021312196
2025-05-06T00:00:00+05:00,2025-05-06,0.5954365936235043,0.5900781489800796,1.5146974071930535,2025-05-05,2.915015804520853,1.6613867599771521
2025-05-07T00:00:00+05:00,2025-05-07,0.7406579360950228,0.5954365936235043,5.585517276078431,2025-05-06,3.2427361005522566,1.5913608761887559
2025-05-08T00:00:00+05:00,2025-05-08,0.6964147220365344,0.7406579360950228,1.5829915869341091,2025-05-07,3.058106233829732,1.411081345948768
2025-05-09T00:00:00+05:00,2025-05-09,1.089351851851852,0.6964147220365344,2.0447983875933953,2025-05-08,2.477935267852674,1.4852748588302458
2025-05-10T00:00:00+05:00,2025-05-10,0.8240744513255107,1.089351851851852,1.7779368469497203,2025-05-09,1.9633881601062324,1.7179398280510592
2025-05-11T00:00:00+05:00,2025-05-11,0.6962962962962963,0.8240744513255107,1.0104336019511928,2025-05-10,1.5485588980860827,1.5862721486920557
2025-05-12T00:00:00+05:00,2025-05-12,0.8789511494252874,0.6962962962962963,0.5900781489800796,2025-05-11,1.8814231653232625,1.6234000785349714
2025-05-13T00:00:00+05:00,2025-05-13,1.1667346245327896,0.8789511494252874,0.5954365936235043,2025-05-12,2.5659348011137095,1.4691380649962034
2025-05-14T00:00:00+05:00,2025-05-14,1.3932831136220967,1.1667346245327896,0.7406579360950228,2025-05-13,2.7714533049438583,1.7175307815939937
2025-05-15T00:00:00+05:00,2025-05-15,0.33210282651072126,1.3932831136220967,0.6964147220365344,2025-05-14,2.8239843336266404,1.900493766153257
2025-05-16T00:00:00+05:00,2025-05-16,0.5541666666666666,0.33210282651072126,1.089351851851852,2025-05-15,1.6189497757160858,1.502593844995882
2025-05-17T00:00:00+05:00,2025-05-17,0.8564814814814815,0.5541666666666666,0.8240744513255107,2025-05-16,1.3210648774378377,1.4083915682921013
2025-05-18T00:00:00+05:00,2025-05-18,0.887962962962963,0.8564814814814815,0.6962962962962963,2025-05-17,1.1657997605581878,1.3893488653336186
2025-05-19T00:00:00+05:00,2025-05-19,1.9071759259259258,0.887962962962963,0.8789511494252874,2025-05-18,1.446622377461158,1.4487582264315437
2025-05-20T00:00:00+05:00,2025-05-20,0.5675925925925925,1.9071759259259258,1.1667346245327896,2025-05-19,2.5872608457936837,1.8614919503721554
2025-05-21T00:00:00+05:00,2025-05-21,0.34701820464532324,0.5675925925925925,1.3932831136220967,2025-05-20,2.1415853819787913,1.44088862170079
2025-05-22T00:00:00+05:00,2025-05-22,0.07754629629629627,0.34701820464532324,0.33210282651072126,2025-05-21,2.323503635006232,1.4614098695775024
2025-05-23T00:00:00+05:00,2025-05-23,0.10046296296296293,0.07754629629629627,0.5541666666666666,2025-05-22,1.6030588481749168,1.2440260240479504
2025-05-24T00:00:00+05:00,2025-05-24,0.4849705004987004,0.10046296296296293,0.8564814814814815,2025-05-23,1.0203373357008072,1.1711510157921297
2025-05-25T00:00:00+05:00,2025-05-25,0.33467354624303464,0.4849705004987004,0.887962962962963,2025-05-24,0.9516982187181666,1.1720181027557677
2025-05-26T00:00:00+05:00,2025-05-26,0.5963504616604528,0.33467354624303464,1.9071759259259258,2025-05-25,1.061285566547589,1.166458236663029
2025-05-27T00:00:00+05:00,2025-05-27,0.1367086653365068,0.5963504616604528,0.5675925925925925,2025-05-26,1.859881321230887,1.1141677495252404
2025-05-28T00:00:00+05:00,2025-05-28,8.294733992521818,0.1367086653365068,0.34701820464532324,2025-05-27,1.9672159983791513,1.0867883121883164
2025-05-29T00:00:00+05:00,2025-05-29,0.897357287508861,8.294733992521818,0.07754629629629627,2025-05-28,6.194901263799051,7.00024406396886
2025-05-30T00:00:00+05:00,2025-05-30,0.48509799067038983,0.897357287508861,0.10046296296296293,2025-05-29,0.14831910433835827,1.5085012404693723
2025-05-31T00:00:00+05:00,2025-05-31,2.128519109929835,0.48509799067038983,0.4849705004987004,2025-05-30,1.2329049731443176,1.535792128595457
2025-06-01T00:00:00+05:00,2025-06-01,2.2997066419759227,2.128519109929835,0.33467354624303464,2025-05-31,1.7497953303763456,1.9905586502378056
2025-06-02T00:00:00+05:00,2025-06-02,0.4423857530610951,2.2997066419759227,0.5963504616604528,2025-06-01,1.694570853306323,2.1337724074853965
2025-06-03T00:00:00+05:00,2025-06-03,0.3733426860147324,0.4423857530610951,0.1367086653365068,2025-06-02,1.474258568796321,1.4797361323429437
2025-06-04T00:00:00+05:00,2025-06-04,0.5972070639817554,0.3733426860147324,8.294733992521818,2025-06-03,2.147616353873458,1.4501971866583003
2025-06-05T00:00:00+05:00,2025-06-05,1.404752236346516,0.5972070639817554,0.897357287508861,2025-06-04,2.43475382152842,1.068872588583722
2025-06-06T00:00:00+05:00,2025-06-06,0.6087335216572504,1.404752236346516,0.48509799067038983,2025-06-05,2.2630331741911682,1.472130425602063
2025-06-07T00:00:00+05:00,2025-06-07,3.9057863605861853,0.6087335216572504,2.128519109929835,2025-06-06,1.0222545472866864,1.243309965034758
2025-06-08T00:00:00+05:00,2025-06-08,1.3853813559322035,3.9057863605861853,2.2997066419759227,2025-06-07,2.6998718898742116,2.4561725108797483
2025-06-09T00:00:00+05:00,2025-06-09,0.5419413057124921,1.3853813559322035,0.4423857530610951,2025-06-08,1.0998012454286048,1.843889864396241
2025-06-10T00:00:00+05:00,2025-06-10,0.9608303555254727,0.5419413057124921,0.3733426860147324,2025-06-09,2.0292772171993967,1.4536782179585779
2025-06-11T00:00:00+05:00,2025-06-11,0.9659988743857827,0.9608303555254727,0.5972070639817554,2025-06-10,2.2493178521472146,1.3926427301701851
2025-06-12T00:00:00+05:00,2025-06-12,1.1759725333896138,0.9659988743857827,1.404752236346516,2025-06-11,2.2380881222281124,1.2607654432480488
2025-06-13T00:00:00+05:00,2025-06-13,1.7300146007504722,1.1759725333896138,0.6087335216572504,2025-06-12,1.8530127391397135,1.4273499843131854
2025-06-14T00:00:00+05:00,2025-06-14,2.734025071974371,1.7300146007504722,3.9057863605861853,2025-06-13,1.278907381991024,1.904815987672923
2025-06-15T00:00:00+05:00,2025-06-15,3.0320127959911694,2.734025071974371,1.3853813559322035,2025-06-14,1.4750451766050299,1.792878459494191
2025-06-16T00:00:00+05:00,2025-06-16,1.9073960759101205,3.0320127959911694,0.5419413057124921,2025-06-15,1.8746418187243359,2.1452160043680677
2025-06-17T00:00:00+05:00,2025-06-17,0.596088580783006,1.9073960759101205,0.9608303555254727,2025-06-16,1.95171137772489,1.5939190463266522
2025-06-18T00:00:00+05:00,2025-06-18,0.7804378455994634,0.596088580783006,0.9659988743857827,2025-06-17,2.0545938907894037,1.2943244808383703
2025-06-19T00:00:00+05:00,2025-06-19,1.6992302390664966,0.7804378455994634,1.1759725333896138,2025-06-18,2.3036278675887267,1.3485075908572322
2025-06-20T00:00:00+05:00,2025-06-20,1.9679386267163361,1.6992302390664966,1.7300146007504722,2025-06-19,2.161479769684325,1.642850608706105
2025-06-21T00:00:00+05:00,2025-06-21,0.8592409221856413,1.9679386267163361,2.734025071974371,2025-06-20,1.240753296349986,1.7658891614945946
2025-06-22T00:00:00+05:00,2025-06-22,0.28217592592592594,0.8592409221856413,3.0320127959911694,2025-06-21,0.5064703452684274,1.4726918902107535
2025-06-23T00:00:00+05:00,2025-06-23,0.6538722040506162,0.28217592592592594,1.9073960759101205,2025-06-22,0.908280819514685,1.3794442859951237
2025-06-24T00:00:00+05:00,2025-06-24,0.5710955256834859,0.6538722040506162,0.596088580783006,2025-06-23,1.8515043664613513,1.0752889025044159
2025-06-25T00:00:00+05:00,2025-06-25,0.6856587215953084,0.5710955256834859,0.7804378455994634,2025-06-24,2.137902933020061,1.0621087543799697
2025-06-26T00:00:00+05:00,2025-06-26,0.6322328902081816,0.6856587215953084,1.6992302390664966,2025-06-25,2.0956415807258377,1.048452555980216
2025-06-27T00:00:00+05:00,2025-06-27,0.7516530741673203,0.6322328902081816,1.9679386267163361,2025-06-26,1.4322395217733872,1.0697229485747313
2025-06-28T00:00:00+05:00,2025-06-28,0.8095163801450905,0.7516530741673203,0.8592409221856413,2025-06-27,0.8028242414835187,1.0783411175615425
2025-06-29T00:00:00+05:00,2025-06-29,0.2682245329783319,0.8095163801450905,0.28217592592592594,2025-06-28,0.4755824631322074,1.1123428016968213
2025-06-30T00:00:00+05:00,2025-06-30,1.225290922016124,0.2682245329783319,0.6538722040506162,2025-06-29,0.4830291230274675,1.136945197413607
2025-07-01T00:00:00+05:00,2025-07-01,0.5165628991060025,1.225290922016124,0.5710955256834859,2025-06-30,1.757737749489257,1.2180605800783042
2025-07-02T00:00:00+05:00,2025-07-02,0.5868055555555556,0.5165628991060025,0.6856587215953084,2025-07-01,1.6123871268938235,1.114681042550656
2025-07-03T00:00:00+05:00,2025-07-03,0.4988425925925926,0.5868055555555556,0.6322328902081816,2025-07-02,1.68907936081035,1.0716252516345477
2025-07-04T00:00:00+05:00,2025-07-04,0.12245370370370366,0.4988425925925926,0.7516530741673203,2025-07-03,0.9908180268997615,1.0351555225560043
2025-07-05T00:00:00+05:00,2025-07-05,0.2585648148148148,0.12245370370370366,0.8095163801450905,2025-07-04,0.22351865455528142,1.0820928841333435
2025-07-06T00:00:00+05:00,2025-07-06,0.9099537037037037,0.2585648148148148,0.2682245329783319,2025-07-05,0.1850629519215241,1.0771054657304056
2025-07-07T00:00:00+05:00,2025-07-07,0.7999999999999999,0.9099537037037037,1.225290922016124,2025-07-06,0.7500386257911984,1.1551041115751375
2025-07-08T00:00:00+05:00,2025-07-08,0.4810185185185185,0.7999999999999999,0.5165628991060025,2025-07-07,1.2094776681691792,1.1248282461871306
2025-07-09T00:00:00+05:00,2025-07-09,0.5493055555555556,0.4810185185185185,0.5868055555555556,2025-07-08,1.5381510687136206,1.1743658119646534
2025-07-10T00:00:00+05:00,2025-07-10,0.5481481481481482,0.5493055555555556,0.4988425925925926,2025-07-09,1.5734312148979113,1.0622802745614686
2025-07-11T00:00:00+05:00,2025-07-11,1.1656818895166352,0.5481481481481482,0.12245370370370366,2025-07-10,0.9967035321926758,1.035682493972581
2025-07-12T00:00:00+05:00,2025-07-12,1.33125,1.1656818895166352,0.2585648148148148,2025-07-11,0.6686251880216343,1.11280953170279
2025-07-13T00:00:00+05:00,2025-07-13,0.8363425925925926,1.33125,0.9099537037037037,2025-07-12,0.40303111883172793,1.5734987093788657
2025-07-14T00:00:00+05:00,2025-07-14,0.9268518518518518,0.8363425925925926,0.7999999999999999,2025-07-13,0.4313985750428264,1.3093826254357026
2025-07-15T00:00:00+05:00,2025-07-15,0.5171455938697318,0.9268518518518518,0.4810185185185185,2025-07-14,1.2746056072427612,1.3143924659694537
2025-07-16T00:00:00+05:00,2025-07-16,1.5888888888888892,0.5171455938697318,0.5493055555555556,2025-07-15,1.4965890708273166,1.057896481030108
2025-07-17T00:00:00+05:00,2025-07-17,1.627777777777778,1.5888888888888892,0.5481481481481482,2025-07-16,2.071823803700486,1.3812437460624636
2025-07-18T00:00:00+05:00,2025-07-18,1.7358796296296297,1.627777777777778,1.1656818895166352,2025-07-17,1.3239148152750584,1.4243524732441895
2025-07-19T00:00:00+05:00,2025-07-19,0.6805555555555555,1.7358796296296297,1.33125,2025-07-18,0.8238605079935368,1.6314013452362854
2025-07-20T00:00:00+05:00,2025-07-20,0.5988825031928481,0.6805555555555555,0.8363425925925926,2025-07-19,0.06902344048069331,1.3908210886035004
2025-07-21T00:00:00+05:00,2025-07-21,3.208133239171375,0.5988825031928481,0.9268518518518518,2025-07-20,0.6161123898746936,1.1776113088631697
2025-07-22T00:00:00+05:00,2025-07-22,4.041977969348659,3.208133239171375,0.5171455938697318,2025-07-21,2.6004043974996818,1.9545549059052343
2025-07-23T00:00:00+05:00,2025-07-23,2.556014595103578,4.041977969348659,1.5888888888888892,2025-07-22,2.9037540588337767,2.8078233594639155
2025-07-24T00:00:00+05:00,2025-07-24,0.9235326428123037,2.556014595103578,1.627777777777778,2025-07-23,2.0594306253800454,1.759946834267086
2025-07-25T00:00:00+05:00,2025-07-25,1.8135750156936599,0.9235326428123037,1.7358796296296297,2025-07-24,1.098905280094809,1.187033640419841
2025-07-26T00:00:00+05:00,2025-07-26,1.5968410632549794,1.8135750156936599,0.6805555555555555,2025-07-25,1.3108856742402653,1.4719287719493173
2025-07-27T00:00:00+05:00,2025-07-27,0.8789783427495292,1.5968410632549794,0.5988825031928481,2025-07-26,0.7713401932961368,1.5556307047960738
2025-07-28T00:00:00+05:00,2025-07-28,1.1698093220338983,0.8789783427495292,3.208133239171375,2025-07-27,0.7658011868869075,1.4320701442185102
2025-07-29T00:00:00+05:00,2025-07-29,1.2347596554598501,1.1698093220338983,4.041977969348659,2025-07-28,1.7643623947789013,1.4336747024609808
2025-07-30T00:00:00+05:00,2025-07-30,1.1914817516182479,1.2347596554598501,2.556014595103578,2025-07-29,2.1938285428171533,1.3624807157716814
2025-07-31T00:00:00+05:00,2025-07-31,1.388833961079724,1.1914817516182479,0.9235326428123037,2025-07-30,2.133467185653286,1.3619604497701503
2025-08-01T00:00:00+05:00,2025-08-01,0.8634463547416499,1.388833961079724,1.8135750156936599,2025-07-31,1.650001515248107,1.5882536156773364
2025-08-02T00:00:00+05:00,2025-08-02,1.2939187068424356,0.8634463547416499,1.5968410632549794,2025-08-01,0.8001151884915654,1.2698398712108496
2025-08-03T00:00:00+05:00,2025-08-03,1.773352165725047,1.2939187068424356,0.8789783427495292,2025-08-02,0.9700864795546051,1.5453252238026667
2025-08-04T00:00:00+05:00,2025-08-04,0.7496429692404268,1.773352165725047,1.1698093220338983,2025-08-03,1.2636817247430612,1.6921186494544733
2025-08-05T00:00:00+05:00,2025-08-05,1.0540371939736348,0.7496429692404268,1.2347596554598501,2025-08-04,1.1490834902214395,1.2883749220104324
2025-08-06T00:00:00+05:00,2025-08-06,1.1132219083490271,1.0540371939736348,1.1914817516182479,2025-08-05,1.9915672207179052,1.5329584209423275
2025-08-07T00:00:00+05:00,2025-08-07,0.4747558012425049,1.1132219083490271,1.388833961079724,2025-08-06,1.9141514162164865,1.251188017950276
2025-08-08T00:00:00+05:00,2025-08-08,0.38872410546139363,0.4747558012425049,0.8634463547416499,2025-08-07,1.0087404879778692,1.155409456573392
2025-08-09T00:00:00+05:00,2025-08-09,0.8539186507936507,0.38872410546139363,1.2939187068424356,2025-08-08,0.4666624066981333,0.9873686629142315
2025-08-10T00:00:00+05:00,2025-08-10,1.0710726616446955,0.8539186507936507,1.773352165725047,2025-08-09,0.49318082559353194,0.96353241715085
2025-08-11T00:00:00+05:00,2025-08-11,0.5530327997489014,1.0710726616446955,0.7496429692404268,2025-08-10,0.8421641552437471,1.1927437829180205
2025-08-12T00:00:00+05:00,2025-08-12,3.278325066252448,0.5530327997489014,1.0540371939736348,2025-08-11,1.1621162666624345,1.1766561186629176
2025-08-13T00:00:00+05:00,2025-08-13,1.7781616292591564,3.278325066252448,1.1132219083490271,2025-08-12,3.122047660735354,1.8836946007300892
2025-08-14T00:00:00+05:00,2025-08-14,0.9007258317639674,1.7781616292591564,0.4747558012425049,2025-08-13,1.7013359271087278,1.6305209823130857
2025-08-15T00:00:00+05:00,2025-08-15,1.0731599183929692,0.9007258317639674,0.38872410546139363,2025-08-14,1.1776720808589882,1.408699320899677
2025-08-16T00:00:00+05:00,2025-08-16,2.11455938697318,1.0731599183929692,0.8539186507936507,2025-08-15,0.7890044179852547,1.6297440943289403
2025-08-17T00:00:00+05:00,2025-08-17,1.578001277139208,2.11455938697318,1.0710726616446955,2025-08-16,0.985843286928973,1.8818044749954077
2025-08-18T00:00:00+05:00,2025-08-18,0.9060185185185184,1.578001277139208,0.5530327997489014,2025-08-17,0.8968327647062777,1.7069541984927252
2025-08-19T00:00:00+05:00,2025-08-19,1.0416187739463603,0.9060185185185184,3.278325066252448,2025-08-18,1.289542971323952,1.6218204054068985
2025-08-20T00:00:00+05:00,2025-08-20,0.735477682533498,1.0416187739463603,1.7781616292591564,2025-08-19,2.031324294914385,1.6729929584628482
2025-08-21T00:00:00+05:00,2025-08-21,0.8441730523627076,0.735477682533498,0.9007258317639674,2025-08-20,1.8498139844829549,1.3570103998874257
2025-08-22T00:00:00+05:00,2025-08-22,0.7943805874840358,0.8441730523627076,1.0731599183929692,2025-08-21,1.4641406814586881,1.3139047864871092
2025-08-23T00:00:00+05:00,2025-08-23,1.2312899106002555,0.7943805874840358,2.11455938697318,2025-08-22,0.7706051155919962,1.245133087809859
2025-08-24T00:00:00+05:00,2025-08-24,0.9003743194192378,1.2312899106002555,1.578001277139208,2025-08-23,0.8041745621550946,1.4707281967751265
2025-08-25T00:00:00+05:00,2025-08-25,1.3148227969348658,0.9003743194192378,0.9060185185185184,2025-08-24,0.9406835693862838,1.3971764440736023
2025-08-26T00:00:00+05:00,2025-08-26,1.1060391039860187,1.3148227969348658,1.0416187739463603,2025-08-25,1.7016776815503407,1.7016052689140315
2025-08-27T00:00:00+05:00,2025-08-27,0.3847780970625798,1.1060391039860187,0.735477682533498,2025-08-26,1.9849028153016945,1.5256951267734962
2025-08-28T00:00:00+05:00,2025-08-28,0.5067369093231162,0.3847780970625798,0.8441730523627076,2025-08-27,1.6537175376265534,1.3747660811544153
2025-08-29T00:00:00+05:00,2025-08-29,0.327402347555036,0.5067369093231162,0.7943805874840358,2025-08-28,1.3267975583792602,1.2025106702088368
2025-08-30T00:00:00+05:00,2025-08-30,1.8451498713140178,0.327402347555036,1.2312899106002555,2025-08-29,0.4866510804706863,1.1184102449458875
2025-08-31T00:00:00+05:00,2025-08-31,0.31593528800571463,1.8451498713140178,0.9003743194192378,2025-08-30,1.0710561484225636,1.6068425232234682
2025-09-01T00:00:00+05:00,2025-09-01,0.9449926900584796,0.31593528800571463,1.3148227969348658,2025-08-31,0.31797869936026046,1.2423385608422317
2025-09-02T00:00:00+05:00,2025-09-02,1.3507972578533651,0.9449926900584796,1.1060391039860187,2025-09-01,1.6690955844667092,1.5324933137503514
2025-09-03T00:00:00+05:00,2025-09-03,5.0499136848713055,1.3507972578533651,0.3847780970625798,2025-09-02,2.2009429432515693,1.7424751527541753
2025-09-04T00:00:00+05:00,2025-09-04,1.7271484549627258,5.0499136848713055,0.5067369093231162,2025-09-03,3.9485770549922847,2.864238763331073
2025-09-05T00:00:00+05:00,2025-09-05,0.3053222013732949,1.7271484549627258,0.327402347555036,2025-09-04,0.9883222331711616,1.964044582585143
2025-09-06T00:00:00+05:00,2025-09-06,1.9885973314512337,0.3053222013732949,1.8451498713140178,2025-09-05,0.5039925352958221,1.5828587345316765
2025-09-07T00:00:00+05:00,2025-09-07,1.6272222763382904,1.9885973314512337,0.31593528800571463,2025-09-06,1.4599412008501682,2.0284210766965938
2025-09-08T00:00:00+05:00,2025-09-08,1.6816280319567871,1.6272222763382904,0.9449926900584796,2025-09-07,1.167569617397958,1.894155264448894
2025-09-09T00:00:00+05:00,2025-09-09,0.9959958740660815,1.6816280319567871,1.3507972578533651,2025-09-08,1.9777001018237987,1.9179627268229928
2025-09-10T00:00:00+05:00,2025-09-10,0.2644291753876791,0.9959958740660815,5.0499136848713055,2025-09-09,2.0745143783757882,1.8938679970435144
2025-09-11T00:00:00+05:00,2025-09-11,0.8783016837590186,0.2644291753876791,1.7271484549627258,2025-09-10,1.967421027077254,1.5313627922512003
2025-09-12T00:00:00+05:00,2025-09-12,0.6451919708362155,0.8783016837590186,0.3053222013732949,2025-09-11,1.9693863650643841,1.4654177496138314
2025-09-13T00:00:00+05:00,2025-09-13,0.570632920550602,0.6451919708362155,1.9885973314512337,2025-09-12,0.9572605895040454,1.7619226209503445
2025-09-14T00:00:00+05:00,2025-09-14,0.7698904050456531,0.570632920550602,1.6272222763382904,2025-09-13,0.8698414095053995,1.846738832589476
2025-09-15T00:00:00+05:00,2025-09-15,0.7550494454351848,0.7698904050456531,1.6816280319567871,2025-09-14,1.3144359448000786,1.824696634346428
2025-09-16T00:00:00+05:00,2025-09-16,0.9021004519217514,0.7550494454351848,0.9959958740660815,2025-09-15,1.9014354918742873,1.8009650041267664
2025-09-17T00:00:00+05:00,2025-09-17,1.11470791476636,0.9021004519217514,0.2644291753876791,2025-09-16,2.183947480885638,1.840003980856042
2025-09-18T00:00:00+05:00,2025-09-18,0.9257711178934404,1.11470791476636,0.8783016837590186,2025-09-17,2.237052854007792,1.9293694056735335
2025-09-19T00:00:00+05:00,2025-09-19,1.1853994924833,0.9257711178934404,0.6451919708362155,2025-09-18,1.6464740520750496,2.0582748746639385
2025-09-20T00:00:00+05:00,2025-09-20,0.7688909687377085,1.1853994924833,0.570632920550602,2025-09-19,1.1355176976306476,2.7712794009265123
2025-09-21T00:00:00+05:00,2025-09-21,1.923848586166233,0.7688909687377085,0.7698904050456531,2025-09-20,0.6312428727488424,2.9027879051036383
2025-09-22T00:00:00+05:00,2025-09-22,1.1361114887733479,1.923848586166233,0.7550494454351848,2025-09-21,1.6339868703579858,3.2602597021412567
2025-09-23T00:00:00+05:00,2025-09-23,2.024289133136395,1.1361114887733479,0.9021004519217514,2025-09-22,1.6458009544372176,3.181048495419604
2025-09-24T00:00:00+05:00,2025-09-24,0.866343263754244,2.024289133136395,1.11470791476636,2025-09-23,2.8375362495078846,3.753083835880106
2025-09-25T00:00:00+05:00,2025-09-25,1.0289239388854339,0.866343263754244,0.9257711178934404,2025-09-24,2.0024074778174636,2.788850493678161
2025-09-26T00:00:00+05:00,2025-09-26,0.3322779971559925,1.0289239388854339,1.1853994924833,2025-09-25,1.8685751639146577,2.7303268647749293
2025-09-27T00:00:00+05:00,2025-09-27,0.31182950191570885,0.3322779971559925,0.7688909687377085,2025-09-26,0.8998868943364755,2.4803112297340917
2025-09-28T00:00:00+05:00,2025-09-28,3.5331425741931297,0.31182950191570885,1.923848586166233,2025-09-27,0.8153145671704936,2.4577073256528115
2025-09-29T00:00:00+05:00,2025-09-29,0.8106205659331333,3.5331425741931297,1.1361114887733479,2025-09-28,2.8153513091046833,3.41131765878691
2025-09-30T00:00:00+05:00,2025-09-30,1.0549511215237437,0.8106205659331333,2.024289133136395,2025-09-29,1.3834405614565943,2.5685510278493506
2025-10-01T00:00:00+05:00,2025-10-01,0.6038084538982368,1.0549511215237437,0.866343263754244,2025-09-30,2.734514837472279,2.828065218602634
2025-10-02T00:00:00+05:00,2025-10-02,0.42726655894720894,0.6038084538982368,1.0289239388854339,2025-10-01,2.3509095381714777,2.5613856183232833
2025-10-03T00:00:00+05:00,2025-10-03,1.4026306702575198,0.42726655894720894,0.3322779971559925,2025-10-02,1.8437056361500463,2.628851728306627
2025-10-04T00:00:00+05:00,2025-10-04,1.4866907076203926,1.4026306702575198,0.31182950191570885,2025-10-03,1.7701213126775484,2.737409762163294
2025-10-05T00:00:00+05:00,2025-10-05,2.59066904783043,1.4866907076203926,3.5331425741931297,2025-10-04,1.2230484457446877,2.673934478877356
2025-10-06T00:00:00+05:00,2025-10-06,1.1590596698337055,2.59066904783043,0.8106205659331333,2025-10-05,2.2620794693413906,3.8420372924900437
2025-10-07T00:00:00+05:00,2025-10-07,2.6218454114372363,1.1590596698337055,1.0549511215237437,2025-10-06,1.9028972989230075,2.738976426577708
2025-10-08T00:00:00+05:00,2025-10-08,1.6196595855358078,2.6218454114372363,0.6038084538982368,2025-10-07,3.5446016945939207,4.3922678762704805
2025-10-09T00:00:00+05:00,2025-10-09,0.9887641983059927,1.6196595855358078,0.42726655894720894,2025-10-08,2.650229629877538,2.848243380516456
2025-10-10T00:00:00+05:00,2025-10-10,7.313485427339503,0.9887641983059927,1.4026306702575198,2025-10-09,2.115374489206504,2.8416636470593346
2025-10-11T00:00:00+05:00,2025-10-11,9.267036685282594,7.313485427339503,1.4866907076203926,2025-10-10,4.905456237584463,5.365927338035951
2025-10-12T00:00:00+05:00,2025-10-12,4.568656602725003,9.267036685282594,2.59066904783043,2025-10-11,4.134895551729949,7.122641035022124
2025-10-13T00:00:00+05:00,2025-10-13,0.8820805463558239,4.568656602725003,1.1590596698337055,2025-10-12,2.171241548513087,4.5411589296268575
2025-10-14T00:00:00+05:00,2025-10-14,2.3888052691566717,0.8820805463558239,2.6218454114372363,2025-10-13,2.2110574699997554,2.5673021653513297
2025-10-15T00:00:00+05:00,2025-10-15,1.6692433616235487,2.3888052691566717,1.6196595855358078,2025-10-14,4.316728047388239,4.3105257271427275
2025-10-16T00:00:00+05:00,2025-10-16,0.28841288964278733,1.6692433616235487,0.9887641983059927,2025-10-15,3.5665627760635683,2.7358351692168568
2025-10-17T00:00:00+05:00,2025-10-17,0.6946341889083706,0.28841288964278733,7.313485427339503,2025-10-16,2.3840068022864074,2.663256548628894
2025-10-18T00:00:00+05:00,2025-10-18,1.4675684646587897,0.6946341889083706,9.267036685282594,2025-10-17,2.3233581612196805,2.5404029505682733
2025-10-19T00:00:00+05:00,2025-10-19,1.822507491953357,1.4675684646587897,4.568656602725003,2025-10-18,2.4815576003856012,2.5502247238011524
2025-10-20T00:00:00+05:00,2025-10-20,0.2119333661122089,1.822507491953357,0.8820805463558239,2025-10-19,3.0150801781830556,3.1360525814303646
2025-10-21T00:00:00+05:00,2025-10-21,1.5606199135825547,0.2119333661122089,2.3888052691566717,2025-10-20,2.671402905478406,2.659711170044984
2025-10-22T00:00:00+05:00,2025-10-22,1.1514706395849246,1.5606199135825547,1.6692433616235487,2025-10-21,4.240537104988705,3.0847479898416013
2025-10-23T00:00:00+05:00,2025-10-23,2.760416941355009,1.1514706395849246,0.28841288964278733,2025-10-22,3.709572314238844,2.9144859737369706
2025-10-24T00:00:00+05:00,2025-10-24,1.1896067308645364,2.760416941355009,0.6946341889083706,2025-10-23,3.650856345448757,4.124075159724982
2025-10-25T00:00:00+05:00,2025-10-25,5.1885311213851,1.1896067308645364,1.4675684646587897,2025-10-24,1.4761433289241364,2.763656025209114
2025-10-26T00:00:00+05:00,2025-10-26,2.775193464943611,5.1885311213851,1.822507491953357,2025-10-25,3.6945148598498454,4.41133069645226
2025-10-27T00:00:00+05:00,2025-10-27,4.1037628255081495,2.775193464943611,0.2119333661122089,2025-10-26,2.1238504417977118,3.799817299840756
2025-10-28T00:00:00+05:00,2025-10-28,11.368799828410436,4.1037628255081495,1.5606199135825547,2025-10-27,4.016068403925197,4.02706750334239
2025-10-29T00:00:00+05:00,2025-10-29,10.94361921082954,11.368799828410436,1.1514706395849246,2025-10-28,7.922398744838857,6.43946055813806
2025-10-30T00:00:00+05:00,2025-10-30,3.366810100327278,10.94361921082954,2.760416941355009,2025-10-29,6.28802767109734,6.180042734973195
2025-10-31T00:00:00+05:00,2025-10-31,2.3059117745741067,3.366810100327278,1.1896067308645364,2025-10-30,2.5623715178071977,3.99905894916945
2025-11-01T00:00:00+05:00,2025-11-01,4.521682855915683,2.3059117745741067,5.1885311213851,2025-10-31,3.1842983911112657,4.1670121437974945
2025-11-02T00:00:00+05:00,2025-11-02,2.8537874657968327,4.521682855915683,2.775193464943611,2025-11-01,4.31275376602671,4.513569280705431
2025-11-03T00:00:00+05:00,2025-11-03,2.23176425443633,2.8537874657968327,4.1037628255081495,2025-11-02,3.4553974678033157,4.419694707409299
2025-11-04T00:00:00+05:00,2025-11-04,2.818107385931873,2.23176425443633,11.368799828410436,2025-11-03,4.1257410146289795,4.297820801367075
2025-11-05T00:00:00+05:00,2025-11-05,1.3732918263090677,2.818107385931873,10.94361921082954,2025-11-04,5.216047622733307,5.517833132197272
2025-11-06T00:00:00+05:00,2025-11-06,1.3328703703703704,1.3732918263090677,3.366810100327278,2025-11-05,4.512717655648053,3.1243766479391963
2025-11-07T00:00:00+05:00,2025-11-07,2.216411644695543,1.3328703703703704,2.3059117745741067,2025-11-06,4.443493567790227,3.102864492631472
2025-11-08T00:00:00+05:00,2025-11-08,4.471296296296296,2.216411644695543,4.521682855915683,2025-11-07,3.956414011550752,5.191916922860787
2025-11-09T00:00:00+05:00,2025-11-09,4.0993055555555555,4.471296296296296,2.8537874657968327,2025-11-08,4.7965628822871516,5.794229961797414
2025-11-10T00:00:00+05:00,2025-11-10,4.045138888888888,4.0993055555555555,2.23176425443633,2025-11-09,4.4136731039206,6.771413755434484
2025-11-11T00:00:00+05:00,2025-11-11,7.45324074074074,4.045138888888888,2.818107385931873,2025-11-10,4.61078847547059,5.121171131208575
2025-11-12T00:00:00+05:00,2025-11-12,6.21346123666039,7.45324074074074,1.3732918263090677,2025-11-11,6.54591193353323,6.523986525025903
2025-11-13T00:00:00+05:00,2025-11-13,1.8986111111111112,6.21346123666039,1.3328703703703704,2025-11-12,5.353846660464905,5.875270212479698
2025-11-14T00:00:00+05:00,2025-11-14,6.907407407407407,1.8986111111111112,2.216411644695543,2025-11-13,3.134813313107399,3.336831543338941
2025-11-15T00:00:00+05:00,2025-11-15,8.981633141762453,6.907407407407407,4.471296296296296,2025-11-14,5.846609381532554,5.4505210479830914
2025-11-16T00:00:00+05:00,2025-11-16,17.308333333333334,8.981633141762453,4.0993055555555555,2025-11-15,5.602738294655464,7.419190597123368
2025-11-17T00:00:00+05:00,2025-11-17,18.108101851851853,17.308333333333334,4.045138888888888,2025-11-16,10.047444694062008,11.989671496911237
2025-11-18T00:00:00+05:00,2025-11-18,14.803935185185187,18.108101851851853,7.45324074074074,2025-11-17,9.510038173031468,12.007283187820695
2025-11-19T00:00:00+05:00,2025-11-19,25.468055555555555,14.803935185185187,6.21346123666039,2025-11-18,8.96198962533702,12.5029675433431
2025-11-20T00:00:00+05:00,2025-11-20,31.168390804597703,25.468055555555555,1.8986111111111112,2025-11-19,15.69518422191644,16.96470696842831
2025-11-21T00:00:00+05:00,2025-11-21,35.13328966644129,31.168390804597703,6.907407407407407,2025-11-20,15.934219068155215,19.30986013697316
2025-11-22T00:00:00+05:00,2025-11-22,16.577765594541912,35.13328966644129,8.981633141762453,2025-11-21,16.89350642441324,23.27672234207303
2025-11-23T00:00:00+05:00,2025-11-23,17.249752824858756,16.577765594541912,17.308333333333334,2025-11-22,7.2798068418671384,13.073028898034268
2025-11-24T00:00:00+05:00,2025-11-24,19.11171969663791,17.249752824858756,18.108101851851853,2025-11-23,13.078666014975338,13.290578286795357
2025-11-25T00:00:00+05:00,2025-11-25,24.156881446101917,19.11171969663791,14.803935185185187,2025-11-24,14.558286763921924,13.474669128560526
2025-11-26T00:00:00+05:00,2025-11-26,14.079352149490227,24.156881446101917,25.468055555555555,2025-11-25,17.415875872863598,16.495717682456704
2025-11-27T00:00:00+05:00,2025-11-27,2.5700251098556186,14.079352149490227,31.168390804597703,2025-11-26,12.156199284773818,13.617467073642269
2025-11-28T00:00:00+05:00,2025-11-28,4.851891086001255,2.5700251098556186,35.13328966644129,2025-11-27,8.787673868608772,4.92801967647865
2025-11-29T00:00:00+05:00,2025-11-29,9.113632689975935,4.851891086001255,16.577765594541912,2025-11-28,12.474945702017814,8.062306974926337
2025-11-30T00:00:00+05:00,2025-11-30,15.220075437798991,9.113632689975935,17.249752824858756,2025-11-29,13.012553157573937,13.130266407719171
2025-12-01T00:00:00+05:00,2025-12-01,28.019799203753262,15.220075437798991,19.11171969663791,2025-11-30,15.119123378600781,14.925379684812103
2025-12-02T00:00:00+05:00,2025-12-02,13.70173807281858,28.019799203753262,24.156881446101917,2025-12-01,20.926801197740737,19.544579220808433
2025-12-03T00:00:00+05:00,2025-12-03,16.866808116100042,13.70173807281858,14.079352149490227,2025-12-02,11.217489167652303,12.509177616617087
2025-12-04T00:00:00+05:00,2025-12-04,30.57523155693177,16.866808116100042,2.5700251098556186,2025-12-03,15.80872733002502,13.632560705906478
2025-12-05T00:00:00+05:00,2025-12-05,18.45023844900204,30.57523155693177,4.851891086001255,2025-12-04,19.91709724529896,18.705454810860328
2025-12-06T00:00:00+05:00,2025-12-06,7.869070096543066,18.45023844900204,9.113632689975935,2025-12-05,10.58704111499662,12.224460320571756
2025-12-07T00:00:00+05:00,2025-12-07,14.226159301469792,7.869070096543066,15.220075437798991,2025-12-06,8.01357709398544,9.758116184600585
2025-12-08T00:00:00+05:00,2025-12-08,14.848259491958352,14.226159301469792,28.019799203753262,2025-12-07,13.121978857520697,14.91863981968501
2025-12-09T00:00:00+05:00,2025-12-09,16.90828219364894,14.848259491958352,13.70173807281858,2025-12-08,12.28850506512682,13.794808760691692
2025-12-10T00:00:00+05:00,2025-12-10,3.3923928900600746,16.90828219364894,16.866808116100042,2025-12-09,14.005906159056103,12.780638056900479
2025-12-11T00:00:00+05:00,2025-12-11,2.4272186235036908,3.3923928900600746,30.57523155693177,2025-12-10,7.363459076687256,5.569425842340439
2025-12-12T00:00:00+05:00,2025-12-12,3.254777142746532,2.4272186235036908,18.45023844900204,2025-12-11,10.200206809857672,5.050845987143359
2025-12-13T00:00:00+05:00,2025-12-13,7.4899452915033224,3.254777142746532,7.869070096543066,2025-12-12,10.05433834786399,5.463224409673418
2025-12-14T00:00:00+05:00,2025-12-14,3.5474649327878436,7.4899452915033224,14.226159301469792,2025-12-13,10.978109437266541,11.131672231132798
2025-12-15T00:00:00+05:00,2025-12-15,2.649577304311371,3.5474649327878436,14.848259491958352,2025-12-14,7.155977052912299,5.114324922180654
2025-12-16T00:00:00+05:00,2025-12-16,4.276467357187696,2.649577304311371,16.90828219364894,2025-12-15,8.46079666848474,5.269922294699162
2025-12-17T00:00:00+05:00,2025-12-17,6.6271218411881385,4.276467357187696,3.3923928900600746,2025-12-16,9.631803992481085,7.818059354757031
2025-12-18T00:00:00+05:00,2025-12-18,26.81941525328649,6.6271218411881385,2.4272186235036908,2025-12-17,8.801844910405089,9.256824777062524
2025-12-19T00:00:00+05:00,2025-12-19,19.9088596567363,26.81941525328649,3.254777142746532,2025-12-18,17.76181954082501,20.757105345529865
2025-12-20T00:00:00+05:00,2025-12-20,6.888067581701461,19.9088596567363,7.4899452915033224,2025-12-19,9.56108382959917,14.968516942162553
2025-12-21T00:00:00+05:00,2025-12-21,6.2349243821610125,6.888067581701461,3.5474649327878436,2025-12-20,4.858754774615369,8.92140142157133
2025-12-22T00:00:00+05:00,2025-12-22,21.97444631315174,6.2349243821610125,2.649577304311371,2025-12-21,7.455157908237776,7.426211972880326
