forecast_origin_date,target_time,actual,split,persistence,drift,ridge,forest,selected,month,season,error_cm,absolute_error_cm
2022-03-04,2022-03-05,242,test,158.0,150.0,160.30500830157166,156.808801455225,160.30500830157166,3,Весна,81.69499169842834,81.69499169842834
2022-03-26,2022-03-27,196,test,155.0,141.0,155.33968176088484,152.67508307303532,155.33968176088484,3,Весна,40.660318239115156,40.660318239115156
2022-03-30,2022-03-31,206,test,252.0,256.0,246.32431512744986,254.49543522135423,246.32431512744986,3,Весна,-40.324315127449864,40.324315127449864
2022-03-28,2022-03-29,248,test,209.0,222.0,209.02850118888767,216.6623493368304,209.02850118888767,3,Весна,38.971498811112326,38.971498811112326
2022-11-12,2022-11-13,224,test,185.0,190.0,187.44089163608106,187.78634300736923,187.44089163608106,11,Осень,36.55910836391894,36.55910836391894
2022-03-14,2022-03-15,212,test,170.0,178.0,176.75936489685705,177.74729527786232,176.75936489685705,3,Весна,35.24063510314295,35.24063510314295
2022-10-30,2022-10-31,224,test,183.0,192.0,189.14711190794094,188.42211193507057,189.14711190794094,10,Осень,34.85288809205906,34.85288809205906
2022-03-08,2022-03-09,192,test,218.0,217.0,223.0583305859206,219.85311280609335,223.0583305859206,3,Весна,-31.0583305859206,31.0583305859206
2022-03-20,2022-03-21,179,test,144.0,136.0,148.62754363020758,147.63912388862735,148.62754363020758,3,Весна,30.372456369792417,30.372456369792417
2022-04-05,2022-04-06,183,test,200.0,215.0,211.2607456865512,216.30352997405978,211.2607456865512,4,Весна,-28.26074568655119,28.26074568655119
