month,2018,2019,2022
1,250.3548387096774,221.80645161290323,186.41935483870967
2,260.17857142857144,221.92857142857142,182.96428571428572
3,261.5806451612903,239.61290322580646,187.70967741935485
4,312.6333333333333,271.3,242.76666666666668
5,375.48387096774195,296.4193548387097,342.8709677419355
6,314.9,261.5,288.4
7,281.7096774193548,251.93548387096774,251.3548387096774
8,257.6774193548387,241.1290322580645,201.25806451612902
9,245.43333333333334,224.5,199.56666666666666
10,245.48387096774192,226.19354838709677,191.2258064516129
11,220.86666666666667,211.9,191.83333333333334
12,219.03225806451613,226.5483870967742,170.3548387096774
