forecast_origin_date,target_time,actual,split,persistence,drift,ridge,forest,selected
2018-12-31,2019-01-01,223,validation,217.0,216.0,217.2470732422599,217.0025033480046,217.2470732422599
2019-01-01,2019-01-02,220,validation,223.0,229.0,226.44143334490087,227.18228720330802,226.44143334490087
2019-01-02,2019-01-03,218,validation,220.0,217.0,218.46341624859681,219.3143325981466,218.46341624859681
2019-01-03,2019-01-04,218,validation,218.0,216.0,218.09610692646868,218.6435277776472,218.09610692646868
2019-01-04,2019-01-05,219,validation,218.0,218.0,219.2425616734166,218.70661144057792,219.2425616734166
2019-01-05,2019-01-06,216,validation,219.0,220.0,220.2846733988839,219.5970501553047,220.2846733988839
2019-01-06,2019-01-07,211,validation,216.0,213.0,215.34706894386974,215.53437011428952,215.34706894386974
2019-01-07,2019-01-08,207,validation,211.0,206.0,210.13923472034412,211.76900158240431,210.13923472034412
2019-01-08,2019-01-09,205,validation,207.0,203.0,207.17432029413806,208.19044561966354,207.17432029413806
2019-01-09,2019-01-10,205,validation,205.0,203.0,206.0037216846117,206.7419058853473,206.0037216846117
2019-01-10,2019-01-11,210,validation,205.0,205.0,206.49746690987982,205.84661385614157,206.49746690987982
2019-01-11,2019-01-12,221,validation,210.0,215.0,213.19778757321964,213.2006643514064,213.19778757321964
2019-01-12,2019-01-13,228,validation,221.0,232.0,225.81319329311765,232.09744617313424,225.81319329311765
2019-01-13,2019-01-14,231,validation,228.0,235.0,229.87971578770149,229.2317928991414,229.87971578770149
2019-01-14,2019-01-15,228,validation,231.0,234.0,231.5662091268201,232.38024479643573,231.5662091268201
2019-01-15,2019-01-16,228,validation,228.0,225.0,226.9122220674677,225.35684874991082,226.9122220674677
2019-01-16,2019-01-17,237,validation,228.0,228.0,229.35293453332682,229.00053611253205,229.35293453332682
2019-01-17,2019-01-18,230,validation,237.0,246.0,241.85046242588993,241.2979056828728,241.85046242588993
2019-01-18,2019-01-19,221,validation,230.0,223.0,226.34064679892515,227.97030699446083,226.34064679892515
2019-01-19,2019-01-20,220,validation,221.0,212.0,218.72731524684158,218.61497158794566,218.72731524684158
2019-01-20,2019-01-21,226,validation,220.0,219.0,222.2964138810715,221.74213047664782,222.2964138810715
2019-01-21,2019-01-22,232,validation,226.0,232.0,230.0145979914877,230.50702760042827,230.0145979914877
2019-01-22,2019-01-23,235,validation,232.0,238.0,234.41279819500596,235.634556550999,234.41279819500596
2019-01-23,2019-01-24,230,validation,235.0,238.0,235.7710938290844,237.30902864443038,235.7710938290844
2019-01-24,2019-01-25,227,validation,230.0,225.0,227.99665965484934,228.59352602438713,227.99665965484934
2019-01-25,2019-01-26,221,validation,227.0,224.0,227.4142509646626,227.60058052214947,227.4142509646626
2019-01-26,2019-01-27,219,validation,221.0,215.0,220.23409976222166,222.26692164974165,220.23409976222166
2019-01-27,2019-01-28,223,validation,219.0,217.0,220.2961934672553,220.38353673780736,220.2961934672553
2019-01-28,2019-01-29,222,validation,223.0,227.0,226.2960902783263,225.62718711014827,226.2960902783263
2019-01-29,2019-01-30,221,validation,222.0,221.0,221.99728751505978,221.77855664109913,221.99728751505978
2019-01-30,2019-01-31,224,validation,221.0,220.0,221.61492370464558,221.08004849659497,221.61492370464558
2019-01-31,2019-02-01,226,validation,224.0,227.0,226.61812505174532,226.40167184767884,226.61812505174532
2019-02-01,2019-02-02,227,validation,226.0,228.0,227.56370295441658,226.28076073830943,227.56370295441658
2019-02-02,2019-02-03,229,validation,227.0,228.0,228.11434431235287,226.17653125373312,228.11434431235287
2019-02-03,2019-02-04,231,validation,229.0,231.0,230.7407798968403,229.32840908099314,230.7407798968403
2019-02-04,2019-02-05,228,validation,231.0,233.0,232.62811635556247,231.24700457145428,232.62811635556247
2019-02-05,2019-02-06,227,validation,228.0,225.0,227.4743882130632,226.8745779024597,227.4743882130632
2019-02-06,2019-02-07,225,validation,227.0,226.0,228.1518594629834,228.4917636519621,228.1518594629834
2019-02-07,2019-02-08,228,validation,225.0,223.0,225.6541151229702,225.22741059878342,225.6541151229702
2019-02-08,2019-02-09,218,validation,228.0,231.0,230.82484065796777,230.36802255934506,230.82484065796777
2019-02-09,2019-02-10,210,validation,218.0,208.0,214.5820077087832,212.81729329362577,214.5820077087832
2019-02-10,2019-02-11,207,validation,210.0,202.0,209.4173514189536,210.50404187428626,209.4173514189536
2019-02-11,2019-02-12,208,validation,207.0,204.0,208.9443697805623,209.10026819431008,208.9443697805623
2019-02-12,2019-02-13,210,validation,208.0,209.0,210.72916125189496,210.36104631815485,210.72916125189496
2019-02-13,2019-02-14,212,validation,210.0,212.0,212.27717064505754,211.08842409444682,212.27717064505754
2019-02-14,2019-02-15,214,validation,212.0,214.0,213.9533655007181,212.65888636589926,213.9533655007181
2019-02-15,2019-02-16,219,validation,214.0,216.0,216.0112354085342,214.3160024478224,216.0112354085342
2019-02-16,2019-02-17,226,validation,219.0,224.0,222.33159703160342,221.3449617730343,222.33159703160342
2019-02-17,2019-02-18,228,validation,226.0,233.0,229.66096806970623,229.66281791333662,229.66096806970623
2019-02-18,2019-02-19,228,validation,228.0,230.0,229.02604486469036,228.40289469587407,229.02604486469036
2019-02-19,2019-02-20,214,validation,228.0,228.0,228.89188544168294,227.36517640742588,228.89188544168294
2019-02-20,2019-02-21,226,validation,214.0,200.0,209.58882492356324,207.53630084684167,209.58882492356324
2019-02-21,2019-02-22,229,validation,226.0,238.0,234.97360754781815,238.42579469065615,234.97360754781815
2019-02-22,2019-02-23,229,validation,229.0,232.0,230.45266026264355,228.9103374419521,230.45266026264355
2019-02-23,2019-02-24,223,validation,229.0,229.0,229.312769421899,227.71965568781576,229.312769421899
2019-02-24,2019-02-25,219,validation,223.0,217.0,221.80469453196704,222.93608906901943,221.80469453196704
2019-02-25,2019-02-26,218,validation,219.0,215.0,219.8575941988595,220.75348086204355,219.8575941988595
2019-02-26,2019-02-27,223,validation,218.0,217.0,220.17177536580527,220.79856919072384,220.17177536580527
2019-02-27,2019-02-28,232,validation,223.0,228.0,227.015692964572,226.57548399590164,227.015692964572
2019-02-28,2019-03-01,230,validation,232.0,241.0,236.52147584442963,236.21903424985715,236.52147584442963
2019-03-01,2019-03-02,232,validation,230.0,228.0,228.92748823986156,229.25938192584414,228.92748823986156
2019-03-02,2019-03-03,241,validation,232.0,234.0,234.31659322506994,233.76244065724313,234.31659322506994
2019-03-03,2019-03-04,238,validation,241.0,250.0,246.15522674676055,244.93395387844987,246.15522674676055
2019-03-04,2019-03-05,237,validation,238.0,235.0,236.66634766868296,236.2379904266511,236.66634766868296
2019-03-05,2019-03-06,241,validation,237.0,236.0,238.12125777235147,238.9175781747518,238.12125777235147
2019-03-06,2019-03-07,241,validation,241.0,245.0,244.45200851792535,243.8526837436083,244.45200851792535
2019-03-07,2019-03-08,233,validation,241.0,241.0,241.8020641993117,240.47175641736666,241.8020641993117
2019-03-08,2019-03-09,224,validation,233.0,225.0,230.83929449609883,231.78725608832258,230.83929449609883
2019-03-09,2019-03-10,225,validation,224.0,215.0,222.97638812974657,222.9215578484399,222.97638812974657
2019-03-10,2019-03-11,241,validation,225.0,226.0,228.8254247371994,228.92444235082186,228.8254247371994
2019-03-11,2019-03-12,249,validation,241.0,257.0,249.49668581240803,251.64775369751257,249.49668581240803
2019-03-12,2019-03-13,244,validation,249.0,257.0,251.04127025105205,247.86866892159833,251.04127025105205
2019-03-13,2019-03-14,237,validation,244.0,239.0,241.17746149453848,241.06312116268143,241.17746149453848
2019-03-14,2019-03-15,236,validation,237.0,230.0,236.03643270557646,237.7878509714951,236.03643270557646
2019-03-15,2019-03-16,236,validation,236.0,235.0,238.60495414558582,238.95555069323837,238.60495414558582
2019-03-16,2019-03-17,232,validation,236.0,236.0,238.0544295165526,236.46948760900162,238.0544295165526
2019-03-17,2019-03-18,229,validation,232.0,228.0,231.79938865526503,232.76550615326937,231.79938865526503
2019-03-18,2019-03-19,221,validation,229.0,226.0,229.86006215720894,232.10363973468242,229.86006215720894
2019-03-19,2019-03-20,223,validation,221.0,213.0,219.8950719786388,221.55459362087547,219.8950719786388
2019-03-20,2019-03-21,227,validation,223.0,225.0,226.98441193510376,227.02984816965142,226.98441193510376
2019-03-21,2019-03-22,240,validation,227.0,231.0,230.42944757617934,229.59236423511794,230.42944757617934
2019-03-22,2019-03-23,255,validation,240.0,253.0,246.3666328055666,253.46145739695942,246.3666328055666
2019-03-23,2019-03-24,253,validation,255.0,270.0,260.58871254765825,266.10595366972007,260.58871254765825
2019-03-24,2019-03-25,244,validation,253.0,251.0,250.61880042419426,247.41813906148235,250.61880042419426
2019-03-25,2019-03-26,255,validation,244.0,235.0,241.46686057234905,238.4504094869348,241.46686057234905
2019-03-26,2019-03-27,251,validation,255.0,266.0,262.8734551165403,267.370766510475,262.8734551165403
2019-03-27,2019-03-28,238,validation,251.0,247.0,249.42048762374773,247.41336563033238,249.42048762374773
2019-03-28,2019-03-29,250,validation,238.0,225.0,234.03152584365336,233.4243323049265,234.03152584365336
2019-03-29,2019-03-30,264,validation,250.0,262.0,258.80297651117183,263.10278284998475,258.80297651117183
2019-03-30,2019-03-31,261,validation,264.0,278.0,269.86818610519896,274.9431713324961,269.86818610519896
2019-03-31,2019-04-01,266,validation,261.0,258.0,258.08677816518417,254.91917110534044,258.08677816518417
2019-04-01,2019-04-02,277,validation,266.0,271.0,269.17826672760685,266.53398393823056,269.17826672760685
2019-04-02,2019-04-03,276,validation,277.0,288.0,282.22571444117466,287.93606137563245,282.22571444117466
2019-04-03,2019-04-04,276,validation,276.0,275.0,274.7173545121175,271.7083184809097,274.7173545121175
2019-04-04,2019-04-05,271,validation,276.0,276.0,276.7205007470106,272.07523790822245,276.7205007470106
2019-04-05,2019-04-06,266,validation,271.0,266.0,269.9712286001596,267.5666662407704,269.9712286001596
2019-04-06,2019-04-07,260,validation,266.0,261.0,265.75683935677654,264.89211675158543,265.75683935677654
2019-04-07,2019-04-08,250,validation,260.0,254.0,259.56294415890636,259.60287902363785,259.56294415890636
2019-04-08,2019-04-09,240,validation,250.0,240.0,248.0295790874854,247.59257014059403,248.0295790874854
2019-04-09,2019-04-10,242,validation,240.0,230.0,238.8456772758939,239.85819286952298,238.8456772758939
2019-04-10,2019-04-11,253,validation,242.0,244.0,246.1879709558271,247.32051641601635,246.1879709558271
2019-04-11,2019-04-12,260,validation,253.0,264.0,259.02599020508546,266.7807873956017,259.02599020508546
2019-04-12,2019-04-13,273,validation,260.0,267.0,262.2594995916991,261.87607157056516,262.2594995916991
2019-04-13,2019-04-14,272,validation,273.0,286.0,278.0466622430204,286.0790215758418,278.0466622430204
2019-04-14,2019-04-15,271,validation,272.0,271.0,270.3907634985338,267.92984432147557,270.3907634985338
2019-04-15,2019-04-16,255,validation,271.0,270.0,271.4460450835917,266.21521681753455,271.4460450835917
2019-04-16,2019-04-17,262,validation,255.0,239.0,249.80265719539352,245.67901173606057,249.80265719539352
2019-04-17,2019-04-18,250,validation,262.0,269.0,268.9065940649998,266.47592430351426,268.9065940649998
2019-04-18,2019-04-19,234,validation,250.0,238.0,245.74248468434504,245.56947350209262,245.74248468434504
2019-04-19,2019-04-20,245,validation,234.0,218.0,230.06535154598964,231.241032606708,230.06535154598964
2019-04-20,2019-04-21,256,validation,245.0,256.0,254.19071181870726,259.6578842749032,254.19071181870726
2019-04-21,2019-04-22,270,validation,256.0,267.0,260.86420080859295,264.88011976235975,260.86420080859295
2019-04-22,2019-04-23,280,validation,270.0,284.0,274.79955302584005,278.83142496444634,274.79955302584005
2019-04-23,2019-04-24,289,validation,280.0,290.0,282.5756579187096,286.6871001904457,282.5756579187096
2019-04-24,2019-04-25,297,validation,289.0,298.0,291.6966795836624,292.0291722026139,291.6966795836624
2019-04-25,2019-04-26,310,validation,297.0,305.0,299.61262845806493,300.5929580692636,299.61262845806493
2019-04-26,2019-04-27,309,validation,310.0,323.0,314.7042017444769,315.8257444803345,314.7042017444769
2019-04-27,2019-04-28,321,validation,309.0,308.0,306.80346057810004,304.81770045565736,306.80346057810004
2019-04-28,2019-04-29,312,validation,321.0,333.0,326.1695140549274,327.33081835799965,326.1695140549274
2019-04-29,2019-04-30,296,validation,312.0,303.0,306.702401098337,304.47280060739536,306.702401098337
2019-04-30,2019-05-01,289,validation,296.0,280.0,290.52905602738787,287.4007440899561,290.52905602738787
2019-05-01,2019-05-02,295,validation,289.0,282.0,289.54521696160737,289.030934949896,289.54521696160737
2019-05-02,2019-05-03,298,validation,295.0,301.0,299.7718652122784,298.2516133692137,299.7718652122784
2019-05-03,2019-05-04,297,validation,298.0,301.0,298.8466822085293,298.5598797959426,298.8466822085293
2019-05-04,2019-05-05,296,validation,297.0,296.0,295.99204048219667,295.20463021321723,295.99204048219667
2019-05-05,2019-05-06,316,validation,296.0,295.0,295.95486022952804,293.9873221547392,295.95486022952804
2019-05-06,2019-05-07,324,validation,316.0,336.0,325.07292414331584,321.9202910623786,325.07292414331584
2019-05-07,2019-05-08,307,validation,324.0,332.0,324.4205492122294,321.8026864984631,324.4205492122294
2019-05-08,2019-05-09,299,validation,307.0,290.0,297.7651321379007,296.3269707262865,297.7651321379007
2019-05-09,2019-05-10,306,validation,299.0,291.0,298.40598553254347,296.57054709925984,298.40598553254347
2019-05-10,2019-05-11,305,validation,306.0,313.0,311.45503288507246,308.8362718759669,311.45503288507246
2019-05-11,2019-05-12,299,validation,305.0,304.0,304.0043337524871,301.63266350655783,304.0043337524871
2019-05-12,2019-05-13,304,validation,299.0,293.0,296.3763129088706,296.22260239127087,296.3763129088706
2019-05-13,2019-05-14,310,validation,304.0,309.0,307.2939440278397,303.79496990557493,307.2939440278397
2019-05-14,2019-05-15,315,validation,310.0,316.0,312.213942465912,310.24929010211525,312.213942465912
2019-05-15,2019-05-16,308,validation,315.0,320.0,316.0541795988682,314.63893911478164,316.0541795988682
2019-05-16,2019-05-17,304,validation,308.0,301.0,304.07572369739506,304.4461503964919,304.07572369739506
2019-05-17,2019-05-18,290,validation,304.0,300.0,303.43227202338784,302.00425797390363,303.43227202338784
2019-05-18,2019-05-19,287,validation,290.0,276.0,285.3744917305876,286.52828780761894,285.3744917305876
2019-05-19,2019-05-20,282,validation,287.0,284.0,288.51459238171856,287.47241218076715,288.51459238171856
2019-05-20,2019-05-21,275,validation,282.0,277.0,281.3343393186075,284.7072538072368,281.3343393186075
2019-05-21,2019-05-22,280,validation,275.0,268.0,273.3032761738641,275.6616911696616,273.3032761738641
2019-05-22,2019-05-23,288,validation,280.0,285.0,283.91827658662623,280.07701751397656,283.91827658662623
2019-05-23,2019-05-24,291,validation,288.0,296.0,291.32379120304205,288.8442648851859,291.32379120304205
2019-05-24,2019-05-25,302,validation,291.0,294.0,291.17768110150814,291.4837101027139,291.17768110150814
2019-05-25,2019-05-26,292,validation,302.0,313.0,306.2411910164027,305.90809244992516,306.2411910164027
2019-05-26,2019-05-27,289,validation,292.0,282.0,286.31692912006247,283.19444387832755,286.31692912006247
2019-05-27,2019-05-28,292,validation,289.0,286.0,289.3998603306735,287.3575986700916,289.3998603306735
2019-05-28,2019-05-29,288,validation,292.0,295.0,294.75394315126,292.20288541340153,294.75394315126
2019-05-29,2019-05-30,280,validation,288.0,284.0,286.33241576335035,285.50031875136904,286.33241576335035
2019-05-30,2019-05-31,281,validation,280.0,272.0,277.51003649992373,277.5234411832623,277.51003649992373
2019-05-31,2019-06-01,283,validation,281.0,282.0,283.3193796415205,280.1273903840847,283.3193796415205
2019-06-01,2019-06-02,286,validation,283.0,285.0,284.4941076036298,281.5459987920449,284.4941076036298
2019-06-02,2019-06-03,290,validation,286.0,289.0,287.2885450372534,286.46099074828686,287.2885450372534
2019-06-03,2019-06-04,286,validation,290.0,294.0,291.47949642988243,290.83051758596827,291.47949642988243
2019-06-04,2019-06-05,263,validation,286.0,282.0,283.92134846862837,283.1456347525358,283.92134846862837
2019-06-05,2019-06-06,260,validation,263.0,240.0,254.29904430449335,257.1351627668178,254.29904430449335
2019-06-06,2019-06-07,262,validation,260.0,257.0,263.3731933183263,260.8277817957982,263.3731933183263
2019-06-07,2019-06-08,266,validation,262.0,264.0,265.0770260569928,264.8794121746869,265.0770260569928
2019-06-08,2019-06-09,268,validation,266.0,270.0,268.02191906662193,266.4542698531482,268.02191906662193
2019-06-09,2019-06-10,271,validation,268.0,270.0,268.6241368398862,267.3679051338769,268.6241368398862
2019-06-10,2019-06-11,266,validation,271.0,274.0,272.3655724450009,271.5133929234291,272.3655724450009
2019-06-11,2019-06-12,261,validation,266.0,261.0,264.07269810943575,263.03221454394145,264.07269810943575
2019-06-12,2019-06-13,253,validation,261.0,256.0,260.3736377473419,259.8694692759569,260.3736377473419
2019-06-13,2019-06-14,239,validation,253.0,245.0,251.50951087570246,251.4833836951759,251.50951087570246
2019-06-14,2019-06-15,247,validation,239.0,225.0,235.4925798283321,238.22260196024575,235.4925798283321
2019-06-15,2019-06-16,269,validation,247.0,255.0,253.94112567341938,251.77843918391375,253.94112567341938
2019-06-16,2019-06-17,268,validation,269.0,291.0,278.3971549177906,273.96725155342455,278.3971549177906
2019-06-17,2019-06-18,263,validation,268.0,267.0,264.2227960407791,261.9154556953055,264.2227960407791
2019-06-18,2019-06-19,265,validation,263.0,258.0,260.76501499386626,259.4615988155957,260.76501499386626
2019-06-19,2019-06-20,262,validation,265.0,267.0,267.6262783080101,264.5215967407886,267.6262783080101
2019-06-20,2019-06-21,251,validation,262.0,259.0,261.5295286965258,259.3422707479583,261.5295286965258
2019-06-21,2019-06-22,246,validation,251.0,240.0,247.5315491369067,246.48544296285866,247.5315491369067
2019-06-22,2019-06-23,246,validation,246.0,241.0,246.5652592201081,247.7836990636673,246.5652592201081
2019-06-23,2019-06-24,257,validation,246.0,246.0,248.1060886575652,248.3891447596747,248.1060886575652
2019-06-24,2019-06-25,257,validation,257.0,268.0,262.601582567227,262.02398405303416,262.601582567227
2019-06-25,2019-06-26,246,validation,257.0,257.0,255.85047035955986,253.99258587621063,255.85047035955986
2019-06-26,2019-06-27,243,validation,246.0,235.0,241.5728689175889,240.6129091900657,241.5728689175889
2019-06-27,2019-06-28,257,validation,243.0,240.0,244.46705206464975,244.45888018210007,244.46705206464975
2019-06-28,2019-06-29,262,validation,257.0,271.0,264.81883056746216,263.0872937400763,264.81883056746216
2019-06-29,2019-06-30,252,validation,262.0,267.0,262.65935292909967,260.35525650837207,262.65935292909967
2019-06-30,2019-07-01,254,validation,252.0,242.0,246.9199417217319,247.37572801384988,246.9199417217319
2019-07-01,2019-07-02,265,validation,254.0,256.0,257.0036536061768,255.64809843510858,257.0036536061768
2019-07-02,2019-07-03,291,validation,265.0,276.0,270.54509726553374,268.39035763435817,270.54509726553374
2019-07-03,2019-07-04,297,validation,291.0,317.0,300.5834724916587,297.0452513730707,300.5834724916587
2019-07-04,2019-07-05,282,validation,297.0,303.0,294.97147794041393,295.9441400261798,294.97147794041393
2019-07-05,2019-07-06,268,validation,282.0,267.0,273.67073821039884,271.21618610964396,273.67073821039884
2019-07-06,2019-07-07,259,validation,268.0,254.0,264.70830131056294,261.38141470960954,264.70830131056294
2019-07-07,2019-07-08,261,validation,259.0,250.0,258.6413210976065,260.6834079235295,258.6413210976065
2019-07-08,2019-07-09,256,validation,261.0,263.0,264.2285143630822,264.2278589846518,264.2285143630822
2019-07-09,2019-07-10,256,validation,256.0,251.0,254.03631041597282,256.47019846749157,254.03631041597282
2019-07-10,2019-07-11,270,validation,256.0,256.0,256.8175687593184,257.2634942233645,256.8175687593184
2019-07-11,2019-07-12,258,validation,270.0,284.0,276.37298824390604,274.9583001618951,276.37298824390604
2019-07-12,2019-07-13,250,validation,258.0,246.0,250.89764245272175,251.09108376036033,250.89764245272175
2019-07-13,2019-07-14,229,validation,250.0,242.0,248.32701124658516,248.13069087037061,248.32701124658516
2019-07-14,2019-07-15,237,validation,229.0,208.0,222.57643029144361,230.08080168443007,222.57643029144361
2019-07-15,2019-07-16,243,validation,237.0,245.0,244.80482923732635,242.79043976321353,244.80482923732635
2019-07-16,2019-07-17,238,validation,243.0,249.0,245.72156951632695,246.6315477978427,245.72156951632695
2019-07-17,2019-07-18,230,validation,238.0,233.0,234.888634370932,238.03548052639184,234.888634370932
2019-07-18,2019-07-19,221,validation,230.0,222.0,227.76345567020653,230.27504024868477,227.76345567020653
2019-07-19,2019-07-20,239,validation,221.0,212.0,219.54048708880796,222.03133233474625,219.54048708880796
2019-07-20,2019-07-21,250,validation,239.0,257.0,249.31268077756206,249.2132313286537,249.31268077756206
2019-07-21,2019-07-22,233,validation,250.0,261.0,252.73580982693963,252.99540135040573,252.73580982693963
2019-07-22,2019-07-23,218,validation,233.0,216.0,223.70548240016615,223.0871070632729,223.70548240016615
2019-07-23,2019-07-24,208,validation,218.0,203.0,214.75217043961075,215.36774950983266,214.75217043961075
2019-07-24,2019-07-25,206,validation,208.0,198.0,208.04677583949896,209.7530112130265,208.04677583949896
2019-07-25,2019-07-26,227,validation,206.0,204.0,208.47860914496508,210.61002596757228,208.47860914496508
2019-07-26,2019-07-27,258,validation,227.0,248.0,237.4285693733925,237.32558788030718,237.4285693733925
2019-07-27,2019-07-28,268,validation,258.0,289.0,268.258867511568,265.80563395489315,268.258867511568
2019-07-28,2019-07-29,277,validation,268.0,278.0,266.59289245841416,270.8411814073822,266.59289245841416
2019-07-29,2019-07-30,282,validation,277.0,286.0,278.21322255460757,276.75667933905004,278.21322255460757
2019-07-30,2019-07-31,279,validation,282.0,287.0,282.68694897096293,281.25825781643596,282.68694897096293
2019-07-31,2019-08-01,267,validation,279.0,276.0,276.8271068292699,273.9237457462912,276.8271068292699
2019-08-01,2019-08-02,262,validation,267.0,255.0,262.3058318910709,260.033363848872,262.3058318910709
2019-08-02,2019-08-03,255,validation,262.0,257.0,261.9328369038032,261.7042238003554,261.9328369038032
2019-08-03,2019-08-04,255,validation,255.0,248.0,253.28822103418844,256.788592718009,253.28822103418844
2019-08-04,2019-08-05,248,validation,255.0,255.0,256.1636234749166,256.21324326698107,256.1636234749166
2019-08-05,2019-08-06,242,validation,248.0,241.0,245.16913061510505,246.91247984887562,245.16913061510505
2019-08-06,2019-08-07,257,validation,242.0,236.0,240.51001211024595,245.59223623284515,240.51001211024595
2019-08-07,2019-08-08,251,validation,257.0,272.0,264.6479586797796,265.69276834998027,264.6479586797796
2019-08-08,2019-08-09,247,validation,251.0,245.0,246.23893665451212,245.1946016276038,246.23893665451212
2019-08-09,2019-08-10,247,validation,247.0,243.0,245.60179429848475,245.60164943029935,245.60179429848475
2019-08-10,2019-08-11,258,validation,247.0,247.0,248.0678314350909,248.1051224716075,248.0678314350909
2019-08-11,2019-08-12,245,validation,258.0,269.0,262.9094567951224,264.6452285270445,262.9094567951224
2019-08-12,2019-08-13,237,validation,245.0,232.0,237.73337560074654,236.6141163297901,237.73337560074654
2019-08-13,2019-08-14,237,validation,237.0,229.0,235.27153147370836,237.36046707964573,235.27153147370836
2019-08-14,2019-08-15,239,validation,237.0,237.0,239.1049896025262,241.13598068427592,239.1049896025262
2019-08-15,2019-08-16,239,validation,239.0,241.0,240.33087322096367,239.8253131295239,240.33087322096367
2019-08-16,2019-08-17,231,validation,239.0,239.0,238.73067997996392,238.82766639124955,238.73067997996392
2019-08-17,2019-08-18,234,validation,231.0,223.0,227.59255996283375,229.64500561826515,227.59255996283375
2019-08-18,2019-08-19,235,validation,234.0,237.0,236.79111208583822,238.0157996794759,236.79111208583822
2019-08-19,2019-08-20,232,validation,235.0,236.0,235.53911849301923,234.59484209009216,235.53911849301923
2019-08-20,2019-08-21,236,validation,232.0,229.0,230.607402008134,231.82086446951232,230.607402008134
2019-08-21,2019-08-22,239,validation,236.0,240.0,238.3276713236406,239.88166295176205,238.3276713236406
2019-08-22,2019-08-23,240,validation,239.0,242.0,239.92080201301735,240.2531235565984,239.92080201301735
2019-08-23,2019-08-24,243,validation,240.0,241.0,239.89703966419663,239.13233022486546,239.89703966419663
2019-08-24,2019-08-25,241,validation,243.0,246.0,244.08267127597387,243.1067843297925,244.08267127597387
2019-08-25,2019-08-26,234,validation,241.0,239.0,239.70930702752005,239.6936790237744,239.70930702752005
2019-08-26,2019-08-27,225,validation,234.0,227.0,231.33896100323142,233.60352121027907,231.33896100323142
2019-08-27,2019-08-28,229,validation,225.0,216.0,222.57992198140636,224.55097789334,222.57992198140636
2019-08-28,2019-08-29,211,validation,229.0,233.0,232.62907041059248,233.88726830905,232.62907041059248
2019-08-29,2019-08-30,221,validation,211.0,193.0,203.29612800676608,205.7367010278964,203.29612800676608
2019-08-30,2019-08-31,238,validation,221.0,231.0,228.15450024547764,232.96596438360234,228.15450024547764
2019-08-31,2019-09-01,224,validation,238.0,255.0,244.53184661952392,245.64247166635755,244.53184661952392
2019-09-01,2019-09-02,235,validation,224.0,210.0,214.88648175283066,216.26663414193595,214.88648175283066
2019-09-02,2019-09-03,235,validation,235.0,246.0,241.35947067905764,246.64153882612135,241.35947067905764
2019-09-03,2019-09-04,231,validation,235.0,235.0,234.07381041725904,232.13591814403833,234.07381041725904
2019-09-04,2019-09-05,230,validation,231.0,227.0,228.97217217290424,230.33464860858757,228.97217217290424
2019-09-05,2019-09-06,225,validation,230.0,229.0,230.38960580442557,233.65658030090017,230.38960580442557
2019-09-06,2019-09-07,223,validation,225.0,220.0,223.30709691131926,225.51913774692878,223.30709691131926
2019-09-07,2019-09-08,214,validation,223.0,221.0,223.1563378180152,226.1924019997306,223.1563378180152
2019-09-08,2019-09-09,213,validation,214.0,205.0,210.86840384703254,211.46410073184222,210.86840384703254
2019-09-09,2019-09-10,208,validation,213.0,212.0,214.3024405814267,216.58777338363623,214.3024405814267
2019-09-10,2019-09-11,209,validation,208.0,203.0,206.69428303854284,208.1777096887251,206.69428303854284
2019-09-11,2019-09-12,209,validation,209.0,210.0,210.52341253550782,212.9895608032451,210.52341253550782
2019-09-12,2019-09-13,215,validation,209.0,209.0,209.3633959122859,210.040892258238,209.3633959122859
2019-09-13,2019-09-14,216,validation,215.0,221.0,217.77715058826863,220.05583091346193,217.77715058826863
2019-09-14,2019-09-15,228,validation,216.0,217.0,215.7629400870473,216.84062886420503,215.7629400870473
2019-09-15,2019-09-16,240,validation,228.0,240.0,232.9025447288674,239.07299616136018,232.9025447288674
2019-09-16,2019-09-17,240,validation,240.0,252.0,243.26085593722271,248.66857455345183,243.26085593722271
2019-09-17,2019-09-18,245,validation,240.0,240.0,237.55020814091876,233.54302304911758,237.55020814091876
2019-09-18,2019-09-19,266,validation,245.0,250.0,246.60620578507059,244.94076669405337,246.60620578507059
2019-09-19,2019-09-20,234,validation,266.0,287.0,273.95621469117486,273.4480540560144,273.95621469117486
2019-09-20,2019-09-21,218,validation,234.0,202.0,216.5809773350107,221.2612091300736,216.5809773350107
2019-09-21,2019-09-22,222,validation,218.0,202.0,215.38374268140112,210.90379613410184,215.38374268140112
2019-09-22,2019-09-23,277,validation,222.0,226.0,227.79881591156962,227.2742637685001,227.79881591156962
2019-09-23,2019-09-24,241,validation,277.0,332.0,299.90421611499283,287.10987821511696,299.90421611499283
2019-09-24,2019-09-25,218,validation,241.0,205.0,215.8781364640477,229.66530010406683,215.8781364640477
2019-09-25,2019-09-26,207,validation,218.0,195.0,211.14782897014265,213.01964685729538,211.14782897014265
2019-09-26,2019-09-27,196,validation,207.0,196.0,208.04566801168957,207.28051775639324,208.04566801168957
2019-09-27,2019-09-28,198,validation,196.0,185.0,194.3621906144783,198.0874958028568,194.3621906144783
2019-09-28,2019-09-29,202,validation,198.0,200.0,201.17847451321072,203.1577675683038,201.17847451321072
2019-09-29,2019-09-30,216,validation,202.0,206.0,203.66893629664418,204.6626863121112,203.66893629664418
2019-09-30,2019-10-01,239,validation,216.0,230.0,221.19568161343713,226.5284852302018,221.19568161343713
2019-10-01,2019-10-02,242,validation,239.0,262.0,246.32941715894071,250.61158252753123,246.32941715894071
2019-10-02,2019-10-03,233,validation,242.0,245.0,238.8799745262755,237.0378489563915,238.8799745262755
2019-10-03,2019-10-04,240,validation,233.0,224.0,227.74657500638895,228.01650487441213,227.74657500638895
2019-10-04,2019-10-05,241,validation,240.0,247.0,244.44302765454907,244.859630359799,244.44302765454907
2019-10-05,2019-10-06,250,validation,241.0,242.0,240.66374778724133,239.66466422382172,240.66374778724133
2019-10-06,2019-10-07,241,validation,250.0,259.0,253.00374338692532,252.65025166660513,253.00374338692532
2019-10-07,2019-10-08,223,validation,241.0,232.0,235.23102556280548,236.71201880383876,235.23102556280548
2019-10-08,2019-10-09,207,validation,223.0,205.0,216.09362783457306,215.83956132186395,216.09362783457306
2019-10-09,2019-10-10,202,validation,207.0,191.0,203.49858421189663,206.19984652157905,203.49858421189663
2019-10-10,2019-10-11,225,validation,202.0,197.0,203.2599667116378,207.36952713881757,203.2599667116378
2019-10-11,2019-10-12,227,validation,225.0,248.0,236.0882384824073,236.4135070636235,236.0882384824073
2019-10-12,2019-10-13,229,validation,227.0,229.0,223.94049422972438,223.24363048661726,223.94049422972438
2019-10-13,2019-10-14,247,validation,229.0,231.0,228.175940553766,229.8062940713032,228.175940553766
2019-10-14,2019-10-15,248,validation,247.0,265.0,254.12482635302874,253.9356541367752,254.12482635302874
2019-10-15,2019-10-16,242,validation,248.0,249.0,245.2540416386656,240.67387037056022,245.2540416386656
2019-10-16,2019-10-17,228,validation,242.0,236.0,238.27261771057155,238.2180749023138,238.27261771057155
2019-10-17,2019-10-18,219,validation,228.0,214.0,222.8177811367357,222.01146807635388,222.8177811367357
2019-10-18,2019-10-19,216,validation,219.0,210.0,217.61305529332756,219.66000103551835,217.61305529332756
2019-10-19,2019-10-20,213,validation,216.0,213.0,216.68439559073252,220.87111985555,216.68439559073252
2019-10-20,2019-10-21,209,validation,213.0,210.0,212.3494216609776,217.67927854830435,212.3494216609776
2019-10-21,2019-10-22,204,validation,209.0,205.0,207.71069956873282,214.24364734286613,207.71069956873282
2019-10-22,2019-10-23,210,validation,204.0,199.0,202.60801551831116,209.3513535373266,202.60801551831116
2019-10-23,2019-10-24,217,validation,210.0,216.0,213.60755604534555,216.18931053017707,213.60755604534555
2019-10-24,2019-10-25,217,validation,217.0,224.0,219.2877047454528,221.31839725467285,219.2877047454528
2019-10-25,2019-10-26,220,validation,217.0,217.0,215.62575185982675,217.45535641169784,215.62575185982675
2019-10-26,2019-10-27,222,validation,220.0,223.0,221.04928211332611,223.06546293140104,221.04928211332611
2019-10-27,2019-10-28,228,validation,222.0,224.0,222.48982227963347,223.20103286530085,222.48982227963347
2019-10-28,2019-10-29,229,validation,228.0,234.0,230.15553554572233,232.37580816257787,230.15553554572233
2019-10-29,2019-10-30,222,validation,229.0,230.0,228.33955607326143,229.23423564164588,228.33955607326143
2019-10-30,2019-10-31,222,validation,222.0,215.0,218.55282693836543,220.93707284201585,218.55282693836543
2019-10-31,2019-11-01,220,validation,222.0,222.0,223.10512318776722,225.6716461550452,223.10512318776722
2019-11-01,2019-11-02,208,validation,220.0,218.0,219.46308591325257,220.2271041503789,219.46308591325257
2019-11-02,2019-11-03,190,validation,208.0,196.0,203.22934314724532,202.97814508370038,203.22934314724532
2019-11-03,2019-11-04,204,validation,190.0,172.0,184.54917662921298,189.02033544516075,184.54917662921298
2019-11-04,2019-11-05,246,validation,204.0,218.0,213.61424810310703,215.40364609820006,213.61424810310703
2019-11-05,2019-11-06,248,validation,246.0,288.0,262.2891625898451,255.32048533655413,262.2891625898451
2019-11-06,2019-11-07,240,validation,248.0,250.0,241.0011736418304,239.74947118599076,241.0011736418304
2019-11-07,2019-11-08,233,validation,240.0,232.0,234.15176596762043,234.66688629965358,234.15176596762043
2019-11-08,2019-11-09,227,validation,233.0,226.0,231.4200420393741,234.224820712167,231.4200420393741
2019-11-09,2019-11-10,228,validation,227.0,221.0,226.15982412120835,228.905737277128,226.15982412120835
2019-11-10,2019-11-11,233,validation,228.0,229.0,229.67478812267518,230.90494959399652,229.67478812267518
2019-11-11,2019-11-12,227,validation,233.0,238.0,234.87172305277875,234.77755664088332,234.87172305277875
2019-11-12,2019-11-13,226,validation,227.0,221.0,223.25163813114887,226.05310819959647,223.25163813114887
2019-11-13,2019-11-14,208,validation,226.0,225.0,226.12255636429816,227.50046624043924,226.12255636429816
2019-11-14,2019-11-15,199,validation,208.0,190.0,200.80398687102485,199.12009562536275,200.80398687102485
2019-11-15,2019-11-16,201,validation,199.0,190.0,198.30403109605098,197.03727591700178,198.30403109605098
2019-11-16,2019-11-17,206,validation,201.0,203.0,204.34764652597391,204.53658436761677,204.34764652597391
2019-11-17,2019-11-18,210,validation,206.0,211.0,208.3032151772318,208.0529374694526,208.3032151772318
2019-11-18,2019-11-19,214,validation,210.0,214.0,210.9070529621502,211.7990514133653,210.9070529621502
2019-11-19,2019-11-20,200,validation,214.0,218.0,215.00263646923506,215.7660754147707,215.00263646923506
2019-11-20,2019-11-21,169,validation,200.0,186.0,193.63672022272993,191.22488110549597,193.63672022272993
2019-11-21,2019-11-22,153,validation,169.0,138.0,158.6510950943211,163.89630731368777,158.6510950943211
2019-11-22,2019-11-23,166,validation,153.0,137.0,152.86218122254954,152.1849583135227,152.86218122254954
2019-11-23,2019-11-24,197,validation,166.0,179.0,176.44419944168732,178.301279034708,176.44419944168732
2019-11-24,2019-11-25,209,validation,197.0,228.0,209.32860199992913,209.32569787157288,209.32860199992913
2019-11-25,2019-11-26,213,validation,209.0,221.0,208.82202164750828,220.39241325532706,208.82202164750828
2019-11-26,2019-11-27,217,validation,213.0,217.0,211.90077760626414,210.95033648709435,211.90077760626414
2019-11-27,2019-11-28,223,validation,217.0,221.0,218.39688191322563,217.69135820773644,218.39688191322563
2019-11-28,2019-11-29,223,validation,223.0,229.0,225.57588717816097,227.47631483143024,225.57588717816097
2019-11-29,2019-11-30,219,validation,223.0,223.0,222.45723952693677,220.5881457557518,222.45723952693677
2019-11-30,2019-12-01,218,validation,219.0,215.0,217.42203332274903,217.44264915685838,217.42203332274903
2019-12-01,2019-12-02,224,validation,218.0,217.0,218.57907056916633,218.843136595451,218.57907056916633
2019-12-02,2019-12-03,210,validation,224.0,230.0,227.17274961579068,228.4952039336215,227.17274961579068
2019-12-03,2019-12-04,209,validation,210.0,196.0,203.39604083294654,202.22160613314443,203.39604083294654
2019-12-04,2019-12-05,220,validation,209.0,208.0,210.90006128219386,210.02175699583455,210.90006128219386
2019-12-05,2019-12-06,243,validation,220.0,231.0,225.81826391313697,231.54002150988927,225.81826391313697
2019-12-06,2019-12-07,244,validation,243.0,266.0,251.13525310948867,252.69762134964145,251.13525310948867
2019-12-07,2019-12-08,239,validation,244.0,245.0,240.195033290325,237.91488230186624,240.195033290325
2019-12-08,2019-12-09,227,validation,239.0,234.0,235.74839992697576,234.6718389739621,235.74839992697576
2019-12-09,2019-12-10,219,validation,227.0,215.0,223.03694958892248,221.76374131177462,223.03694958892248
2019-12-10,2019-12-11,219,validation,219.0,211.0,218.16753285783122,218.97061194602378,218.16753285783122
2019-12-11,2019-12-12,220,validation,219.0,219.0,221.12144817122248,221.08693888916162,221.12144817122248
2019-12-12,2019-12-13,218,validation,220.0,221.0,220.87933364868718,220.4563313708889,220.87933364868718
2019-12-13,2019-12-14,217,validation,218.0,216.0,217.1099835066405,217.8886416154233,217.1099835066405
2019-12-14,2019-12-15,217,validation,217.0,216.0,217.10989788396972,217.70677091091105,217.10989788396972
2019-12-15,2019-12-16,230,validation,217.0,217.0,217.64566590421725,217.50160876154655,217.64566590421725
2019-12-16,2019-12-17,237,validation,230.0,243.0,235.94143413927162,242.11811446176574,235.94143413927162
2019-12-17,2019-12-18,237,validation,237.0,244.0,238.13977774702698,236.64997313957895,238.13977774702698
2019-12-18,2019-12-19,244,validation,237.0,237.0,235.51332463403745,232.7897348275204,235.51332463403745
2019-12-19,2019-12-20,244,validation,244.0,251.0,246.94708933281703,247.15587680692335,246.94708933281703
2019-12-20,2019-12-21,240,validation,244.0,244.0,243.13073623398364,241.13955290752028,243.13073623398364
2019-12-21,2019-12-22,237,validation,240.0,236.0,238.20832598479382,238.42691780653152,238.20832598479382
2019-12-22,2019-12-23,234,validation,237.0,234.0,236.5789533107399,237.56061208141134,236.5789533107399
2019-12-23,2019-12-24,231,validation,234.0,231.0,233.58054075465915,235.6210295162821,233.58054075465915
2019-12-24,2019-12-25,222,validation,231.0,228.0,230.5423664426365,232.63392623524297,230.5423664426365
2019-12-25,2019-12-26,215,validation,222.0,213.0,219.03210782668916,220.1270840953513,219.03210782668916
2019-12-26,2019-12-27,213,validation,215.0,208.0,213.9730466814921,215.74226896829316,213.9730466814921
2019-12-27,2019-12-28,216,validation,213.0,211.0,214.15452929733095,214.76297811346325,214.15452929733095
2019-12-28,2019-12-29,227,validation,216.0,219.0,218.3889845517256,218.37870599647113,218.3889845517256
2019-12-29,2019-12-30,225,validation,227.0,238.0,231.7139588549372,237.3557457162393,231.7139588549372
2019-12-30,2019-12-31,227,validation,225.0,223.0,222.69693207460696,222.25837247013757,222.69693207460696
2022-01-07,2022-01-08,196,test,201.0,203.0,202.56647955183527,202.9571427864722,202.56647955183527
2022-01-08,2022-01-09,185,test,196.0,191.0,195.1685993555017,193.59838262441906,195.1685993555017
2022-01-09,2022-01-10,179,test,185.0,174.0,183.52119274199396,182.06221126337357,183.52119274199396
2022-01-10,2022-01-11,174,test,179.0,173.0,181.29034731039306,179.71331217005843,181.29034731039306
2022-01-11,2022-01-12,177,test,174.0,169.0,176.3041676617027,174.19121325236765,176.3041676617027
2022-01-12,2022-01-13,178,test,177.0,180.0,181.69502281824433,179.94987166429567,181.69502281824433
2022-01-13,2022-01-14,186,test,178.0,179.0,180.69018713570043,179.37241425730505,180.69018713570043
2022-01-14,2022-01-15,212,test,186.0,194.0,190.8069992911716,189.68236374594235,190.8069992911716
2022-01-15,2022-01-16,217,test,212.0,238.0,220.43809547844825,220.20660930334324,220.43809547844825
2022-01-16,2022-01-17,218,test,217.0,222.0,214.39336518610753,216.3060330250734,214.39336518610753
2022-01-17,2022-01-18,210,test,218.0,219.0,216.84149264211203,218.56300650534507,216.84149264211203
2022-01-18,2022-01-19,203,test,210.0,202.0,207.3486854673479,206.799448414528,207.3486854673479
2022-01-19,2022-01-20,194,test,203.0,196.0,202.64365389110645,202.07483533903877,202.64365389110645
2022-01-20,2022-01-21,177,test,194.0,185.0,193.64166863582344,193.47783858014643,193.64166863582344
2022-01-21,2022-01-22,174,test,177.0,160.0,175.752837000567,181.44283506928883,175.752837000567
2022-01-22,2022-01-23,176,test,174.0,171.0,179.45017307218006,177.60030458665227,179.45017307218006
2022-01-23,2022-01-24,180,test,176.0,178.0,181.07329808854416,180.36576667892203,181.07329808854416
2022-01-24,2022-01-25,171,test,180.0,184.0,184.22284278059394,183.16202878150986,184.22284278059394
2022-01-25,2022-01-26,167,test,171.0,162.0,170.51607863304892,168.0560214129202,170.51607863304892
2022-01-26,2022-01-27,166,test,167.0,163.0,170.44205274884678,166.8495126095536,170.44205274884678
2022-01-27,2022-01-28,162,test,166.0,165.0,169.59975047183755,167.8620531474395,169.59975047183755
2022-01-28,2022-01-29,171,test,162.0,158.0,164.04446696139613,160.88910043232733,164.04446696139613
2022-01-29,2022-01-30,182,test,171.0,180.0,177.69844200209727,175.43296749115967,177.69844200209727
2022-01-30,2022-01-31,180,test,182.0,193.0,186.8969302975512,190.7161603238117,186.8969302975512
2022-01-31,2022-02-01,178,test,180.0,178.0,179.50772888236952,179.33850945169704,179.50772888236952
2022-02-01,2022-02-02,179,test,178.0,176.0,179.65405549329736,177.66559689627638,179.65405549329736
2022-02-02,2022-02-03,177,test,179.0,180.0,181.973692971892,180.38130010358614,181.973692971892
2022-02-03,2022-02-04,180,test,177.0,175.0,178.37386057161726,176.21454759036106,178.37386057161726
2022-02-04,2022-02-05,176,test,180.0,183.0,183.66751259216215,182.10577725949818,183.66751259216215
2022-02-05,2022-02-06,176,test,176.0,172.0,176.97662922247164,174.17759477239255,176.97662922247164
2022-02-06,2022-02-07,186,test,176.0,176.0,179.40728307514618,177.6562515386389,179.40728307514618
2022-02-07,2022-02-08,188,test,186.0,196.0,191.9026718165341,194.97078739470058,191.9026718165341
2022-02-08,2022-02-09,192,test,188.0,190.0,189.23352757271059,189.8257269102419,189.23352757271059
2022-02-09,2022-02-10,189,test,192.0,196.0,194.78168890049352,194.80967316374984,194.78168890049352
2022-02-10,2022-02-11,183,test,189.0,186.0,189.4377087651237,186.43525968630195,189.4377087651237
2022-02-11,2022-02-12,194,test,183.0,177.0,183.69268037202252,181.0848228307342,183.69268037202252
2022-02-12,2022-02-13,198,test,194.0,205.0,200.81183655268674,202.6409027771869,200.81183655268674
2022-02-13,2022-02-14,194,test,198.0,202.0,199.63951891765754,200.3491622878579,199.63951891765754
2022-02-14,2022-02-15,198,test,194.0,190.0,193.82651486180703,191.02169068587452,193.82651486180703
2022-02-15,2022-02-16,194,test,198.0,202.0,202.12009297542818,200.12102391047011,202.12009297542818
2022-02-16,2022-02-17,183,test,194.0,190.0,194.28163334658996,191.11592347588,194.28163334658996
2022-02-17,2022-02-18,189,test,183.0,172.0,182.3289866014462,180.65253402205428,182.3289866014462
2022-02-18,2022-02-19,185,test,189.0,195.0,195.7450940013163,193.8490881757664,195.7450940013163
2022-02-19,2022-02-20,181,test,185.0,181.0,185.8790940349837,183.0750945597463,185.8790940349837
2022-02-20,2022-02-21,185,test,181.0,177.0,183.2408454082685,179.72600495499915,183.2408454082685
2022-02-21,2022-02-22,177,test,185.0,189.0,190.2895014948111,187.93613808032907,190.2895014948111
2022-02-22,2022-02-23,176,test,177.0,169.0,177.03855796025002,174.49481096306468,177.03855796025002
2022-02-23,2022-02-24,181,test,176.0,175.0,180.08369700691793,177.49096678734776,180.08369700691793
2022-02-24,2022-02-25,176,test,181.0,186.0,186.28966369029877,185.39273068644872,186.28966369029877
2022-02-25,2022-02-26,169,test,176.0,171.0,176.73420392349905,173.4114664339079,176.73420392349905
2022-02-26,2022-02-27,170,test,169.0,162.0,170.8300462771212,167.63518629036213,170.8300462771212
2022-02-27,2022-02-28,169,test,170.0,171.0,175.35594164458027,172.95395851481445,175.35594164458027
2022-02-28,2022-03-01,177,test,169.0,168.0,172.19802179877783,169.87563601327028,172.19802179877783
2022-03-01,2022-03-02,172,test,177.0,185.0,183.09124443628812,180.87191866316,183.09124443628812
2022-03-02,2022-03-03,166,test,172.0,167.0,172.47745953728705,169.49556772033702,172.47745953728705
2022-03-03,2022-03-04,158,test,166.0,160.0,168.2760250844032,164.61143903774035,168.2760250844032
2022-03-04,2022-03-05,242,test,158.0,150.0,160.30500830157166,156.808801455225,160.30500830157166
2022-03-05,2022-03-06,246,test,242.0,326.0,272.8938081967284,248.9785483111859,272.8938081967284
2022-03-06,2022-03-07,219,test,246.0,250.0,232.95302448739264,245.18958128512924,232.95302448739264
2022-03-07,2022-03-08,218,test,219.0,192.0,207.6834934420838,208.98258603996226,207.6834934420838
2022-03-08,2022-03-09,192,test,218.0,217.0,223.0583305859206,219.85311280609335,223.0583305859206
2022-03-09,2022-03-10,180,test,192.0,166.0,185.6628697264116,188.77579991054748,185.6628697264116
2022-03-10,2022-03-11,165,test,180.0,168.0,182.36365619064108,180.27749235639334,182.36365619064108
2022-03-11,2022-03-12,155,test,165.0,150.0,167.82445247117138,172.19591357014826,167.82445247117138
2022-03-12,2022-03-13,162,test,155.0,145.0,160.4800039895275,160.4188426417724,160.4800039895275
2022-03-13,2022-03-14,170,test,162.0,169.0,171.70972712372074,171.78008100059262,171.70972712372074
2022-03-14,2022-03-15,212,test,170.0,178.0,176.75936489685705,177.74729527786232,176.75936489685705
2022-03-15,2022-03-16,207,test,212.0,254.0,227.35551679038994,223.88514858904117,227.35551679038994
2022-03-16,2022-03-17,178,test,207.0,202.0,199.970983414003,204.09663239365815,199.970983414003
2022-03-17,2022-03-18,166,test,178.0,149.0,170.57608541731057,170.12254723300853,170.57608541731057
2022-03-18,2022-03-19,152,test,166.0,154.0,170.12966394508413,163.911201076857,170.12966394508413
2022-03-19,2022-03-20,144,test,152.0,138.0,154.01732122441527,156.47917702733832,154.01732122441527
2022-03-20,2022-03-21,179,test,144.0,136.0,148.62754363020758,147.63912388862735,148.62754363020758
2022-03-21,2022-03-22,179,test,179.0,214.0,197.36405099059718,196.29049747137879,197.36405099059718
2022-03-22,2022-03-23,164,test,179.0,179.0,177.58416952138688,179.42272289721888,177.58416952138688
2022-03-23,2022-03-24,181,test,164.0,149.0,162.0749782408578,159.6066580395514,162.0749782408578
2022-03-24,2022-03-25,169,test,181.0,198.0,192.6435448599669,192.5120625532636,192.6435448599669
2022-03-25,2022-03-26,155,test,169.0,157.0,165.57176795775803,165.4600622117082,165.57176795775803
2022-03-26,2022-03-27,196,test,155.0,141.0,155.33968176088484,152.67508307303532,155.33968176088484
2022-03-27,2022-03-28,209,test,196.0,237.0,215.78387921506314,209.5364133106936,215.78387921506314
2022-03-28,2022-03-29,248,test,209.0,222.0,209.02850118888767,216.6623493368304,209.02850118888767
2022-03-29,2022-03-30,252,test,248.0,287.0,258.0512268618868,259.4430220507142,258.0512268618868
2022-03-30,2022-03-31,206,test,252.0,256.0,246.32431512744986,254.49543522135423,246.32431512744986
2022-03-31,2022-04-01,192,test,206.0,160.0,189.80439110782544,196.00132438828368,189.80439110782544
2022-04-01,2022-04-02,191,test,192.0,178.0,196.6132609642941,189.52779998438817,196.6132609642941
2022-04-02,2022-04-03,195,test,191.0,190.0,197.23318310415746,199.54123089907716,197.23318310415746
2022-04-03,2022-04-04,185,test,195.0,199.0,200.092038580078,202.80166000769523,200.092038580078
2022-04-04,2022-04-05,200,test,185.0,175.0,185.70129476765624,183.86923840099624,185.70129476765624
2022-04-05,2022-04-06,183,test,200.0,215.0,211.2607456865512,216.30352997405978,211.2607456865512
2022-04-06,2022-04-07,174,test,183.0,166.0,178.73272645078663,178.0183903583797,178.73272645078663
2022-04-07,2022-04-08,172,test,174.0,165.0,177.36890871753522,173.47034125911975,177.36890871753522
2022-04-08,2022-04-09,179,test,172.0,170.0,177.42321709766497,175.23031148309312,177.42321709766497
2022-04-09,2022-04-10,193,test,179.0,186.0,185.98488793702694,186.0808711334998,185.98488793702694
2022-04-10,2022-04-11,199,test,193.0,207.0,199.77804256248666,202.60659259647562,199.77804256248666
2022-04-11,2022-04-12,188,test,199.0,205.0,201.7152928542926,203.22631366291915,201.7152928542926
2022-04-12,2022-04-13,195,test,188.0,177.0,185.9755905808834,184.4289481062136,185.9755905808834
2022-04-13,2022-04-14,194,test,195.0,202.0,201.77060018781233,199.71873135960567,201.77060018781233
2022-04-14,2022-04-15,210,test,194.0,193.0,195.3020704418689,194.51925090677136,195.3020704418689
2022-04-15,2022-04-16,221,test,210.0,226.0,217.521208123684,220.91040485929938,217.521208123684
2022-04-16,2022-04-17,239,test,221.0,232.0,223.93390229200114,228.00825666593965,223.93390229200114
2022-04-17,2022-04-18,249,test,239.0,257.0,244.0501316047301,247.7374836673662,244.0501316047301
2022-04-18,2022-04-19,263,test,249.0,259.0,249.31169853387,257.05130850084464,249.31169853387
2022-04-19,2022-04-20,277,test,263.0,277.0,265.3065035798006,272.34300414404015,265.3065035798006
2022-04-20,2022-04-21,285,test,277.0,291.0,278.00017049982284,286.0943542546731,278.00017049982284
2022-04-21,2022-04-22,294,test,285.0,293.0,283.721185915394,291.0198248745427,283.721185915394
2022-04-22,2022-04-23,310,test,294.0,303.0,293.83774952905475,300.0255302121669,293.83774952905475
2022-04-23,2022-04-24,316,test,310.0,326.0,311.90205889429245,317.7605056750622,311.90205889429245
2022-04-24,2022-04-25,324,test,316.0,322.0,313.0493244313115,319.57392178484116,313.0493244313115
2022-04-25,2022-04-26,325,test,324.0,332.0,323.164090698692,329.5874736189236,323.164090698692
2022-04-26,2022-04-27,331,test,325.0,326.0,321.89222409864885,324.11813951711775,321.89222409864885
2022-04-27,2022-04-28,332,test,331.0,337.0,330.62730493848045,331.1676637814432,330.62730493848045
2022-04-28,2022-04-29,334,test,332.0,333.0,329.33649767940574,330.46040195529,329.33649767940574
2022-04-29,2022-04-30,333,test,334.0,336.0,332.70679153495917,333.34232784456873,332.70679153495917
2022-04-30,2022-05-01,337,test,333.0,332.0,330.7971719119181,330.2323673319043,330.7971719119181
2022-05-01,2022-05-02,340,test,337.0,341.0,337.04020626621804,337.06295797638467,337.04020626621804
2022-05-02,2022-05-03,344,test,340.0,343.0,338.7742505928984,339.89639682941777,338.7742505928984
2022-05-03,2022-05-04,348,test,344.0,348.0,343.1156004867898,343.66335110257774,343.1156004867898
2022-05-04,2022-05-05,350,test,348.0,352.0,346.78266957278436,347.6675171546054,346.78266957278436
2022-05-05,2022-05-06,348,test,350.0,352.0,347.9852781684249,349.67799756249696,347.9852781684249
2022-05-06,2022-05-07,349,test,348.0,346.0,344.9545280474573,344.5933643189358,344.9545280474573
2022-05-07,2022-05-08,352,test,349.0,350.0,347.77426333656234,348.1046989166404,347.77426333656234
2022-05-08,2022-05-09,357,test,352.0,355.0,350.98402434817575,351.9646752028829,350.98402434817575
2022-05-09,2022-05-10,366,test,357.0,362.0,356.1111775283795,356.6682956360044,356.1111775283795
2022-05-10,2022-05-11,363,test,366.0,375.0,365.7752459876232,365.4259452975534,365.7752459876232
2022-05-11,2022-05-12,366,test,363.0,360.0,358.00784996143494,358.30536855069715,358.00784996143494
2022-05-12,2022-05-13,371,test,366.0,369.0,364.80719109117723,365.71802706636015,364.80719109117723
2022-05-13,2022-05-14,375,test,371.0,376.0,369.5525984716437,370.6841034186419,369.5525984716437
2022-05-14,2022-05-15,370,test,375.0,379.0,372.54229950009716,374.69013415906664,372.54229950009716
2022-05-15,2022-05-16,366,test,370.0,365.0,364.846385178751,364.62815431997905,364.846385178751
2022-05-16,2022-05-17,359,test,366.0,362.0,363.18567379606105,363.25923903180484,363.18567379606105
2022-05-17,2022-05-18,356,test,359.0,352.0,355.4392136054765,356.50877616258987,355.4392136054765
2022-05-18,2022-05-19,349,test,356.0,353.0,354.5482232032115,354.7903098168171,354.5482232032115
2022-05-19,2022-05-20,340,test,349.0,342.0,346.0425181632909,347.15230994808104,346.0425181632909
2022-05-20,2022-05-21,336,test,340.0,331.0,337.5038727819424,343.2125294400903,337.5038727819424
2022-05-21,2022-05-22,338,test,336.0,332.0,335.803846621051,337.05861295194694,335.803846621051
2022-05-22,2022-05-23,342,test,338.0,340.0,338.9470691257581,339.42598950151887,338.9470691257581
2022-05-23,2022-05-24,325,test,342.0,346.0,342.13588994265535,342.6480806873291,342.13588994265535
2022-05-24,2022-05-25,319,test,325.0,308.0,318.043151121664,318.8640292261242,318.043151121664
2022-05-25,2022-05-26,318,test,319.0,313.0,319.54641179243424,319.29228642892144,319.54641179243424
2022-05-26,2022-05-27,317,test,318.0,317.0,318.80825803207654,319.3409493974875,318.80825803207654
2022-05-27,2022-05-28,319,test,317.0,316.0,316.6125819658863,316.92238154360246,316.6125819658863
2022-05-28,2022-05-29,312,test,319.0,321.0,319.522702358557,319.7784357235042,319.522702358557
2022-05-29,2022-05-30,302,test,312.0,305.0,309.3558984197811,309.44893894866055,309.3558984197811
2022-05-30,2022-05-31,295,test,302.0,292.0,299.7754021724296,299.7275869767225,299.7754021724296
2022-05-31,2022-06-01,285,test,295.0,288.0,294.7631475591312,295.53416464384907,294.7631475591312
2022-06-01,2022-06-02,277,test,285.0,275.0,283.7613072879643,287.0387977728282,283.7613072879643
2022-06-02,2022-06-03,275,test,277.0,269.0,277.29370967777083,280.71661538027143,277.29370967777083
2022-06-03,2022-06-04,275,test,275.0,273.0,277.3578084811144,279.12849115561863,277.3578084811144
2022-06-04,2022-06-05,274,test,275.0,275.0,276.8486807818963,277.75549756407383,276.8486807818963
2022-06-05,2022-06-06,275,test,274.0,273.0,274.8093252033376,273.2835331337988,274.8093252033376
2022-06-06,2022-06-07,274,test,275.0,276.0,276.4161721807988,275.5686240250667,276.4161721807988
2022-06-07,2022-06-08,276,test,274.0,273.0,274.1791156581116,271.7189262293557,274.1791156581116
2022-06-08,2022-06-09,278,test,276.0,278.0,277.1860707060106,276.1819022018891,277.1860707060106
2022-06-09,2022-06-10,275,test,278.0,280.0,278.5598462058681,277.9704995658985,278.5598462058681
2022-06-10,2022-06-11,282,test,275.0,272.0,273.8524390834707,270.76280026735503,273.8524390834707
2022-06-11,2022-06-12,294,test,282.0,289.0,284.8208881426938,282.9623114537223,284.8208881426938
2022-06-12,2022-06-13,288,test,294.0,306.0,296.42425326602375,294.2112003551401,296.42425326602375
2022-06-13,2022-06-14,281,test,288.0,282.0,283.2108131426463,281.92639960187773,283.2108131426463
2022-06-14,2022-06-15,280,test,281.0,274.0,279.14671266041836,277.6173441934532,279.14671266041836
2022-06-15,2022-06-16,286,test,280.0,279.0,280.978345097214,278.7092464124159,280.978345097214
2022-06-16,2022-06-17,298,test,286.0,292.0,288.0202780343413,286.6060004839024,288.0202780343413
2022-06-17,2022-06-18,306,test,298.0,310.0,300.3583584361775,298.1339249583788,300.3583584361775
2022-06-18,2022-06-19,308,test,306.0,314.0,305.6869720050113,304.94006466393114,305.6869720050113
2022-06-19,2022-06-20,314,test,308.0,310.0,305.79876463403616,307.7627993641255,305.79876463403616
2022-06-20,2022-06-21,319,test,314.0,320.0,313.7729922111323,314.20057660332947,313.7729922111323
2022-06-21,2022-06-22,312,test,319.0,324.0,317.54308816064383,318.390349925502,317.54308816064383
2022-06-22,2022-06-23,305,test,312.0,305.0,306.820122628116,306.08036850350516,306.820122628116
2022-06-23,2022-06-24,302,test,305.0,298.0,302.5128795080941,301.9705224642811,302.5128795080941
2022-06-24,2022-06-25,301,test,302.0,299.0,301.580265268278,300.76410942172066,301.580265268278
2022-06-25,2022-06-26,297,test,301.0,300.0,300.6863007029392,300.71062651179295,300.6863007029392
2022-06-26,2022-06-27,287,test,297.0,293.0,295.554114970155,295.27532561680187,295.554114970155
2022-06-27,2022-06-28,280,test,287.0,277.0,284.561645087998,285.3957153983959,284.561645087998
2022-06-28,2022-06-29,275,test,280.0,273.0,279.88423453503924,282.0016181297405,279.88423453503924
2022-06-29,2022-06-30,273,test,275.0,270.0,275.30425835841646,277.40418123915674,275.30425835841646
2022-06-30,2022-07-01,270,test,273.0,271.0,273.9755212515529,274.5746696121042,273.9755212515529
2022-07-01,2022-07-02,275,test,270.0,267.0,270.2160860732335,270.0070925871672,270.2160860732335
2022-07-02,2022-07-03,271,test,275.0,280.0,277.7921353586241,279.52484582389786,277.7921353586241
2022-07-03,2022-07-04,269,test,271.0,267.0,269.2273746559233,266.81884527840646,269.2273746559233
2022-07-04,2022-07-05,269,test,269.0,267.0,269.1443822086452,267.7790475007698,269.1443822086452
2022-07-05,2022-07-06,266,test,269.0,269.0,269.5978074018771,268.27081149709977,269.5978074018771
2022-07-06,2022-07-07,269,test,266.0,263.0,265.2260307130313,262.5721409791991,265.2260307130313
2022-07-07,2022-07-08,266,test,269.0,272.0,270.53944617630845,269.89179221554684,270.53944617630845
2022-07-08,2022-07-09,262,test,266.0,263.0,264.7769342675614,262.2702961106086,264.7769342675614
2022-07-09,2022-07-10,260,test,262.0,258.0,261.3560725585315,259.3978417642669,261.3560725585315
2022-07-10,2022-07-11,256,test,260.0,258.0,260.41996894139373,258.8189809136915,260.41996894139373
2022-07-11,2022-07-12,253,test,256.0,252.0,255.59262182646378,253.7675863095752,255.59262182646378
2022-07-12,2022-07-13,252,test,253.0,250.0,253.28498653802575,251.7905169429217,253.28498653802575
2022-07-13,2022-07-14,255,test,252.0,251.0,253.01208531914915,253.51567985511588,253.01208531914915
2022-07-14,2022-07-15,253,test,255.0,258.0,256.82315209100597,255.7965595014771,256.82315209100597
2022-07-15,2022-07-16,248,test,253.0,251.0,252.31702080262446,249.77439491510822,252.31702080262446
2022-07-16,2022-07-17,238,test,248.0,243.0,247.19057848935606,245.33962762546562,247.19057848935606
2022-07-17,2022-07-18,245,test,238.0,228.0,236.44855049058899,235.0408614264536,236.44855049058899
2022-07-18,2022-07-19,239,test,245.0,252.0,249.9116215697023,248.63195280524272,249.9116215697023
2022-07-19,2022-07-20,227,test,239.0,233.0,236.85130322658927,235.42446885418494,236.85130322658927
2022-07-20,2022-07-21,226,test,227.0,215.0,225.18084427797527,224.3132561023076,225.18084427797527
2022-07-21,2022-07-22,226,test,226.0,225.0,229.4269235940623,229.95479931110702,229.4269235940623
2022-07-22,2022-07-23,233,test,226.0,226.0,227.94282409406978,228.74615867941216,227.94282409406978
2022-07-23,2022-07-24,242,test,233.0,240.0,236.3076999371153,234.3088344134684,236.3076999371153
2022-07-24,2022-07-25,250,test,242.0,251.0,244.56555066316838,242.13254428742945,244.56555066316838
2022-07-25,2022-07-26,255,test,250.0,258.0,251.11639968628893,250.13761692111393,251.11639968628893
2022-07-26,2022-07-27,257,test,255.0,260.0,254.54373635265506,254.97732736894073,254.54373635265506
2022-07-27,2022-07-28,241,test,257.0,259.0,255.82909838889358,256.48907206651245,255.82909838889358
2022-07-28,2022-07-29,241,test,241.0,225.0,234.8014446906532,232.2165162797343,234.8014446906532
2022-07-29,2022-07-30,241,test,241.0,241.0,243.694012655409,242.40793377225143,243.694012655409
2022-07-30,2022-07-31,237,test,241.0,241.0,241.67566633019504,239.5164075993898,241.67566633019504
2022-07-31,2022-08-01,228,test,237.0,233.0,236.25220202903458,234.34455112886704,236.25220202903458
2022-08-01,2022-08-02,227,test,228.0,219.0,226.77628556783523,226.9894741377128,226.77628556783523
2022-08-02,2022-08-03,223,test,227.0,226.0,229.67947148843032,229.69552018642065,229.67947148843032
2022-08-03,2022-08-04,219,test,223.0,219.0,223.14638248654424,222.83271439916663,223.14638248654424
2022-08-04,2022-08-05,215,test,219.0,215.0,219.64731746273202,218.64057003129946,219.64731746273202
2022-08-05,2022-08-06,206,test,215.0,211.0,215.94629815069754,214.83686528951816,215.94629815069754
2022-08-06,2022-08-07,204,test,206.0,197.0,205.54058694883688,206.32075738244606,205.54058694883688
2022-08-07,2022-08-08,203,test,204.0,202.0,206.70515514960337,206.31330788670897,206.70515514960337
2022-08-08,2022-08-09,202,test,203.0,202.0,205.0419372700798,206.14106742221762,205.0419372700798
2022-08-09,2022-08-10,204,test,202.0,201.0,203.63892847850312,204.4802229878898,203.63892847850312
2022-08-10,2022-08-11,205,test,204.0,206.0,206.4714528059409,206.59423586943706,206.4714528059409
2022-08-11,2022-08-12,210,test,205.0,206.0,206.4563466807163,206.495318354483,206.4563466807163
2022-08-12,2022-08-13,208,test,210.0,215.0,212.4355067357426,212.38763555201854,212.4355067357426
2022-08-13,2022-08-14,203,test,208.0,206.0,207.34138452039522,206.93645165030688,207.34138452039522
2022-08-14,2022-08-15,196,test,203.0,198.0,202.5577616380423,201.14654770679684,202.5577616380423
2022-08-15,2022-08-16,195,test,196.0,189.0,195.83984650989566,194.90630188303743,195.83984650989566
2022-08-16,2022-08-17,201,test,195.0,194.0,197.45380057670337,196.73710296297565,197.45380057670337
2022-08-17,2022-08-18,223,test,201.0,207.0,204.67024280419778,204.35849514108543,204.67024280419778
2022-08-18,2022-08-19,214,test,223.0,245.0,230.00109697168728,227.79348982633644,230.00109697168728
2022-08-19,2022-08-20,187,test,214.0,205.0,207.57907073906753,211.12002387309371,207.57907073906753
2022-08-20,2022-08-21,181,test,187.0,160.0,180.25203517760704,178.16753419506387,180.25203517760704
2022-08-21,2022-08-22,181,test,181.0,175.0,185.5810769847668,182.91585066236883,185.5810769847668
2022-08-22,2022-08-23,180,test,181.0,181.0,184.54405061254727,187.1858764035946,184.54405061254727
2022-08-23,2022-08-24,181,test,180.0,179.0,181.8318247348133,181.88236533587903,181.8318247348133
2022-08-24,2022-08-25,185,test,181.0,182.0,184.19441035277072,184.25693726812312,184.19441035277072
2022-08-25,2022-08-26,188,test,185.0,189.0,188.54852413036102,188.20942710470615,188.54852413036102
2022-08-26,2022-08-27,187,test,188.0,191.0,189.71981339051376,189.68250642292733,189.71981339051376
2022-08-27,2022-08-28,188,test,187.0,186.0,187.25890927003155,187.21952137461554,187.25890927003155
2022-08-28,2022-08-29,191,test,188.0,189.0,189.58970210600768,188.98232158756684,189.58970210600768
2022-08-29,2022-08-30,200,test,191.0,194.0,192.84818302072463,192.78836716818589,192.84818302072463
2022-08-30,2022-08-31,204,test,200.0,209.0,203.10877227680928,202.9178011803176,203.10877227680928
2022-08-31,2022-09-01,206,test,204.0,208.0,204.1585405128123,205.639566063323,204.1585405128123
2022-09-01,2022-09-02,219,test,206.0,208.0,206.09171330625944,207.4590318772831,206.09171330625944
2022-09-02,2022-09-03,211,test,219.0,232.0,222.7096907479521,227.32138787758382,222.7096907479521
2022-09-03,2022-09-04,199,test,211.0,203.0,205.87353643826327,208.55057100418244,205.87353643826327
2022-09-04,2022-09-05,201,test,199.0,187.0,196.35353324880265,194.86855525684004,196.35353324880265
2022-09-05,2022-09-06,187,test,201.0,203.0,204.63503029742157,205.37559663549422,204.63503029742157
2022-09-06,2022-09-07,196,test,187.0,173.0,183.52215524182907,183.11040515341813,183.52215524182907
2022-09-07,2022-09-08,201,test,196.0,205.0,202.55718040374197,203.72785169996666,202.55718040374197
2022-09-08,2022-09-09,206,test,201.0,206.0,202.83516996398825,204.61899669417267,202.83516996398825
2022-09-09,2022-09-10,191,test,206.0,211.0,207.4434808810562,209.2064852334599,207.4434808810562
2022-09-10,2022-09-11,178,test,191.0,176.0,185.9162247548932,182.57607406125118,185.9162247548932
2022-09-11,2022-09-12,186,test,178.0,165.0,177.70844338487842,174.55342165177174,177.70844338487842
2022-09-12,2022-09-13,194,test,186.0,194.0,192.46615340483197,193.7226076521973,192.46615340483197
2022-09-13,2022-09-14,200,test,194.0,202.0,196.7013944640349,198.83821314016006,196.7013944640349
2022-09-14,2022-09-15,197,test,200.0,206.0,201.29609560915588,203.6640041258468,201.29609560915588
2022-09-15,2022-09-16,207,test,197.0,194.0,195.7892510095018,196.90828968731196,195.7892510095018
2022-09-16,2022-09-17,207,test,207.0,217.0,211.002210534058,215.6426996329145,211.002210534058
2022-09-17,2022-09-18,206,test,207.0,207.0,205.0892267918861,208.82194779477214,205.0892267918861
2022-09-18,2022-09-19,210,test,206.0,205.0,205.30615589420594,207.52094990140026,205.30615589420594
2022-09-19,2022-09-20,200,test,210.0,214.0,211.4914643574519,213.4133909352928,211.4914643574519
2022-09-20,2022-09-21,193,test,200.0,190.0,196.38175538738295,196.33059973531996,196.38175538738295
2022-09-21,2022-09-22,192,test,193.0,186.0,192.90850912115002,192.55057601605347,192.90850912115002
2022-09-22,2022-09-23,198,test,192.0,191.0,194.21590225086015,194.3615789943185,194.21590225086015
2022-09-23,2022-09-24,190,test,198.0,204.0,201.28803919093122,202.9647906803436,201.28803919093122
2022-09-24,2022-09-25,187,test,190.0,182.0,187.39956415790013,188.61166825152816,187.39956415790013
2022-09-25,2022-09-26,210,test,187.0,184.0,188.63890278518355,187.24849322394016,188.63890278518355
2022-09-26,2022-09-27,213,test,210.0,233.0,218.89428705298224,217.4843720415705,218.89428705298224
2022-09-27,2022-09-28,202,test,213.0,216.0,209.94978931129506,211.46836357713863,209.94978931129506
2022-09-28,2022-09-29,208,test,202.0,191.0,197.2136986332951,197.00336164018228,197.2136986332951
2022-09-29,2022-09-30,192,test,208.0,214.0,211.95558492208426,212.56296785346538,211.95558492208426
2022-09-30,2022-10-01,188,test,192.0,176.0,186.22602667085465,184.53376684525915,186.22602667085465
2022-10-01,2022-10-02,198,test,188.0,184.0,189.78647878527528,187.26083362423654,189.78647878527528
2022-10-02,2022-10-03,218,test,198.0,208.0,203.43549972104287,208.1754397289447,203.43549972104287
2022-10-03,2022-10-04,205,test,218.0,238.0,223.37515391221802,224.06116134691493,223.37515391221802
2022-10-04,2022-10-05,203,test,205.0,192.0,197.03554785501348,200.43697435004853,197.03554785501348
2022-10-05,2022-10-06,191,test,203.0,201.0,204.51335559485338,203.5237368641751,204.51335559485338
2022-10-06,2022-10-07,180,test,191.0,179.0,188.1222153369352,187.16170711749737,188.1222153369352
2022-10-07,2022-10-08,184,test,180.0,169.0,179.26177796131824,176.87882963811825,179.26177796131824
2022-10-08,2022-10-09,180,test,184.0,188.0,188.7184557176524,190.35497410098492,188.7184557176524
2022-10-09,2022-10-10,188,test,180.0,176.0,180.15760952444558,182.0409899081235,180.15760952444558
2022-10-10,2022-10-11,185,test,188.0,196.0,192.61581302160565,192.7607639722813,192.61581302160565
2022-10-11,2022-10-12,197,test,185.0,182.0,184.06404978054152,184.72352925744545,184.06404978054152
2022-10-12,2022-10-13,205,test,197.0,209.0,201.9616433611047,206.78902845314587,201.9616433611047
2022-10-13,2022-10-14,201,test,205.0,213.0,205.5753763877174,209.0667386425202,205.5753763877174
2022-10-14,2022-10-15,193,test,201.0,197.0,197.915728092681,198.82170648015526,197.915728092681
2022-10-15,2022-10-16,173,test,193.0,185.0,190.8943558960429,190.65797470121763,190.8943558960429
2022-10-16,2022-10-17,164,test,173.0,153.0,168.86516715015227,166.35084724955072,168.86516715015227
2022-10-17,2022-10-18,167,test,164.0,155.0,166.2166696237912,164.61110725655965,166.2166696237912
2022-10-18,2022-10-19,191,test,167.0,170.0,172.11100447047,172.10025241661427,172.11100447047
2022-10-19,2022-10-20,194,test,191.0,215.0,200.267387276161,201.6718497019945,200.267387276161
2022-10-20,2022-10-21,189,test,194.0,197.0,191.8010579873381,192.72790548780824,191.8010579873381
2022-10-21,2022-10-22,205,test,189.0,184.0,187.04755211856966,187.05267477624952,187.04755211856966
2022-10-22,2022-10-23,192,test,205.0,221.0,210.9667465998385,214.60072345458715,210.9667465998385
2022-10-23,2022-10-24,196,test,192.0,179.0,184.73633330294604,186.86582179117573,184.73633330294604
2022-10-24,2022-10-25,200,test,196.0,200.0,198.88835206329495,201.0619958772494,198.88835206329495
2022-10-25,2022-10-26,189,test,200.0,204.0,201.24769552414745,203.00833034107288,201.24769552414745
2022-10-26,2022-10-27,187,test,189.0,178.0,185.13725629946535,183.23123461858518,185.13725629946535
2022-10-27,2022-10-28,184,test,187.0,185.0,188.7952639545055,188.11888643805648,188.7952639545055
2022-10-28,2022-10-29,174,test,184.0,181.0,184.9491274820997,183.86778518056215,184.9491274820997
2022-10-29,2022-10-30,183,test,174.0,164.0,172.55310597719398,170.78568799606475,172.55310597719398
2022-10-30,2022-10-31,224,test,183.0,192.0,189.14711190794094,188.42211193507057,189.14711190794094
2022-10-31,2022-11-01,228,test,224.0,265.0,236.48342283771194,230.87917740190608,236.48342283771194
2022-11-01,2022-11-02,219,test,228.0,232.0,221.02094983989605,225.7927642771627,221.02094983989605
2022-11-02,2022-11-03,219,test,219.0,210.0,213.230384394946,215.06976461766254,213.230384394946
2022-11-03,2022-11-04,209,test,219.0,219.0,219.44494036634043,219.10712012199576,219.44494036634043
2022-11-04,2022-11-05,201,test,209.0,199.0,204.84923149892802,204.5724093645899,204.84923149892802
2022-11-05,2022-11-06,185,test,201.0,193.0,199.57342949136282,200.25320554142309,199.57342949136282
2022-11-06,2022-11-07,173,test,185.0,169.0,182.67205748346072,192.7910524652897,182.67205748346072
2022-11-07,2022-11-08,179,test,173.0,161.0,174.15660717271408,179.12024571971256,174.15660717271408
2022-11-08,2022-11-09,180,test,179.0,185.0,185.54168935194338,187.13938842160013,185.54168935194338
2022-11-09,2022-11-10,178,test,180.0,181.0,181.66127269442575,182.32509120931377,181.66127269442575
2022-11-10,2022-11-11,180,test,178.0,176.0,178.869779817482,177.49034239441227,178.869779817482
2022-11-11,2022-11-12,185,test,180.0,182.0,182.6613537177934,182.44366003920922,182.6613537177934
2022-11-12,2022-11-13,224,test,185.0,190.0,187.44089163608106,187.78634300736923,187.44089163608106
2022-11-13,2022-11-14,221,test,224.0,263.0,235.4916235312412,232.68922153390804,235.4916235312412
2022-11-14,2022-11-15,200,test,221.0,218.0,212.16672266709392,217.61455630712075,212.16672266709392
2022-11-15,2022-11-16,199,test,200.0,179.0,192.08002197531803,188.4868686927346,192.08002197531803
2022-11-16,2022-11-17,204,test,199.0,198.0,202.2272801197732,201.59457225441113,202.2272801197732
2022-11-17,2022-11-18,192,test,204.0,209.0,206.16364075431792,208.55601875817314,206.16364075431792
2022-11-18,2022-11-19,188,test,192.0,180.0,187.32268624162646,185.1661281702283,187.32268624162646
2022-11-19,2022-11-20,194,test,188.0,184.0,190.2282634832394,192.92328518128005,190.2282634832394
2022-11-20,2022-11-21,195,test,194.0,200.0,198.53324258799424,198.81296020219028,198.53324258799424
2022-11-21,2022-11-22,192,test,195.0,196.0,195.24550020104633,196.17845811684597,195.24550020104633
2022-11-22,2022-11-23,187,test,192.0,189.0,191.56762497035857,190.41424239375138,191.56762497035857
2022-11-23,2022-11-24,190,test,187.0,182.0,187.10760944262475,185.4511629603485,187.10760944262475
2022-11-24,2022-11-25,186,test,190.0,193.0,192.89212553317714,192.32197594183538,192.89212553317714
2022-11-25,2022-11-26,172,test,186.0,182.0,185.21661326670787,183.92638836164411,185.21661326670787
2022-11-26,2022-11-27,168,test,172.0,158.0,169.5630733937811,167.27438864387102,169.5630733937811
2022-11-27,2022-11-28,166,test,168.0,164.0,171.2318571896375,169.2044305912956,171.2318571896375
2022-11-28,2022-11-29,169,test,166.0,164.0,168.56522038698952,167.35823400067093,168.56522038698952
2022-11-29,2022-11-30,172,test,169.0,172.0,172.4719361631443,171.7548983309566,172.4719361631443
2022-11-30,2022-12-01,172,test,172.0,175.0,174.57059044975864,174.52608111312455,174.57059044975864
2022-12-01,2022-12-02,166,test,172.0,172.0,173.32554933439687,172.59025843940853,173.32554933439687
2022-12-02,2022-12-03,164,test,166.0,160.0,165.64947253758453,163.5977512188157,165.64947253758453
2022-12-03,2022-12-04,163,test,164.0,162.0,166.15187458367342,163.73279905442905,166.15187458367342
2022-12-04,2022-12-05,162,test,163.0,162.0,164.9870186185613,164.23027493795004,164.9870186185613
2022-12-05,2022-12-06,161,test,162.0,161.0,163.86487015745536,163.41896903342516,163.86487015745536
2022-12-06,2022-12-07,158,test,161.0,160.0,163.007435188783,162.60478602044745,163.007435188783
2022-12-07,2022-12-08,159,test,158.0,155.0,159.49214662811497,157.24587319341012,159.49214662811497
2022-12-08,2022-12-09,160,test,159.0,160.0,162.04754654311856,160.68841426315262,162.04754654311856
2022-12-09,2022-12-10,162,test,160.0,161.0,162.34194673825112,161.2942162202929,162.34194673825112
2022-12-10,2022-12-11,165,test,162.0,164.0,164.4832554164131,164.1153903951611,164.4832554164131
2022-12-11,2022-12-12,167,test,165.0,168.0,167.5100578545246,167.20061152341614,167.5100578545246
2022-12-12,2022-12-13,166,test,167.0,169.0,168.84993226975024,169.0841321884106,168.84993226975024
2022-12-13,2022-12-14,164,test,166.0,165.0,166.90683022597213,165.93949352111878,166.90683022597213
2022-12-14,2022-12-15,164,test,164.0,162.0,165.22134931796185,163.8062402323842,165.22134931796185
2022-12-15,2022-12-16,164,test,164.0,164.0,166.20678450944672,165.10505216490645,166.20678450944672
2022-12-16,2022-12-17,167,test,164.0,164.0,165.95972070833665,164.59361479413488,165.95972070833665
2022-12-17,2022-12-18,168,test,167.0,170.0,169.9150328180547,169.15482102708143,169.9150328180547
2022-12-18,2022-12-19,174,test,168.0,169.0,169.73282822710297,168.9254377758958,169.73282822710297
2022-12-19,2022-12-20,174,test,174.0,180.0,177.4425762842012,177.11229151831188,177.4425762842012
2022-12-20,2022-12-21,176,test,174.0,174.0,174.48992881431667,174.10922937460214,174.48992881431667
2022-12-21,2022-12-22,182,test,176.0,178.0,177.98020555909895,177.72322691658314,177.98020555909895
2022-12-22,2022-12-23,180,test,182.0,188.0,184.9071578003902,185.19042588384227,184.9071578003902
2022-12-23,2022-12-24,182,test,180.0,178.0,179.54090683154624,178.90375385754726,179.54090683154624
2022-12-24,2022-12-25,183,test,182.0,184.0,184.12143775130482,183.8205282229518,184.12143775130482
2022-12-25,2022-12-26,180,test,183.0,184.0,184.42972406971532,183.7995947194466,184.42972406971532
2022-12-26,2022-12-27,178,test,180.0,177.0,180.23496656857768,178.1695294731828,180.23496656857768
2022-12-27,2022-12-28,177,test,178.0,176.0,179.45501180894888,178.01783404960295,179.45501180894888
2022-12-28,2022-12-29,179,test,177.0,176.0,178.9857983900187,178.45108049276925,178.9857983900187
2022-12-29,2022-12-30,181,test,179.0,181.0,181.7094651275541,181.30459499577265,181.7094651275541
2022-12-30,2022-12-31,183,test,181.0,183.0,183.15909154394694,183.041032746343,183.15909154394694
