observation_date,level_cm,quality,delta_cm,threshold_abs_change_cm,statistical_flag,target_time,prediction_next_day_cm,proposed_action,mode
2022-01-01,178,valid,,31.0,False,2022-01-02,,routine_observation,historical_replay_not_live_iot
2022-01-02,187,valid,9.0,31.0,False,2022-01-03,,routine_observation,historical_replay_not_live_iot
2022-01-03,181,valid,-6.0,31.0,False,2022-01-04,,routine_observation,historical_replay_not_live_iot
2022-01-04,198,valid,17.0,31.0,False,2022-01-05,,routine_observation,historical_replay_not_live_iot
2022-01-05,200,valid,2.0,31.0,False,2022-01-06,,routine_observation,historical_replay_not_live_iot
2022-01-06,199,valid,-1.0,31.0,False,2022-01-07,,routine_observation,historical_replay_not_live_iot
2022-01-07,201,valid,2.0,31.0,False,2022-01-08,202.56647955183527,routine_observation,historical_replay_not_live_iot
2022-01-08,196,valid,-5.0,31.0,False,2022-01-09,195.1685993555017,routine_observation,historical_replay_not_live_iot
2022-01-09,185,valid,-11.0,31.0,False,2022-01-10,183.52119274199396,routine_observation,historical_replay_not_live_iot
2022-01-10,179,valid,-6.0,31.0,False,2022-01-11,181.29034731039306,routine_observation,historical_replay_not_live_iot
2022-01-11,174,valid,-5.0,31.0,False,2022-01-12,176.3041676617027,routine_observation,historical_replay_not_live_iot
2022-01-12,177,valid,3.0,31.0,False,2022-01-13,181.69502281824433,routine_observation,historical_replay_not_live_iot
2022-01-13,178,valid,1.0,31.0,False,2022-01-14,180.69018713570043,routine_observation,historical_replay_not_live_iot
2022-01-14,186,valid,8.0,31.0,False,2022-01-15,190.8069992911716,routine_observation,historical_replay_not_live_iot
2022-01-15,212,valid,26.0,31.0,False,2022-01-16,220.43809547844825,routine_observation,historical_replay_not_live_iot
2022-01-16,217,valid,5.0,31.0,False,2022-01-17,214.39336518610753,routine_observation,historical_replay_not_live_iot
2022-01-17,218,valid,1.0,31.0,False,2022-01-18,216.84149264211203,routine_observation,historical_replay_not_live_iot
2022-01-18,210,valid,-8.0,31.0,False,2022-01-19,207.3486854673479,routine_observation,historical_replay_not_live_iot
2022-01-19,203,valid,-7.0,31.0,False,2022-01-20,202.64365389110645,routine_observation,historical_replay_not_live_iot
2022-01-20,194,valid,-9.0,31.0,False,2022-01-21,193.64166863582344,routine_observation,historical_replay_not_live_iot
2022-01-21,177,valid,-17.0,31.0,False,2022-01-22,175.752837000567,routine_observation,historical_replay_not_live_iot
2022-01-22,174,valid,-3.0,31.0,False,2022-01-23,179.45017307218006,routine_observation,historical_replay_not_live_iot
2022-01-23,176,valid,2.0,31.0,False,2022-01-24,181.07329808854416,routine_observation,historical_replay_not_live_iot
2022-01-24,180,valid,4.0,31.0,False,2022-01-25,184.22284278059394,routine_observation,historical_replay_not_live_iot
2022-01-25,171,valid,-9.0,31.0,False,2022-01-26,170.51607863304892,routine_observation,historical_replay_not_live_iot
2022-01-26,167,valid,-4.0,31.0,False,2022-01-27,170.44205274884678,routine_observation,historical_replay_not_live_iot
2022-01-27,166,valid,-1.0,31.0,False,2022-01-28,169.59975047183755,routine_observation,historical_replay_not_live_iot
2022-01-28,162,valid,-4.0,31.0,False,2022-01-29,164.04446696139613,routine_observation,historical_replay_not_live_iot
2022-01-29,171,valid,9.0,31.0,False,2022-01-30,177.69844200209727,routine_observation,historical_replay_not_live_iot
2022-01-30,182,valid,11.0,31.0,False,2022-01-31,186.8969302975512,routine_observation,historical_replay_not_live_iot
2022-01-31,180,valid,-2.0,31.0,False,2022-02-01,179.50772888236952,routine_observation,historical_replay_not_live_iot
2022-02-01,178,valid,-2.0,31.0,False,2022-02-02,179.65405549329736,routine_observation,historical_replay_not_live_iot
2022-02-02,179,valid,1.0,31.0,False,2022-02-03,181.973692971892,routine_observation,historical_replay_not_live_iot
2022-02-03,177,valid,-2.0,31.0,False,2022-02-04,178.37386057161726,routine_observation,historical_replay_not_live_iot
2022-02-04,180,valid,3.0,31.0,False,2022-02-05,183.66751259216215,routine_observation,historical_replay_not_live_iot
2022-02-05,176,valid,-4.0,31.0,False,2022-02-06,176.97662922247164,routine_observation,historical_replay_not_live_iot
2022-02-06,176,valid,0.0,31.0,False,2022-02-07,179.40728307514618,routine_observation,historical_replay_not_live_iot
2022-02-07,186,valid,10.0,31.0,False,2022-02-08,191.9026718165341,routine_observation,historical_replay_not_live_iot
2022-02-08,188,valid,2.0,31.0,False,2022-02-09,189.23352757271059,routine_observation,historical_replay_not_live_iot
2022-02-09,192,valid,4.0,31.0,False,2022-02-10,194.78168890049352,routine_observation,historical_replay_not_live_iot
2022-02-10,189,valid,-3.0,31.0,False,2022-02-11,189.4377087651237,routine_observation,historical_replay_not_live_iot
2022-02-11,183,valid,-6.0,31.0,False,2022-02-12,183.69268037202252,routine_observation,historical_replay_not_live_iot
2022-02-12,194,valid,11.0,31.0,False,2022-02-13,200.81183655268674,routine_observation,historical_replay_not_live_iot
2022-02-13,198,valid,4.0,31.0,False,2022-02-14,199.63951891765754,routine_observation,historical_replay_not_live_iot
2022-02-14,194,valid,-4.0,31.0,False,2022-02-15,193.82651486180703,routine_observation,historical_replay_not_live_iot
2022-02-15,198,valid,4.0,31.0,False,2022-02-16,202.12009297542818,routine_observation,historical_replay_not_live_iot
2022-02-16,194,valid,-4.0,31.0,False,2022-02-17,194.28163334658996,routine_observation,historical_replay_not_live_iot
2022-02-17,183,valid,-11.0,31.0,False,2022-02-18,182.3289866014462,routine_observation,historical_replay_not_live_iot
2022-02-18,189,valid,6.0,31.0,False,2022-02-19,195.7450940013163,routine_observation,historical_replay_not_live_iot
2022-02-19,185,valid,-4.0,31.0,False,2022-02-20,185.8790940349837,routine_observation,historical_replay_not_live_iot
2022-02-20,181,valid,-4.0,31.0,False,2022-02-21,183.2408454082685,routine_observation,historical_replay_not_live_iot
2022-02-21,185,valid,4.0,31.0,False,2022-02-22,190.2895014948111,routine_observation,historical_replay_not_live_iot
2022-02-22,177,valid,-8.0,31.0,False,2022-02-23,177.03855796025002,routine_observation,historical_replay_not_live_iot
2022-02-23,176,valid,-1.0,31.0,False,2022-02-24,180.08369700691793,routine_observation,historical_replay_not_live_iot
2022-02-24,181,valid,5.0,31.0,False,2022-02-25,186.28966369029877,routine_observation,historical_replay_not_live_iot
2022-02-25,176,valid,-5.0,31.0,False,2022-02-26,176.73420392349905,routine_observation,historical_replay_not_live_iot
2022-02-26,169,valid,-7.0,31.0,False,2022-02-27,170.8300462771212,routine_observation,historical_replay_not_live_iot
2022-02-27,170,valid,1.0,31.0,False,2022-02-28,175.35594164458027,routine_observation,historical_replay_not_live_iot
2022-02-28,169,valid,-1.0,31.0,False,2022-03-01,172.19802179877783,routine_observation,historical_replay_not_live_iot
2022-03-01,177,valid,8.0,31.0,False,2022-03-02,183.09124443628812,routine_observation,historical_replay_not_live_iot
2022-03-02,172,valid,-5.0,31.0,False,2022-03-03,172.47745953728705,routine_observation,historical_replay_not_live_iot
2022-03-03,166,valid,-6.0,31.0,False,2022-03-04,168.2760250844032,routine_observation,historical_replay_not_live_iot
2022-03-04,158,valid,-8.0,31.0,False,2022-03-05,160.30500830157166,routine_observation,historical_replay_not_live_iot
2022-03-05,242,valid,84.0,31.0,True,2022-03-06,272.8938081967284,check_measurement_and_context_manually,historical_replay_not_live_iot
2022-03-06,246,valid,4.0,31.0,False,2022-03-07,232.95302448739264,routine_observation,historical_replay_not_live_iot
2022-03-07,219,valid,-27.0,31.0,False,2022-03-08,207.6834934420838,routine_observation,historical_replay_not_live_iot
2022-03-08,218,valid,-1.0,31.0,False,2022-03-09,223.0583305859206,routine_observation,historical_replay_not_live_iot
2022-03-09,192,valid,-26.0,31.0,False,2022-03-10,185.6628697264116,routine_observation,historical_replay_not_live_iot
2022-03-10,180,valid,-12.0,31.0,False,2022-03-11,182.36365619064108,routine_observation,historical_replay_not_live_iot
2022-03-11,165,valid,-15.0,31.0,False,2022-03-12,167.82445247117138,routine_observation,historical_replay_not_live_iot
2022-03-12,155,valid,-10.0,31.0,False,2022-03-13,160.4800039895275,routine_observation,historical_replay_not_live_iot
2022-03-13,162,valid,7.0,31.0,False,2022-03-14,171.70972712372074,routine_observation,historical_replay_not_live_iot
2022-03-14,170,valid,8.0,31.0,False,2022-03-15,176.75936489685705,routine_observation,historical_replay_not_live_iot
2022-03-15,212,valid,42.0,31.0,True,2022-03-16,227.35551679038994,check_measurement_and_context_manually,historical_replay_not_live_iot
2022-03-16,207,valid,-5.0,31.0,False,2022-03-17,199.970983414003,routine_observation,historical_replay_not_live_iot
2022-03-17,178,valid,-29.0,31.0,False,2022-03-18,170.57608541731057,routine_observation,historical_replay_not_live_iot
2022-03-18,166,valid,-12.0,31.0,False,2022-03-19,170.12966394508413,routine_observation,historical_replay_not_live_iot
2022-03-19,152,valid,-14.0,31.0,False,2022-03-20,154.01732122441527,routine_observation,historical_replay_not_live_iot
2022-03-20,144,valid,-8.0,31.0,False,2022-03-21,148.62754363020758,routine_observation,historical_replay_not_live_iot
2022-03-21,179,valid,35.0,31.0,True,2022-03-22,197.36405099059718,check_measurement_and_context_manually,historical_replay_not_live_iot
2022-03-22,179,valid,0.0,31.0,False,2022-03-23,177.58416952138688,routine_observation,historical_replay_not_live_iot
2022-03-23,164,valid,-15.0,31.0,False,2022-03-24,162.0749782408578,routine_observation,historical_replay_not_live_iot
2022-03-24,181,valid,17.0,31.0,False,2022-03-25,192.6435448599669,routine_observation,historical_replay_not_live_iot
2022-03-25,169,valid,-12.0,31.0,False,2022-03-26,165.57176795775803,routine_observation,historical_replay_not_live_iot
2022-03-26,155,valid,-14.0,31.0,False,2022-03-27,155.33968176088484,routine_observation,historical_replay_not_live_iot
2022-03-27,196,valid,41.0,31.0,True,2022-03-28,215.78387921506314,check_measurement_and_context_manually,historical_replay_not_live_iot
2022-03-28,209,valid,13.0,31.0,False,2022-03-29,209.02850118888767,routine_observation,historical_replay_not_live_iot
2022-03-29,248,valid,39.0,31.0,True,2022-03-30,258.0512268618868,check_measurement_and_context_manually,historical_replay_not_live_iot
2022-03-30,252,valid,4.0,31.0,False,2022-03-31,246.32431512744986,routine_observation,historical_replay_not_live_iot
2022-03-31,206,valid,-46.0,31.0,True,2022-04-01,189.80439110782544,check_measurement_and_context_manually,historical_replay_not_live_iot
2022-04-01,192,valid,-14.0,31.0,False,2022-04-02,196.6132609642941,routine_observation,historical_replay_not_live_iot
2022-04-02,191,valid,-1.0,31.0,False,2022-04-03,197.23318310415746,routine_observation,historical_replay_not_live_iot
2022-04-03,195,valid,4.0,31.0,False,2022-04-04,200.092038580078,routine_observation,historical_replay_not_live_iot
2022-04-04,185,valid,-10.0,31.0,False,2022-04-05,185.70129476765624,routine_observation,historical_replay_not_live_iot
2022-04-05,200,valid,15.0,31.0,False,2022-04-06,211.2607456865512,routine_observation,historical_replay_not_live_iot
2022-04-06,183,valid,-17.0,31.0,False,2022-04-07,178.73272645078663,routine_observation,historical_replay_not_live_iot
2022-04-07,174,valid,-9.0,31.0,False,2022-04-08,177.36890871753522,routine_observation,historical_replay_not_live_iot
2022-04-08,172,valid,-2.0,31.0,False,2022-04-09,177.42321709766497,routine_observation,historical_replay_not_live_iot
2022-04-09,179,valid,7.0,31.0,False,2022-04-10,185.98488793702694,routine_observation,historical_replay_not_live_iot
2022-04-10,193,valid,14.0,31.0,False,2022-04-11,199.77804256248666,routine_observation,historical_replay_not_live_iot
2022-04-11,199,valid,6.0,31.0,False,2022-04-12,201.7152928542926,routine_observation,historical_replay_not_live_iot
2022-04-12,188,valid,-11.0,31.0,False,2022-04-13,185.9755905808834,routine_observation,historical_replay_not_live_iot
2022-04-13,195,valid,7.0,31.0,False,2022-04-14,201.77060018781236,routine_observation,historical_replay_not_live_iot
2022-04-14,194,valid,-1.0,31.0,False,2022-04-15,195.3020704418689,routine_observation,historical_replay_not_live_iot
2022-04-15,210,valid,16.0,31.0,False,2022-04-16,217.521208123684,routine_observation,historical_replay_not_live_iot
2022-04-16,221,valid,11.0,31.0,False,2022-04-17,223.93390229200114,routine_observation,historical_replay_not_live_iot
2022-04-17,239,valid,18.0,31.0,False,2022-04-18,244.0501316047301,routine_observation,historical_replay_not_live_iot
2022-04-18,249,valid,10.0,31.0,False,2022-04-19,249.31169853387,routine_observation,historical_replay_not_live_iot
2022-04-19,263,valid,14.0,31.0,False,2022-04-20,265.3065035798006,routine_observation,historical_replay_not_live_iot
2022-04-20,277,valid,14.0,31.0,False,2022-04-21,278.00017049982284,routine_observation,historical_replay_not_live_iot
2022-04-21,285,valid,8.0,31.0,False,2022-04-22,283.721185915394,routine_observation,historical_replay_not_live_iot
2022-04-22,294,valid,9.0,31.0,False,2022-04-23,293.83774952905475,routine_observation,historical_replay_not_live_iot
2022-04-23,310,valid,16.0,31.0,False,2022-04-24,311.90205889429245,routine_observation,historical_replay_not_live_iot
2022-04-24,316,valid,6.0,31.0,False,2022-04-25,313.0493244313115,routine_observation,historical_replay_not_live_iot
2022-04-25,324,valid,8.0,31.0,False,2022-04-26,323.164090698692,routine_observation,historical_replay_not_live_iot
2022-04-26,325,valid,1.0,31.0,False,2022-04-27,321.89222409864885,routine_observation,historical_replay_not_live_iot
2022-04-27,331,valid,6.0,31.0,False,2022-04-28,330.62730493848045,routine_observation,historical_replay_not_live_iot
2022-04-28,332,valid,1.0,31.0,False,2022-04-29,329.33649767940574,routine_observation,historical_replay_not_live_iot
2022-04-29,334,valid,2.0,31.0,False,2022-04-30,332.70679153495917,routine_observation,historical_replay_not_live_iot
2022-04-30,333,valid,-1.0,31.0,False,2022-05-01,330.7971719119181,routine_observation,historical_replay_not_live_iot
2022-05-01,337,valid,4.0,31.0,False,2022-05-02,337.04020626621804,routine_observation,historical_replay_not_live_iot
2022-05-02,340,valid,3.0,31.0,False,2022-05-03,338.7742505928984,routine_observation,historical_replay_not_live_iot
2022-05-03,344,valid,4.0,31.0,False,2022-05-04,343.1156004867898,routine_observation,historical_replay_not_live_iot
2022-05-04,348,valid,4.0,31.0,False,2022-05-05,346.78266957278436,routine_observation,historical_replay_not_live_iot
2022-05-05,350,valid,2.0,31.0,False,2022-05-06,347.9852781684249,routine_observation,historical_replay_not_live_iot
2022-05-06,348,valid,-2.0,31.0,False,2022-05-07,344.9545280474573,routine_observation,historical_replay_not_live_iot
2022-05-07,349,valid,1.0,31.0,False,2022-05-08,347.77426333656234,routine_observation,historical_replay_not_live_iot
2022-05-08,352,valid,3.0,31.0,False,2022-05-09,350.98402434817575,routine_observation,historical_replay_not_live_iot
2022-05-09,357,valid,5.0,31.0,False,2022-05-10,356.1111775283795,routine_observation,historical_replay_not_live_iot
2022-05-10,366,valid,9.0,31.0,False,2022-05-11,365.7752459876232,routine_observation,historical_replay_not_live_iot
2022-05-11,363,valid,-3.0,31.0,False,2022-05-12,358.00784996143494,routine_observation,historical_replay_not_live_iot
2022-05-12,366,valid,3.0,31.0,False,2022-05-13,364.80719109117723,routine_observation,historical_replay_not_live_iot
2022-05-13,371,valid,5.0,31.0,False,2022-05-14,369.5525984716437,routine_observation,historical_replay_not_live_iot
2022-05-14,375,valid,4.0,31.0,False,2022-05-15,372.54229950009716,routine_observation,historical_replay_not_live_iot
2022-05-15,370,valid,-5.0,31.0,False,2022-05-16,364.846385178751,routine_observation,historical_replay_not_live_iot
2022-05-16,366,valid,-4.0,31.0,False,2022-05-17,363.18567379606105,routine_observation,historical_replay_not_live_iot
2022-05-17,359,valid,-7.0,31.0,False,2022-05-18,355.4392136054765,routine_observation,historical_replay_not_live_iot
2022-05-18,356,valid,-3.0,31.0,False,2022-05-19,354.5482232032115,routine_observation,historical_replay_not_live_iot
2022-05-19,349,valid,-7.0,31.0,False,2022-05-20,346.0425181632909,routine_observation,historical_replay_not_live_iot
2022-05-20,340,valid,-9.0,31.0,False,2022-05-21,337.5038727819424,routine_observation,historical_replay_not_live_iot
2022-05-21,336,valid,-4.0,31.0,False,2022-05-22,335.803846621051,routine_observation,historical_replay_not_live_iot
2022-05-22,338,valid,2.0,31.0,False,2022-05-23,338.9470691257581,routine_observation,historical_replay_not_live_iot
2022-05-23,342,valid,4.0,31.0,False,2022-05-24,342.13588994265535,routine_observation,historical_replay_not_live_iot
2022-05-24,325,valid,-17.0,31.0,False,2022-05-25,318.043151121664,routine_observation,historical_replay_not_live_iot
2022-05-25,319,valid,-6.0,31.0,False,2022-05-26,319.54641179243424,routine_observation,historical_replay_not_live_iot
2022-05-26,318,valid,-1.0,31.0,False,2022-05-27,318.80825803207654,routine_observation,historical_replay_not_live_iot
2022-05-27,317,valid,-1.0,31.0,False,2022-05-28,316.6125819658863,routine_observation,historical_replay_not_live_iot
2022-05-28,319,valid,2.0,31.0,False,2022-05-29,319.522702358557,routine_observation,historical_replay_not_live_iot
2022-05-29,312,valid,-7.0,31.0,False,2022-05-30,309.3558984197811,routine_observation,historical_replay_not_live_iot
2022-05-30,302,valid,-10.0,31.0,False,2022-05-31,299.7754021724296,routine_observation,historical_replay_not_live_iot
2022-05-31,295,valid,-7.0,31.0,False,2022-06-01,294.7631475591312,routine_observation,historical_replay_not_live_iot
2022-06-01,285,valid,-10.0,31.0,False,2022-06-02,283.7613072879643,routine_observation,historical_replay_not_live_iot
2022-06-02,277,valid,-8.0,31.0,False,2022-06-03,277.29370967777083,routine_observation,historical_replay_not_live_iot
2022-06-03,275,valid,-2.0,31.0,False,2022-06-04,277.3578084811144,routine_observation,historical_replay_not_live_iot
2022-06-04,275,valid,0.0,31.0,False,2022-06-05,276.8486807818963,routine_observation,historical_replay_not_live_iot
2022-06-05,274,valid,-1.0,31.0,False,2022-06-06,274.8093252033376,routine_observation,historical_replay_not_live_iot
2022-06-06,275,valid,1.0,31.0,False,2022-06-07,276.4161721807988,routine_observation,historical_replay_not_live_iot
2022-06-07,274,valid,-1.0,31.0,False,2022-06-08,274.1791156581116,routine_observation,historical_replay_not_live_iot
2022-06-08,276,valid,2.0,31.0,False,2022-06-09,277.1860707060106,routine_observation,historical_replay_not_live_iot
2022-06-09,278,valid,2.0,31.0,False,2022-06-10,278.5598462058681,routine_observation,historical_replay_not_live_iot
2022-06-10,275,valid,-3.0,31.0,False,2022-06-11,273.8524390834707,routine_observation,historical_replay_not_live_iot
2022-06-11,282,valid,7.0,31.0,False,2022-06-12,284.8208881426938,routine_observation,historical_replay_not_live_iot
2022-06-12,294,valid,12.0,31.0,False,2022-06-13,296.42425326602375,routine_observation,historical_replay_not_live_iot
2022-06-13,288,valid,-6.0,31.0,False,2022-06-14,283.2108131426463,routine_observation,historical_replay_not_live_iot
2022-06-14,281,valid,-7.0,31.0,False,2022-06-15,279.14671266041836,routine_observation,historical_replay_not_live_iot
2022-06-15,280,valid,-1.0,31.0,False,2022-06-16,280.978345097214,routine_observation,historical_replay_not_live_iot
2022-06-16,286,valid,6.0,31.0,False,2022-06-17,288.0202780343413,routine_observation,historical_replay_not_live_iot
2022-06-17,298,valid,12.0,31.0,False,2022-06-18,300.3583584361775,routine_observation,historical_replay_not_live_iot
2022-06-18,306,valid,8.0,31.0,False,2022-06-19,305.6869720050113,routine_observation,historical_replay_not_live_iot
2022-06-19,308,valid,2.0,31.0,False,2022-06-20,305.79876463403616,routine_observation,historical_replay_not_live_iot
2022-06-20,314,valid,6.0,31.0,False,2022-06-21,313.7729922111323,routine_observation,historical_replay_not_live_iot
2022-06-21,319,valid,5.0,31.0,False,2022-06-22,317.54308816064383,routine_observation,historical_replay_not_live_iot
2022-06-22,312,valid,-7.0,31.0,False,2022-06-23,306.820122628116,routine_observation,historical_replay_not_live_iot
2022-06-23,305,valid,-7.0,31.0,False,2022-06-24,302.5128795080941,routine_observation,historical_replay_not_live_iot
2022-06-24,302,valid,-3.0,31.0,False,2022-06-25,301.580265268278,routine_observation,historical_replay_not_live_iot
2022-06-25,301,valid,-1.0,31.0,False,2022-06-26,300.6863007029392,routine_observation,historical_replay_not_live_iot
2022-06-26,297,valid,-4.0,31.0,False,2022-06-27,295.554114970155,routine_observation,historical_replay_not_live_iot
2022-06-27,287,valid,-10.0,31.0,False,2022-06-28,284.561645087998,routine_observation,historical_replay_not_live_iot
2022-06-28,280,valid,-7.0,31.0,False,2022-06-29,279.88423453503924,routine_observation,historical_replay_not_live_iot
2022-06-29,275,valid,-5.0,31.0,False,2022-06-30,275.30425835841646,routine_observation,historical_replay_not_live_iot
2022-06-30,273,valid,-2.0,31.0,False,2022-07-01,273.9755212515529,routine_observation,historical_replay_not_live_iot
2022-07-01,270,valid,-3.0,31.0,False,2022-07-02,270.2160860732335,routine_observation,historical_replay_not_live_iot
2022-07-02,275,valid,5.0,31.0,False,2022-07-03,277.7921353586241,routine_observation,historical_replay_not_live_iot
2022-07-03,271,valid,-4.0,31.0,False,2022-07-04,269.2273746559233,routine_observation,historical_replay_not_live_iot
2022-07-04,269,valid,-2.0,31.0,False,2022-07-05,269.1443822086452,routine_observation,historical_replay_not_live_iot
2022-07-05,269,valid,0.0,31.0,False,2022-07-06,269.5978074018771,routine_observation,historical_replay_not_live_iot
2022-07-06,266,valid,-3.0,31.0,False,2022-07-07,265.2260307130313,routine_observation,historical_replay_not_live_iot
2022-07-07,269,valid,3.0,31.0,False,2022-07-08,270.53944617630845,routine_observation,historical_replay_not_live_iot
2022-07-08,266,valid,-3.0,31.0,False,2022-07-09,264.7769342675614,routine_observation,historical_replay_not_live_iot
2022-07-09,262,valid,-4.0,31.0,False,2022-07-10,261.3560725585315,routine_observation,historical_replay_not_live_iot
2022-07-10,260,valid,-2.0,31.0,False,2022-07-11,260.41996894139373,routine_observation,historical_replay_not_live_iot
2022-07-11,256,valid,-4.0,31.0,False,2022-07-12,255.59262182646378,routine_observation,historical_replay_not_live_iot
2022-07-12,253,valid,-3.0,31.0,False,2022-07-13,253.28498653802575,routine_observation,historical_replay_not_live_iot
2022-07-13,252,valid,-1.0,31.0,False,2022-07-14,253.01208531914915,routine_observation,historical_replay_not_live_iot
2022-07-14,255,valid,3.0,31.0,False,2022-07-15,256.82315209100597,routine_observation,historical_replay_not_live_iot
2022-07-15,253,valid,-2.0,31.0,False,2022-07-16,252.31702080262446,routine_observation,historical_replay_not_live_iot
2022-07-16,248,valid,-5.0,31.0,False,2022-07-17,247.19057848935606,routine_observation,historical_replay_not_live_iot
2022-07-17,238,valid,-10.0,31.0,False,2022-07-18,236.44855049058899,routine_observation,historical_replay_not_live_iot
2022-07-18,245,valid,7.0,31.0,False,2022-07-19,249.9116215697023,routine_observation,historical_replay_not_live_iot
2022-07-19,239,valid,-6.0,31.0,False,2022-07-20,236.85130322658927,routine_observation,historical_replay_not_live_iot
2022-07-20,227,valid,-12.0,31.0,False,2022-07-21,225.18084427797527,routine_observation,historical_replay_not_live_iot
2022-07-21,226,valid,-1.0,31.0,False,2022-07-22,229.4269235940623,routine_observation,historical_replay_not_live_iot
2022-07-22,226,valid,0.0,31.0,False,2022-07-23,227.94282409406978,routine_observation,historical_replay_not_live_iot
2022-07-23,233,valid,7.0,31.0,False,2022-07-24,236.3076999371153,routine_observation,historical_replay_not_live_iot
2022-07-24,242,valid,9.0,31.0,False,2022-07-25,244.56555066316838,routine_observation,historical_replay_not_live_iot
2022-07-25,250,valid,8.0,31.0,False,2022-07-26,251.11639968628893,routine_observation,historical_replay_not_live_iot
2022-07-26,255,valid,5.0,31.0,False,2022-07-27,254.54373635265506,routine_observation,historical_replay_not_live_iot
2022-07-27,257,valid,2.0,31.0,False,2022-07-28,255.82909838889358,routine_observation,historical_replay_not_live_iot
2022-07-28,241,valid,-16.0,31.0,False,2022-07-29,234.8014446906532,routine_observation,historical_replay_not_live_iot
2022-07-29,241,valid,0.0,31.0,False,2022-07-30,243.694012655409,routine_observation,historical_replay_not_live_iot
2022-07-30,241,valid,0.0,31.0,False,2022-07-31,241.67566633019504,routine_observation,historical_replay_not_live_iot
2022-07-31,237,valid,-4.0,31.0,False,2022-08-01,236.25220202903458,routine_observation,historical_replay_not_live_iot
2022-08-01,228,valid,-9.0,31.0,False,2022-08-02,226.77628556783523,routine_observation,historical_replay_not_live_iot
2022-08-02,227,valid,-1.0,31.0,False,2022-08-03,229.67947148843032,routine_observation,historical_replay_not_live_iot
2022-08-03,223,valid,-4.0,31.0,False,2022-08-04,223.14638248654424,routine_observation,historical_replay_not_live_iot
2022-08-04,219,valid,-4.0,31.0,False,2022-08-05,219.64731746273202,routine_observation,historical_replay_not_live_iot
2022-08-05,215,valid,-4.0,31.0,False,2022-08-06,215.94629815069754,routine_observation,historical_replay_not_live_iot
2022-08-06,206,valid,-9.0,31.0,False,2022-08-07,205.54058694883688,routine_observation,historical_replay_not_live_iot
2022-08-07,204,valid,-2.0,31.0,False,2022-08-08,206.70515514960337,routine_observation,historical_replay_not_live_iot
2022-08-08,203,valid,-1.0,31.0,False,2022-08-09,205.0419372700798,routine_observation,historical_replay_not_live_iot
2022-08-09,202,valid,-1.0,31.0,False,2022-08-10,203.63892847850312,routine_observation,historical_replay_not_live_iot
2022-08-10,204,valid,2.0,31.0,False,2022-08-11,206.4714528059409,routine_observation,historical_replay_not_live_iot
2022-08-11,205,valid,1.0,31.0,False,2022-08-12,206.45634668071634,routine_observation,historical_replay_not_live_iot
2022-08-12,210,valid,5.0,31.0,False,2022-08-13,212.4355067357426,routine_observation,historical_replay_not_live_iot
2022-08-13,208,valid,-2.0,31.0,False,2022-08-14,207.34138452039522,routine_observation,historical_replay_not_live_iot
2022-08-14,203,valid,-5.0,31.0,False,2022-08-15,202.5577616380423,routine_observation,historical_replay_not_live_iot
2022-08-15,196,valid,-7.0,31.0,False,2022-08-16,195.83984650989566,routine_observation,historical_replay_not_live_iot
2022-08-16,195,valid,-1.0,31.0,False,2022-08-17,197.45380057670337,routine_observation,historical_replay_not_live_iot
2022-08-17,201,valid,6.0,31.0,False,2022-08-18,204.67024280419778,routine_observation,historical_replay_not_live_iot
2022-08-18,223,valid,22.0,31.0,False,2022-08-19,230.00109697168728,routine_observation,historical_replay_not_live_iot
2022-08-19,214,valid,-9.0,31.0,False,2022-08-20,207.57907073906753,routine_observation,historical_replay_not_live_iot
2022-08-20,187,valid,-27.0,31.0,False,2022-08-21,180.25203517760704,routine_observation,historical_replay_not_live_iot
2022-08-21,181,valid,-6.0,31.0,False,2022-08-22,185.58107698476678,routine_observation,historical_replay_not_live_iot
2022-08-22,181,valid,0.0,31.0,False,2022-08-23,184.54405061254727,routine_observation,historical_replay_not_live_iot
2022-08-23,180,valid,-1.0,31.0,False,2022-08-24,181.8318247348133,routine_observation,historical_replay_not_live_iot
2022-08-24,181,valid,1.0,31.0,False,2022-08-25,184.19441035277072,routine_observation,historical_replay_not_live_iot
2022-08-25,185,valid,4.0,31.0,False,2022-08-26,188.54852413036102,routine_observation,historical_replay_not_live_iot
2022-08-26,188,valid,3.0,31.0,False,2022-08-27,189.71981339051376,routine_observation,historical_replay_not_live_iot
2022-08-27,187,valid,-1.0,31.0,False,2022-08-28,187.25890927003155,routine_observation,historical_replay_not_live_iot
2022-08-28,188,valid,1.0,31.0,False,2022-08-29,189.58970210600768,routine_observation,historical_replay_not_live_iot
2022-08-29,191,valid,3.0,31.0,False,2022-08-30,192.84818302072466,routine_observation,historical_replay_not_live_iot
2022-08-30,200,valid,9.0,31.0,False,2022-08-31,203.10877227680928,routine_observation,historical_replay_not_live_iot
2022-08-31,204,valid,4.0,31.0,False,2022-09-01,204.1585405128123,routine_observation,historical_replay_not_live_iot
2022-09-01,206,valid,2.0,31.0,False,2022-09-02,206.09171330625944,routine_observation,historical_replay_not_live_iot
2022-09-02,219,valid,13.0,31.0,False,2022-09-03,222.7096907479521,routine_observation,historical_replay_not_live_iot
2022-09-03,211,valid,-8.0,31.0,False,2022-09-04,205.87353643826327,routine_observation,historical_replay_not_live_iot
2022-09-04,199,valid,-12.0,31.0,False,2022-09-05,196.35353324880265,routine_observation,historical_replay_not_live_iot
2022-09-05,201,valid,2.0,31.0,False,2022-09-06,204.63503029742157,routine_observation,historical_replay_not_live_iot
2022-09-06,187,valid,-14.0,31.0,False,2022-09-07,183.52215524182907,routine_observation,historical_replay_not_live_iot
2022-09-07,196,valid,9.0,31.0,False,2022-09-08,202.55718040374197,routine_observation,historical_replay_not_live_iot
2022-09-08,201,valid,5.0,31.0,False,2022-09-09,202.83516996398825,routine_observation,historical_replay_not_live_iot
2022-09-09,206,valid,5.0,31.0,False,2022-09-10,207.4434808810562,routine_observation,historical_replay_not_live_iot
2022-09-10,191,valid,-15.0,31.0,False,2022-09-11,185.9162247548932,routine_observation,historical_replay_not_live_iot
2022-09-11,178,valid,-13.0,31.0,False,2022-09-12,177.70844338487842,routine_observation,historical_replay_not_live_iot
2022-09-12,186,valid,8.0,31.0,False,2022-09-13,192.46615340483197,routine_observation,historical_replay_not_live_iot
2022-09-13,194,valid,8.0,31.0,False,2022-09-14,196.7013944640349,routine_observation,historical_replay_not_live_iot
2022-09-14,200,valid,6.0,31.0,False,2022-09-15,201.29609560915588,routine_observation,historical_replay_not_live_iot
2022-09-15,197,valid,-3.0,31.0,False,2022-09-16,195.7892510095018,routine_observation,historical_replay_not_live_iot
2022-09-16,207,valid,10.0,31.0,False,2022-09-17,211.002210534058,routine_observation,historical_replay_not_live_iot
2022-09-17,207,valid,0.0,31.0,False,2022-09-18,205.0892267918861,routine_observation,historical_replay_not_live_iot
2022-09-18,206,valid,-1.0,31.0,False,2022-09-19,205.30615589420594,routine_observation,historical_replay_not_live_iot
2022-09-19,210,valid,4.0,31.0,False,2022-09-20,211.4914643574519,routine_observation,historical_replay_not_live_iot
2022-09-20,200,valid,-10.0,31.0,False,2022-09-21,196.38175538738295,routine_observation,historical_replay_not_live_iot
2022-09-21,193,valid,-7.0,31.0,False,2022-09-22,192.90850912115002,routine_observation,historical_replay_not_live_iot
2022-09-22,192,valid,-1.0,31.0,False,2022-09-23,194.21590225086015,routine_observation,historical_replay_not_live_iot
2022-09-23,198,valid,6.0,31.0,False,2022-09-24,201.28803919093122,routine_observation,historical_replay_not_live_iot
2022-09-24,190,valid,-8.0,31.0,False,2022-09-25,187.39956415790013,routine_observation,historical_replay_not_live_iot
2022-09-25,187,valid,-3.0,31.0,False,2022-09-26,188.63890278518355,routine_observation,historical_replay_not_live_iot
2022-09-26,210,valid,23.0,31.0,False,2022-09-27,218.89428705298224,routine_observation,historical_replay_not_live_iot
2022-09-27,213,valid,3.0,31.0,False,2022-09-28,209.94978931129506,routine_observation,historical_replay_not_live_iot
2022-09-28,202,valid,-11.0,31.0,False,2022-09-29,197.2136986332951,routine_observation,historical_replay_not_live_iot
2022-09-29,208,valid,6.0,31.0,False,2022-09-30,211.95558492208426,routine_observation,historical_replay_not_live_iot
2022-09-30,192,valid,-16.0,31.0,False,2022-10-01,186.22602667085465,routine_observation,historical_replay_not_live_iot
2022-10-01,188,valid,-4.0,31.0,False,2022-10-02,189.78647878527528,routine_observation,historical_replay_not_live_iot
2022-10-02,198,valid,10.0,31.0,False,2022-10-03,203.43549972104285,routine_observation,historical_replay_not_live_iot
2022-10-03,218,valid,20.0,31.0,False,2022-10-04,223.37515391221802,routine_observation,historical_replay_not_live_iot
2022-10-04,205,valid,-13.0,31.0,False,2022-10-05,197.03554785501348,routine_observation,historical_replay_not_live_iot
2022-10-05,203,valid,-2.0,31.0,False,2022-10-06,204.51335559485338,routine_observation,historical_replay_not_live_iot
2022-10-06,191,valid,-12.0,31.0,False,2022-10-07,188.1222153369352,routine_observation,historical_replay_not_live_iot
2022-10-07,180,valid,-11.0,31.0,False,2022-10-08,179.26177796131824,routine_observation,historical_replay_not_live_iot
2022-10-08,184,valid,4.0,31.0,False,2022-10-09,188.7184557176524,routine_observation,historical_replay_not_live_iot
2022-10-09,180,valid,-4.0,31.0,False,2022-10-10,180.15760952444558,routine_observation,historical_replay_not_live_iot
2022-10-10,188,valid,8.0,31.0,False,2022-10-11,192.61581302160565,routine_observation,historical_replay_not_live_iot
2022-10-11,185,valid,-3.0,31.0,False,2022-10-12,184.06404978054152,routine_observation,historical_replay_not_live_iot
2022-10-12,197,valid,12.0,31.0,False,2022-10-13,201.9616433611047,routine_observation,historical_replay_not_live_iot
2022-10-13,205,valid,8.0,31.0,False,2022-10-14,205.5753763877174,routine_observation,historical_replay_not_live_iot
2022-10-14,201,valid,-4.0,31.0,False,2022-10-15,197.915728092681,routine_observation,historical_replay_not_live_iot
2022-10-15,193,valid,-8.0,31.0,False,2022-10-16,190.8943558960429,routine_observation,historical_replay_not_live_iot
2022-10-16,173,valid,-20.0,31.0,False,2022-10-17,168.86516715015227,routine_observation,historical_replay_not_live_iot
2022-10-17,164,valid,-9.0,31.0,False,2022-10-18,166.2166696237912,routine_observation,historical_replay_not_live_iot
2022-10-18,167,valid,3.0,31.0,False,2022-10-19,172.11100447047,routine_observation,historical_replay_not_live_iot
2022-10-19,191,valid,24.0,31.0,False,2022-10-20,200.267387276161,routine_observation,historical_replay_not_live_iot
2022-10-20,194,valid,3.0,31.0,False,2022-10-21,191.8010579873381,routine_observation,historical_replay_not_live_iot
2022-10-21,189,valid,-5.0,31.0,False,2022-10-22,187.04755211856966,routine_observation,historical_replay_not_live_iot
2022-10-22,205,valid,16.0,31.0,False,2022-10-23,210.9667465998385,routine_observation,historical_replay_not_live_iot
2022-10-23,192,valid,-13.0,31.0,False,2022-10-24,184.73633330294604,routine_observation,historical_replay_not_live_iot
2022-10-24,196,valid,4.0,31.0,False,2022-10-25,198.88835206329495,routine_observation,historical_replay_not_live_iot
2022-10-25,200,valid,4.0,31.0,False,2022-10-26,201.24769552414745,routine_observation,historical_replay_not_live_iot
2022-10-26,189,valid,-11.0,31.0,False,2022-10-27,185.13725629946535,routine_observation,historical_replay_not_live_iot
2022-10-27,187,valid,-2.0,31.0,False,2022-10-28,188.7952639545055,routine_observation,historical_replay_not_live_iot
2022-10-28,184,valid,-3.0,31.0,False,2022-10-29,184.9491274820997,routine_observation,historical_replay_not_live_iot
2022-10-29,174,valid,-10.0,31.0,False,2022-10-30,172.55310597719398,routine_observation,historical_replay_not_live_iot
2022-10-30,183,valid,9.0,31.0,False,2022-10-31,189.14711190794094,routine_observation,historical_replay_not_live_iot
2022-10-31,224,valid,41.0,31.0,True,2022-11-01,236.48342283771194,check_measurement_and_context_manually,historical_replay_not_live_iot
2022-11-01,228,valid,4.0,31.0,False,2022-11-02,221.02094983989605,routine_observation,historical_replay_not_live_iot
2022-11-02,219,valid,-9.0,31.0,False,2022-11-03,213.230384394946,routine_observation,historical_replay_not_live_iot
2022-11-03,219,valid,0.0,31.0,False,2022-11-04,219.44494036634043,routine_observation,historical_replay_not_live_iot
2022-11-04,209,valid,-10.0,31.0,False,2022-11-05,204.84923149892802,routine_observation,historical_replay_not_live_iot
2022-11-05,201,valid,-8.0,31.0,False,2022-11-06,199.57342949136282,routine_observation,historical_replay_not_live_iot
2022-11-06,185,valid,-16.0,31.0,False,2022-11-07,182.67205748346072,routine_observation,historical_replay_not_live_iot
2022-11-07,173,valid,-12.0,31.0,False,2022-11-08,174.15660717271405,routine_observation,historical_replay_not_live_iot
2022-11-08,179,valid,6.0,31.0,False,2022-11-09,185.54168935194338,routine_observation,historical_replay_not_live_iot
2022-11-09,180,valid,1.0,31.0,False,2022-11-10,181.66127269442575,routine_observation,historical_replay_not_live_iot
2022-11-10,178,valid,-2.0,31.0,False,2022-11-11,178.869779817482,routine_observation,historical_replay_not_live_iot
2022-11-11,180,valid,2.0,31.0,False,2022-11-12,182.6613537177934,routine_observation,historical_replay_not_live_iot
2022-11-12,185,valid,5.0,31.0,False,2022-11-13,187.44089163608106,routine_observation,historical_replay_not_live_iot
2022-11-13,224,valid,39.0,31.0,True,2022-11-14,235.4916235312412,check_measurement_and_context_manually,historical_replay_not_live_iot
2022-11-14,221,valid,-3.0,31.0,False,2022-11-15,212.16672266709392,routine_observation,historical_replay_not_live_iot
2022-11-15,200,valid,-21.0,31.0,False,2022-11-16,192.08002197531803,routine_observation,historical_replay_not_live_iot
2022-11-16,199,valid,-1.0,31.0,False,2022-11-17,202.2272801197732,routine_observation,historical_replay_not_live_iot
2022-11-17,204,valid,5.0,31.0,False,2022-11-18,206.16364075431792,routine_observation,historical_replay_not_live_iot
2022-11-18,192,valid,-12.0,31.0,False,2022-11-19,187.32268624162646,routine_observation,historical_replay_not_live_iot
2022-11-19,188,valid,-4.0,31.0,False,2022-11-20,190.2282634832394,routine_observation,historical_replay_not_live_iot
2022-11-20,194,valid,6.0,31.0,False,2022-11-21,198.53324258799424,routine_observation,historical_replay_not_live_iot
2022-11-21,195,valid,1.0,31.0,False,2022-11-22,195.24550020104633,routine_observation,historical_replay_not_live_iot
2022-11-22,192,valid,-3.0,31.0,False,2022-11-23,191.56762497035857,routine_observation,historical_replay_not_live_iot
2022-11-23,187,valid,-5.0,31.0,False,2022-11-24,187.10760944262475,routine_observation,historical_replay_not_live_iot
2022-11-24,190,valid,3.0,31.0,False,2022-11-25,192.89212553317714,routine_observation,historical_replay_not_live_iot
2022-11-25,186,valid,-4.0,31.0,False,2022-11-26,185.21661326670787,routine_observation,historical_replay_not_live_iot
2022-11-26,172,valid,-14.0,31.0,False,2022-11-27,169.5630733937811,routine_observation,historical_replay_not_live_iot
2022-11-27,168,valid,-4.0,31.0,False,2022-11-28,171.2318571896375,routine_observation,historical_replay_not_live_iot
2022-11-28,166,valid,-2.0,31.0,False,2022-11-29,168.56522038698952,routine_observation,historical_replay_not_live_iot
2022-11-29,169,valid,3.0,31.0,False,2022-11-30,172.4719361631443,routine_observation,historical_replay_not_live_iot
2022-11-30,172,valid,3.0,31.0,False,2022-12-01,174.57059044975864,routine_observation,historical_replay_not_live_iot
2022-12-01,172,valid,0.0,31.0,False,2022-12-02,173.32554933439687,routine_observation,historical_replay_not_live_iot
2022-12-02,166,valid,-6.0,31.0,False,2022-12-03,165.64947253758453,routine_observation,historical_replay_not_live_iot
2022-12-03,164,valid,-2.0,31.0,False,2022-12-04,166.15187458367342,routine_observation,historical_replay_not_live_iot
2022-12-04,163,valid,-1.0,31.0,False,2022-12-05,164.9870186185613,routine_observation,historical_replay_not_live_iot
2022-12-05,162,valid,-1.0,31.0,False,2022-12-06,163.86487015745536,routine_observation,historical_replay_not_live_iot
2022-12-06,161,valid,-1.0,31.0,False,2022-12-07,163.007435188783,routine_observation,historical_replay_not_live_iot
2022-12-07,158,valid,-3.0,31.0,False,2022-12-08,159.49214662811497,routine_observation,historical_replay_not_live_iot
2022-12-08,159,valid,1.0,31.0,False,2022-12-09,162.04754654311856,routine_observation,historical_replay_not_live_iot
2022-12-09,160,valid,1.0,31.0,False,2022-12-10,162.34194673825112,routine_observation,historical_replay_not_live_iot
2022-12-10,162,valid,2.0,31.0,False,2022-12-11,164.4832554164131,routine_observation,historical_replay_not_live_iot
2022-12-11,165,valid,3.0,31.0,False,2022-12-12,167.5100578545246,routine_observation,historical_replay_not_live_iot
2022-12-12,167,valid,2.0,31.0,False,2022-12-13,168.84993226975024,routine_observation,historical_replay_not_live_iot
2022-12-13,166,valid,-1.0,31.0,False,2022-12-14,166.90683022597213,routine_observation,historical_replay_not_live_iot
2022-12-14,164,valid,-2.0,31.0,False,2022-12-15,165.22134931796185,routine_observation,historical_replay_not_live_iot
2022-12-15,164,valid,0.0,31.0,False,2022-12-16,166.20678450944672,routine_observation,historical_replay_not_live_iot
2022-12-16,164,valid,0.0,31.0,False,2022-12-17,165.95972070833665,routine_observation,historical_replay_not_live_iot
2022-12-17,167,valid,3.0,31.0,False,2022-12-18,169.9150328180547,routine_observation,historical_replay_not_live_iot
2022-12-18,168,valid,1.0,31.0,False,2022-12-19,169.73282822710297,routine_observation,historical_replay_not_live_iot
2022-12-19,174,valid,6.0,31.0,False,2022-12-20,177.4425762842012,routine_observation,historical_replay_not_live_iot
2022-12-20,174,valid,0.0,31.0,False,2022-12-21,174.48992881431667,routine_observation,historical_replay_not_live_iot
2022-12-21,176,valid,2.0,31.0,False,2022-12-22,177.98020555909895,routine_observation,historical_replay_not_live_iot
2022-12-22,182,valid,6.0,31.0,False,2022-12-23,184.9071578003902,routine_observation,historical_replay_not_live_iot
2022-12-23,180,valid,-2.0,31.0,False,2022-12-24,179.54090683154624,routine_observation,historical_replay_not_live_iot
2022-12-24,182,valid,2.0,31.0,False,2022-12-25,184.12143775130482,routine_observation,historical_replay_not_live_iot
2022-12-25,183,valid,1.0,31.0,False,2022-12-26,184.42972406971532,routine_observation,historical_replay_not_live_iot
2022-12-26,180,valid,-3.0,31.0,False,2022-12-27,180.23496656857768,routine_observation,historical_replay_not_live_iot
2022-12-27,178,valid,-2.0,31.0,False,2022-12-28,179.45501180894888,routine_observation,historical_replay_not_live_iot
2022-12-28,177,valid,-1.0,31.0,False,2022-12-29,178.9857983900187,routine_observation,historical_replay_not_live_iot
2022-12-29,179,valid,2.0,31.0,False,2022-12-30,181.7094651275541,routine_observation,historical_replay_not_live_iot
2022-12-30,181,valid,2.0,31.0,False,2022-12-31,183.15909154394694,routine_observation,historical_replay_not_live_iot
2022-12-31,183,valid,2.0,31.0,False,2023-01-01,185.04351805255996,routine_observation,historical_replay_not_live_iot
