target_time,forecast_origin_date,split
2018-01-08,2018-01-07,train
2018-01-09,2018-01-08,train
2018-01-10,2018-01-09,train
2018-01-11,2018-01-10,train
2018-01-12,2018-01-11,train
2018-01-13,2018-01-12,train
2018-01-14,2018-01-13,train
2018-01-15,2018-01-14,train
2018-01-16,2018-01-15,train
2018-01-17,2018-01-16,train
2018-01-18,2018-01-17,train
2018-01-19,2018-01-18,train
2018-01-20,2018-01-19,train
2018-01-21,2018-01-20,train
2018-01-22,2018-01-21,train
2018-01-23,2018-01-22,train
2018-01-24,2018-01-23,train
2018-01-25,2018-01-24,train
2018-01-26,2018-01-25,train
2018-01-27,2018-01-26,train
2018-01-28,2018-01-27,train
2018-01-29,2018-01-28,train
2018-01-30,2018-01-29,train
2018-01-31,2018-01-30,train
2018-02-01,2018-01-31,train
2018-02-02,2018-02-01,train
2018-02-03,2018-02-02,train
2018-02-04,2018-02-03,train
2018-02-05,2018-02-04,train
2018-02-06,2018-02-05,train
2018-02-07,2018-02-06,train
2018-02-08,2018-02-07,train
2018-02-09,2018-02-08,train
2018-02-10,2018-02-09,train
2018-02-11,2018-02-10,train
2018-02-12,2018-02-11,train
2018-02-13,2018-02-12,train
2018-02-14,2018-02-13,train
2018-02-15,2018-02-14,train
2018-02-16,2018-02-15,train
2018-02-17,2018-02-16,train
2018-02-18,2018-02-17,train
2018-02-19,2018-02-18,train
2018-02-20,2018-02-19,train
2018-02-21,2018-02-20,train
2018-02-22,2018-02-21,train
2018-02-23,2018-02-22,train
2018-02-24,2018-02-23,train
2018-02-25,2018-02-24,train
2018-02-26,2018-02-25,train
2018-02-27,2018-02-26,train
2018-02-28,2018-02-27,train
2018-03-01,2018-02-28,train
2018-03-02,2018-03-01,train
2018-03-03,2018-03-02,train
2018-03-04,2018-03-03,train
2018-03-05,2018-03-04,train
2018-03-06,2018-03-05,train
2018-03-07,2018-03-06,train
2018-03-08,2018-03-07,train
2018-03-09,2018-03-08,train
2018-03-10,2018-03-09,train
2018-03-11,2018-03-10,train
2018-03-12,2018-03-11,train
2018-03-13,2018-03-12,train
2018-03-14,2018-03-13,train
2018-03-15,2018-03-14,train
2018-03-16,2018-03-15,train
2018-03-17,2018-03-16,train
2018-03-18,2018-03-17,train
2018-03-19,2018-03-18,train
2018-03-20,2018-03-19,train
2018-03-21,2018-03-20,train
2018-03-22,2018-03-21,train
2018-03-23,2018-03-22,train
2018-03-24,2018-03-23,train
2018-03-25,2018-03-24,train
2018-03-26,2018-03-25,train
2018-03-27,2018-03-26,train
2018-03-28,2018-03-27,train
2018-03-29,2018-03-28,train
2018-03-30,2018-03-29,train
2018-03-31,2018-03-30,train
2018-04-01,2018-03-31,train
2018-04-02,2018-04-01,train
2018-04-03,2018-04-02,train
2018-04-04,2018-04-03,train
2018-04-05,2018-04-04,train
2018-04-06,2018-04-05,train
2018-04-07,2018-04-06,train
2018-04-08,2018-04-07,train
2018-04-09,2018-04-08,train
2018-04-10,2018-04-09,train
2018-04-11,2018-04-10,train
2018-04-12,2018-04-11,train
2018-04-13,2018-04-12,train
2018-04-14,2018-04-13,train
2018-04-15,2018-04-14,train
2018-04-16,2018-04-15,train
2018-04-17,2018-04-16,train
2018-04-18,2018-04-17,train
2018-04-19,2018-04-18,train
2018-04-20,2018-04-19,train
2018-04-21,2018-04-20,train
2018-04-22,2018-04-21,train
2018-04-23,2018-04-22,train
2018-04-24,2018-04-23,train
2018-04-25,2018-04-24,train
2018-04-26,2018-04-25,train
2018-04-27,2018-04-26,train
2018-04-28,2018-04-27,train
2018-04-29,2018-04-28,train
2018-04-30,2018-04-29,train
2018-05-01,2018-04-30,train
2018-05-02,2018-05-01,train
2018-05-03,2018-05-02,train
2018-05-04,2018-05-03,train
2018-05-05,2018-05-04,train
2018-05-06,2018-05-05,train
2018-05-07,2018-05-06,train
2018-05-08,2018-05-07,train
2018-05-09,2018-05-08,train
2018-05-10,2018-05-09,train
2018-05-11,2018-05-10,train
2018-05-12,2018-05-11,train
2018-05-13,2018-05-12,train
2018-05-14,2018-05-13,train
2018-05-15,2018-05-14,train
2018-05-16,2018-05-15,train
2018-05-17,2018-05-16,train
2018-05-18,2018-05-17,train
2018-05-19,2018-05-18,train
2018-05-20,2018-05-19,train
2018-05-21,2018-05-20,train
2018-05-22,2018-05-21,train
2018-05-23,2018-05-22,train
2018-05-24,2018-05-23,train
2018-05-25,2018-05-24,train
2018-05-26,2018-05-25,train
2018-05-27,2018-05-26,train
2018-05-28,2018-05-27,train
2018-05-29,2018-05-28,train
2018-05-30,2018-05-29,train
2018-05-31,2018-05-30,train
2018-06-01,2018-05-31,train
2018-06-02,2018-06-01,train
2018-06-03,2018-06-02,train
2018-06-04,2018-06-03,train
2018-06-05,2018-06-04,train
2018-06-06,2018-06-05,train
2018-06-07,2018-06-06,train
2018-06-08,2018-06-07,train
2018-06-09,2018-06-08,train
2018-06-10,2018-06-09,train
2018-06-11,2018-06-10,train
2018-06-12,2018-06-11,train
2018-06-13,2018-06-12,train
2018-06-14,2018-06-13,train
2018-06-15,2018-06-14,train
2018-06-16,2018-06-15,train
2018-06-17,2018-06-16,train
2018-06-18,2018-06-17,train
2018-06-19,2018-06-18,train
2018-06-20,2018-06-19,train
2018-06-21,2018-06-20,train
2018-06-22,2018-06-21,train
2018-06-23,2018-06-22,train
2018-06-24,2018-06-23,train
2018-06-25,2018-06-24,train
2018-06-26,2018-06-25,train
2018-06-27,2018-06-26,train
2018-06-28,2018-06-27,train
2018-06-29,2018-06-28,train
2018-06-30,2018-06-29,train
2018-07-01,2018-06-30,train
2018-07-02,2018-07-01,train
2018-07-03,2018-07-02,train
2018-07-04,2018-07-03,train
2018-07-05,2018-07-04,train
2018-07-06,2018-07-05,train
2018-07-07,2018-07-06,train
2018-07-08,2018-07-07,train
2018-07-09,2018-07-08,train
2018-07-10,2018-07-09,train
2018-07-11,2018-07-10,train
2018-07-12,2018-07-11,train
2018-07-13,2018-07-12,train
2018-07-14,2018-07-13,train
2018-07-15,2018-07-14,train
2018-07-16,2018-07-15,train
2018-07-17,2018-07-16,train
2018-07-18,2018-07-17,train
2018-07-19,2018-07-18,train
2018-07-20,2018-07-19,train
2018-07-21,2018-07-20,train
2018-07-22,2018-07-21,train
2018-07-23,2018-07-22,train
2018-07-24,2018-07-23,train
2018-07-25,2018-07-24,train
2018-07-26,2018-07-25,train
2018-07-27,2018-07-26,train
2018-07-28,2018-07-27,train
2018-07-29,2018-07-28,train
2018-07-30,2018-07-29,train
2018-07-31,2018-07-30,train
2018-08-01,2018-07-31,train
2018-08-02,2018-08-01,train
2018-08-03,2018-08-02,train
2018-08-04,2018-08-03,train
2018-08-05,2018-08-04,train
2018-08-06,2018-08-05,train
2018-08-07,2018-08-06,train
2018-08-08,2018-08-07,train
2018-08-09,2018-08-08,train
2018-08-10,2018-08-09,train
2018-08-11,2018-08-10,train
2018-08-12,2018-08-11,train
2018-08-13,2018-08-12,train
2018-08-14,2018-08-13,train
2018-08-15,2018-08-14,train
2018-08-16,2018-08-15,train
2018-08-17,2018-08-16,train
2018-08-18,2018-08-17,train
2018-08-19,2018-08-18,train
2018-08-20,2018-08-19,train
2018-08-21,2018-08-20,train
2018-08-22,2018-08-21,train
2018-08-23,2018-08-22,train
2018-08-24,2018-08-23,train
2018-08-25,2018-08-24,train
2018-08-26,2018-08-25,train
2018-08-27,2018-08-26,train
2018-08-28,2018-08-27,train
2018-08-29,2018-08-28,train
2018-08-30,2018-08-29,train
2018-08-31,2018-08-30,train
2018-09-01,2018-08-31,train
2018-09-02,2018-09-01,train
2018-09-03,2018-09-02,train
2018-09-04,2018-09-03,train
2018-09-05,2018-09-04,train
2018-09-06,2018-09-05,train
2018-09-07,2018-09-06,train
2018-09-08,2018-09-07,train
2018-09-09,2018-09-08,train
2018-09-10,2018-09-09,train
2018-09-11,2018-09-10,train
2018-09-12,2018-09-11,train
2018-09-13,2018-09-12,train
2018-09-14,2018-09-13,train
2018-09-15,2018-09-14,train
2018-09-16,2018-09-15,train
2018-09-17,2018-09-16,train
2018-09-18,2018-09-17,train
2018-09-19,2018-09-18,train
2018-09-20,2018-09-19,train
2018-09-21,2018-09-20,train
2018-09-22,2018-09-21,train
2018-09-23,2018-09-22,train
2018-09-24,2018-09-23,train
2018-09-25,2018-09-24,train
2018-09-26,2018-09-25,train
2018-09-27,2018-09-26,train
2018-09-28,2018-09-27,train
2018-09-29,2018-09-28,train
2018-09-30,2018-09-29,train
2018-10-01,2018-09-30,train
2018-10-02,2018-10-01,train
2018-10-03,2018-10-02,train
2018-10-04,2018-10-03,train
2018-10-05,2018-10-04,train
2018-10-06,2018-10-05,train
2018-10-07,2018-10-06,train
2018-10-08,2018-10-07,train
2018-10-09,2018-10-08,train
2018-10-10,2018-10-09,train
2018-10-11,2018-10-10,train
2018-10-12,2018-10-11,train
2018-10-13,2018-10-12,train
2018-10-14,2018-10-13,train
2018-10-15,2018-10-14,train
2018-10-16,2018-10-15,train
2018-10-17,2018-10-16,train
2018-10-18,2018-10-17,train
2018-10-19,2018-10-18,train
2018-10-20,2018-10-19,train
2018-10-21,2018-10-20,train
2018-10-22,2018-10-21,train
2018-10-23,2018-10-22,train
2018-10-24,2018-10-23,train
2018-10-25,2018-10-24,train
2018-10-26,2018-10-25,train
2018-10-27,2018-10-26,train
2018-10-28,2018-10-27,train
2018-10-29,2018-10-28,train
2018-10-30,2018-10-29,train
2018-10-31,2018-10-30,train
2018-11-01,2018-10-31,train
2018-11-02,2018-11-01,train
2018-11-03,2018-11-02,train
2018-11-04,2018-11-03,train
2018-11-05,2018-11-04,train
2018-11-06,2018-11-05,train
2018-11-07,2018-11-06,train
2018-11-08,2018-11-07,train
2018-11-09,2018-11-08,train
2018-11-10,2018-11-09,train
2018-11-11,2018-11-10,train
2018-11-12,2018-11-11,train
2018-11-13,2018-11-12,train
2018-11-14,2018-11-13,train
2018-11-15,2018-11-14,train
2018-11-16,2018-11-15,train
2018-11-17,2018-11-16,train
2018-11-18,2018-11-17,train
2018-11-19,2018-11-18,train
2018-11-20,2018-11-19,train
2018-11-21,2018-11-20,train
2018-11-22,2018-11-21,train
2018-11-23,2018-11-22,train
2018-11-24,2018-11-23,train
2018-11-25,2018-11-24,train
2018-11-26,2018-11-25,train
2018-11-27,2018-11-26,train
2018-11-28,2018-11-27,train
2018-11-29,2018-11-28,train
2018-11-30,2018-11-29,train
2018-12-01,2018-11-30,train
2018-12-02,2018-12-01,train
2018-12-03,2018-12-02,train
2018-12-04,2018-12-03,train
2018-12-05,2018-12-04,train
2018-12-06,2018-12-05,train
2018-12-07,2018-12-06,train
2018-12-08,2018-12-07,train
2018-12-09,2018-12-08,train
2018-12-10,2018-12-09,train
2018-12-11,2018-12-10,train
2018-12-12,2018-12-11,train
2018-12-13,2018-12-12,train
2018-12-14,2018-12-13,train
2018-12-15,2018-12-14,train
2018-12-16,2018-12-15,train
2018-12-17,2018-12-16,train
2018-12-18,2018-12-17,train
2018-12-19,2018-12-18,train
2018-12-20,2018-12-19,train
2018-12-21,2018-12-20,train
2018-12-22,2018-12-21,train
2018-12-23,2018-12-22,train
2018-12-24,2018-12-23,train
2018-12-25,2018-12-24,train
2018-12-26,2018-12-25,train
2018-12-27,2018-12-26,train
2018-12-28,2018-12-27,train
2018-12-29,2018-12-28,train
2018-12-30,2018-12-29,train
2018-12-31,2018-12-30,train
2019-01-01,2018-12-31,validation
2019-01-02,2019-01-01,validation
2019-01-03,2019-01-02,validation
2019-01-04,2019-01-03,validation
2019-01-05,2019-01-04,validation
2019-01-06,2019-01-05,validation
2019-01-07,2019-01-06,validation
2019-01-08,2019-01-07,validation
2019-01-09,2019-01-08,validation
2019-01-10,2019-01-09,validation
2019-01-11,2019-01-10,validation
2019-01-12,2019-01-11,validation
2019-01-13,2019-01-12,validation
2019-01-14,2019-01-13,validation
2019-01-15,2019-01-14,validation
2019-01-16,2019-01-15,validation
2019-01-17,2019-01-16,validation
2019-01-18,2019-01-17,validation
2019-01-19,2019-01-18,validation
2019-01-20,2019-01-19,validation
2019-01-21,2019-01-20,validation
2019-01-22,2019-01-21,validation
2019-01-23,2019-01-22,validation
2019-01-24,2019-01-23,validation
2019-01-25,2019-01-24,validation
2019-01-26,2019-01-25,validation
2019-01-27,2019-01-26,validation
2019-01-28,2019-01-27,validation
2019-01-29,2019-01-28,validation
2019-01-30,2019-01-29,validation
2019-01-31,2019-01-30,validation
2019-02-01,2019-01-31,validation
2019-02-02,2019-02-01,validation
2019-02-03,2019-02-02,validation
2019-02-04,2019-02-03,validation
2019-02-05,2019-02-04,validation
2019-02-06,2019-02-05,validation
2019-02-07,2019-02-06,validation
2019-02-08,2019-02-07,validation
2019-02-09,2019-02-08,validation
2019-02-10,2019-02-09,validation
2019-02-11,2019-02-10,validation
2019-02-12,2019-02-11,validation
2019-02-13,2019-02-12,validation
2019-02-14,2019-02-13,validation
2019-02-15,2019-02-14,validation
2019-02-16,2019-02-15,validation
2019-02-17,2019-02-16,validation
2019-02-18,2019-02-17,validation
2019-02-19,2019-02-18,validation
2019-02-20,2019-02-19,validation
2019-02-21,2019-02-20,validation
2019-02-22,2019-02-21,validation
2019-02-23,2019-02-22,validation
2019-02-24,2019-02-23,validation
2019-02-25,2019-02-24,validation
2019-02-26,2019-02-25,validation
2019-02-27,2019-02-26,validation
2019-02-28,2019-02-27,validation
2019-03-01,2019-02-28,validation
2019-03-02,2019-03-01,validation
2019-03-03,2019-03-02,validation
2019-03-04,2019-03-03,validation
2019-03-05,2019-03-04,validation
2019-03-06,2019-03-05,validation
2019-03-07,2019-03-06,validation
2019-03-08,2019-03-07,validation
2019-03-09,2019-03-08,validation
2019-03-10,2019-03-09,validation
2019-03-11,2019-03-10,validation
2019-03-12,2019-03-11,validation
2019-03-13,2019-03-12,validation
2019-03-14,2019-03-13,validation
2019-03-15,2019-03-14,validation
2019-03-16,2019-03-15,validation
2019-03-17,2019-03-16,validation
2019-03-18,2019-03-17,validation
2019-03-19,2019-03-18,validation
2019-03-20,2019-03-19,validation
2019-03-21,2019-03-20,validation
2019-03-22,2019-03-21,validation
2019-03-23,2019-03-22,validation
2019-03-24,2019-03-23,validation
2019-03-25,2019-03-24,validation
2019-03-26,2019-03-25,validation
2019-03-27,2019-03-26,validation
2019-03-28,2019-03-27,validation
2019-03-29,2019-03-28,validation
2019-03-30,2019-03-29,validation
2019-03-31,2019-03-30,validation
2019-04-01,2019-03-31,validation
2019-04-02,2019-04-01,validation
2019-04-03,2019-04-02,validation
2019-04-04,2019-04-03,validation
2019-04-05,2019-04-04,validation
2019-04-06,2019-04-05,validation
2019-04-07,2019-04-06,validation
2019-04-08,2019-04-07,validation
2019-04-09,2019-04-08,validation
2019-04-10,2019-04-09,validation
2019-04-11,2019-04-10,validation
2019-04-12,2019-04-11,validation
2019-04-13,2019-04-12,validation
2019-04-14,2019-04-13,validation
2019-04-15,2019-04-14,validation
2019-04-16,2019-04-15,validation
2019-04-17,2019-04-16,validation
2019-04-18,2019-04-17,validation
2019-04-19,2019-04-18,validation
2019-04-20,2019-04-19,validation
2019-04-21,2019-04-20,validation
2019-04-22,2019-04-21,validation
2019-04-23,2019-04-22,validation
2019-04-24,2019-04-23,validation
2019-04-25,2019-04-24,validation
2019-04-26,2019-04-25,validation
2019-04-27,2019-04-26,validation
2019-04-28,2019-04-27,validation
2019-04-29,2019-04-28,validation
2019-04-30,2019-04-29,validation
2019-05-01,2019-04-30,validation
2019-05-02,2019-05-01,validation
2019-05-03,2019-05-02,validation
2019-05-04,2019-05-03,validation
2019-05-05,2019-05-04,validation
2019-05-06,2019-05-05,validation
2019-05-07,2019-05-06,validation
2019-05-08,2019-05-07,validation
2019-05-09,2019-05-08,validation
2019-05-10,2019-05-09,validation
2019-05-11,2019-05-10,validation
2019-05-12,2019-05-11,validation
2019-05-13,2019-05-12,validation
2019-05-14,2019-05-13,validation
2019-05-15,2019-05-14,validation
2019-05-16,2019-05-15,validation
2019-05-17,2019-05-16,validation
2019-05-18,2019-05-17,validation
2019-05-19,2019-05-18,validation
2019-05-20,2019-05-19,validation
2019-05-21,2019-05-20,validation
2019-05-22,2019-05-21,validation
2019-05-23,2019-05-22,validation
2019-05-24,2019-05-23,validation
2019-05-25,2019-05-24,validation
2019-05-26,2019-05-25,validation
2019-05-27,2019-05-26,validation
2019-05-28,2019-05-27,validation
2019-05-29,2019-05-28,validation
2019-05-30,2019-05-29,validation
2019-05-31,2019-05-30,validation
2019-06-01,2019-05-31,validation
2019-06-02,2019-06-01,validation
2019-06-03,2019-06-02,validation
2019-06-04,2019-06-03,validation
2019-06-05,2019-06-04,validation
2019-06-06,2019-06-05,validation
2019-06-07,2019-06-06,validation
2019-06-08,2019-06-07,validation
2019-06-09,2019-06-08,validation
2019-06-10,2019-06-09,validation
2019-06-11,2019-06-10,validation
2019-06-12,2019-06-11,validation
2019-06-13,2019-06-12,validation
2019-06-14,2019-06-13,validation
2019-06-15,2019-06-14,validation
2019-06-16,2019-06-15,validation
2019-06-17,2019-06-16,validation
2019-06-18,2019-06-17,validation
2019-06-19,2019-06-18,validation
2019-06-20,2019-06-19,validation
2019-06-21,2019-06-20,validation
2019-06-22,2019-06-21,validation
2019-06-23,2019-06-22,validation
2019-06-24,2019-06-23,validation
2019-06-25,2019-06-24,validation
2019-06-26,2019-06-25,validation
2019-06-27,2019-06-26,validation
2019-06-28,2019-06-27,validation
2019-06-29,2019-06-28,validation
2019-06-30,2019-06-29,validation
2019-07-01,2019-06-30,validation
2019-07-02,2019-07-01,validation
2019-07-03,2019-07-02,validation
2019-07-04,2019-07-03,validation
2019-07-05,2019-07-04,validation
2019-07-06,2019-07-05,validation
2019-07-07,2019-07-06,validation
2019-07-08,2019-07-07,validation
2019-07-09,2019-07-08,validation
2019-07-10,2019-07-09,validation
2019-07-11,2019-07-10,validation
2019-07-12,2019-07-11,validation
2019-07-13,2019-07-12,validation
2019-07-14,2019-07-13,validation
2019-07-15,2019-07-14,validation
2019-07-16,2019-07-15,validation
2019-07-17,2019-07-16,validation
2019-07-18,2019-07-17,validation
2019-07-19,2019-07-18,validation
2019-07-20,2019-07-19,validation
2019-07-21,2019-07-20,validation
2019-07-22,2019-07-21,validation
2019-07-23,2019-07-22,validation
2019-07-24,2019-07-23,validation
2019-07-25,2019-07-24,validation
2019-07-26,2019-07-25,validation
2019-07-27,2019-07-26,validation
2019-07-28,2019-07-27,validation
2019-07-29,2019-07-28,validation
2019-07-30,2019-07-29,validation
2019-07-31,2019-07-30,validation
2019-08-01,2019-07-31,validation
2019-08-02,2019-08-01,validation
2019-08-03,2019-08-02,validation
2019-08-04,2019-08-03,validation
2019-08-05,2019-08-04,validation
2019-08-06,2019-08-05,validation
2019-08-07,2019-08-06,validation
2019-08-08,2019-08-07,validation
2019-08-09,2019-08-08,validation
2019-08-10,2019-08-09,validation
2019-08-11,2019-08-10,validation
2019-08-12,2019-08-11,validation
2019-08-13,2019-08-12,validation
2019-08-14,2019-08-13,validation
2019-08-15,2019-08-14,validation
2019-08-16,2019-08-15,validation
2019-08-17,2019-08-16,validation
2019-08-18,2019-08-17,validation
2019-08-19,2019-08-18,validation
2019-08-20,2019-08-19,validation
2019-08-21,2019-08-20,validation
2019-08-22,2019-08-21,validation
2019-08-23,2019-08-22,validation
2019-08-24,2019-08-23,validation
2019-08-25,2019-08-24,validation
2019-08-26,2019-08-25,validation
2019-08-27,2019-08-26,validation
2019-08-28,2019-08-27,validation
2019-08-29,2019-08-28,validation
2019-08-30,2019-08-29,validation
2019-08-31,2019-08-30,validation
2019-09-01,2019-08-31,validation
2019-09-02,2019-09-01,validation
2019-09-03,2019-09-02,validation
2019-09-04,2019-09-03,validation
2019-09-05,2019-09-04,validation
2019-09-06,2019-09-05,validation
2019-09-07,2019-09-06,validation
2019-09-08,2019-09-07,validation
2019-09-09,2019-09-08,validation
2019-09-10,2019-09-09,validation
2019-09-11,2019-09-10,validation
2019-09-12,2019-09-11,validation
2019-09-13,2019-09-12,validation
2019-09-14,2019-09-13,validation
2019-09-15,2019-09-14,validation
2019-09-16,2019-09-15,validation
2019-09-17,2019-09-16,validation
2019-09-18,2019-09-17,validation
2019-09-19,2019-09-18,validation
2019-09-20,2019-09-19,validation
2019-09-21,2019-09-20,validation
2019-09-22,2019-09-21,validation
2019-09-23,2019-09-22,validation
2019-09-24,2019-09-23,validation
2019-09-25,2019-09-24,validation
2019-09-26,2019-09-25,validation
2019-09-27,2019-09-26,validation
2019-09-28,2019-09-27,validation
2019-09-29,2019-09-28,validation
2019-09-30,2019-09-29,validation
2019-10-01,2019-09-30,validation
2019-10-02,2019-10-01,validation
2019-10-03,2019-10-02,validation
2019-10-04,2019-10-03,validation
2019-10-05,2019-10-04,validation
2019-10-06,2019-10-05,validation
2019-10-07,2019-10-06,validation
2019-10-08,2019-10-07,validation
2019-10-09,2019-10-08,validation
2019-10-10,2019-10-09,validation
2019-10-11,2019-10-10,validation
2019-10-12,2019-10-11,validation
2019-10-13,2019-10-12,validation
2019-10-14,2019-10-13,validation
2019-10-15,2019-10-14,validation
2019-10-16,2019-10-15,validation
2019-10-17,2019-10-16,validation
2019-10-18,2019-10-17,validation
2019-10-19,2019-10-18,validation
2019-10-20,2019-10-19,validation
2019-10-21,2019-10-20,validation
2019-10-22,2019-10-21,validation
2019-10-23,2019-10-22,validation
2019-10-24,2019-10-23,validation
2019-10-25,2019-10-24,validation
2019-10-26,2019-10-25,validation
2019-10-27,2019-10-26,validation
2019-10-28,2019-10-27,validation
2019-10-29,2019-10-28,validation
2019-10-30,2019-10-29,validation
2019-10-31,2019-10-30,validation
2019-11-01,2019-10-31,validation
2019-11-02,2019-11-01,validation
2019-11-03,2019-11-02,validation
2019-11-04,2019-11-03,validation
2019-11-05,2019-11-04,validation
2019-11-06,2019-11-05,validation
2019-11-07,2019-11-06,validation
2019-11-08,2019-11-07,validation
2019-11-09,2019-11-08,validation
2019-11-10,2019-11-09,validation
2019-11-11,2019-11-10,validation
2019-11-12,2019-11-11,validation
2019-11-13,2019-11-12,validation
2019-11-14,2019-11-13,validation
2019-11-15,2019-11-14,validation
2019-11-16,2019-11-15,validation
2019-11-17,2019-11-16,validation
2019-11-18,2019-11-17,validation
2019-11-19,2019-11-18,validation
2019-11-20,2019-11-19,validation
2019-11-21,2019-11-20,validation
2019-11-22,2019-11-21,validation
2019-11-23,2019-11-22,validation
2019-11-24,2019-11-23,validation
2019-11-25,2019-11-24,validation
2019-11-26,2019-11-25,validation
2019-11-27,2019-11-26,validation
2019-11-28,2019-11-27,validation
2019-11-29,2019-11-28,validation
2019-11-30,2019-11-29,validation
2019-12-01,2019-11-30,validation
2019-12-02,2019-12-01,validation
2019-12-03,2019-12-02,validation
2019-12-04,2019-12-03,validation
2019-12-05,2019-12-04,validation
2019-12-06,2019-12-05,validation
2019-12-07,2019-12-06,validation
2019-12-08,2019-12-07,validation
2019-12-09,2019-12-08,validation
2019-12-10,2019-12-09,validation
2019-12-11,2019-12-10,validation
2019-12-12,2019-12-11,validation
2019-12-13,2019-12-12,validation
2019-12-14,2019-12-13,validation
2019-12-15,2019-12-14,validation
2019-12-16,2019-12-15,validation
2019-12-17,2019-12-16,validation
2019-12-18,2019-12-17,validation
2019-12-19,2019-12-18,validation
2019-12-20,2019-12-19,validation
2019-12-21,2019-12-20,validation
2019-12-22,2019-12-21,validation
2019-12-23,2019-12-22,validation
2019-12-24,2019-12-23,validation
2019-12-25,2019-12-24,validation
2019-12-26,2019-12-25,validation
2019-12-27,2019-12-26,validation
2019-12-28,2019-12-27,validation
2019-12-29,2019-12-28,validation
2019-12-30,2019-12-29,validation
2019-12-31,2019-12-30,validation
2022-01-08,2022-01-07,test
2022-01-09,2022-01-08,test
2022-01-10,2022-01-09,test
2022-01-11,2022-01-10,test
2022-01-12,2022-01-11,test
2022-01-13,2022-01-12,test
2022-01-14,2022-01-13,test
2022-01-15,2022-01-14,test
2022-01-16,2022-01-15,test
2022-01-17,2022-01-16,test
2022-01-18,2022-01-17,test
2022-01-19,2022-01-18,test
2022-01-20,2022-01-19,test
2022-01-21,2022-01-20,test
2022-01-22,2022-01-21,test
2022-01-23,2022-01-22,test
2022-01-24,2022-01-23,test
2022-01-25,2022-01-24,test
2022-01-26,2022-01-25,test
2022-01-27,2022-01-26,test
2022-01-28,2022-01-27,test
2022-01-29,2022-01-28,test
2022-01-30,2022-01-29,test
2022-01-31,2022-01-30,test
2022-02-01,2022-01-31,test
2022-02-02,2022-02-01,test
2022-02-03,2022-02-02,test
2022-02-04,2022-02-03,test
2022-02-05,2022-02-04,test
2022-02-06,2022-02-05,test
2022-02-07,2022-02-06,test
2022-02-08,2022-02-07,test
2022-02-09,2022-02-08,test
2022-02-10,2022-02-09,test
2022-02-11,2022-02-10,test
2022-02-12,2022-02-11,test
2022-02-13,2022-02-12,test
2022-02-14,2022-02-13,test
2022-02-15,2022-02-14,test
2022-02-16,2022-02-15,test
2022-02-17,2022-02-16,test
2022-02-18,2022-02-17,test
2022-02-19,2022-02-18,test
2022-02-20,2022-02-19,test
2022-02-21,2022-02-20,test
2022-02-22,2022-02-21,test
2022-02-23,2022-02-22,test
2022-02-24,2022-02-23,test
2022-02-25,2022-02-24,test
2022-02-26,2022-02-25,test
2022-02-27,2022-02-26,test
2022-02-28,2022-02-27,test
2022-03-01,2022-02-28,test
2022-03-02,2022-03-01,test
2022-03-03,2022-03-02,test
2022-03-04,2022-03-03,test
2022-03-05,2022-03-04,test
2022-03-06,2022-03-05,test
2022-03-07,2022-03-06,test
2022-03-08,2022-03-07,test
2022-03-09,2022-03-08,test
2022-03-10,2022-03-09,test
2022-03-11,2022-03-10,test
2022-03-12,2022-03-11,test
2022-03-13,2022-03-12,test
2022-03-14,2022-03-13,test
2022-03-15,2022-03-14,test
2022-03-16,2022-03-15,test
2022-03-17,2022-03-16,test
2022-03-18,2022-03-17,test
2022-03-19,2022-03-18,test
2022-03-20,2022-03-19,test
2022-03-21,2022-03-20,test
2022-03-22,2022-03-21,test
2022-03-23,2022-03-22,test
2022-03-24,2022-03-23,test
2022-03-25,2022-03-24,test
2022-03-26,2022-03-25,test
2022-03-27,2022-03-26,test
2022-03-28,2022-03-27,test
2022-03-29,2022-03-28,test
2022-03-30,2022-03-29,test
2022-03-31,2022-03-30,test
2022-04-01,2022-03-31,test
2022-04-02,2022-04-01,test
2022-04-03,2022-04-02,test
2022-04-04,2022-04-03,test
2022-04-05,2022-04-04,test
2022-04-06,2022-04-05,test
2022-04-07,2022-04-06,test
2022-04-08,2022-04-07,test
2022-04-09,2022-04-08,test
2022-04-10,2022-04-09,test
2022-04-11,2022-04-10,test
2022-04-12,2022-04-11,test
2022-04-13,2022-04-12,test
2022-04-14,2022-04-13,test
2022-04-15,2022-04-14,test
2022-04-16,2022-04-15,test
2022-04-17,2022-04-16,test
2022-04-18,2022-04-17,test
2022-04-19,2022-04-18,test
2022-04-20,2022-04-19,test
2022-04-21,2022-04-20,test
2022-04-22,2022-04-21,test
2022-04-23,2022-04-22,test
2022-04-24,2022-04-23,test
2022-04-25,2022-04-24,test
2022-04-26,2022-04-25,test
2022-04-27,2022-04-26,test
2022-04-28,2022-04-27,test
2022-04-29,2022-04-28,test
2022-04-30,2022-04-29,test
2022-05-01,2022-04-30,test
2022-05-02,2022-05-01,test
2022-05-03,2022-05-02,test
2022-05-04,2022-05-03,test
2022-05-05,2022-05-04,test
2022-05-06,2022-05-05,test
2022-05-07,2022-05-06,test
2022-05-08,2022-05-07,test
2022-05-09,2022-05-08,test
2022-05-10,2022-05-09,test
2022-05-11,2022-05-10,test
2022-05-12,2022-05-11,test
2022-05-13,2022-05-12,test
2022-05-14,2022-05-13,test
2022-05-15,2022-05-14,test
2022-05-16,2022-05-15,test
2022-05-17,2022-05-16,test
2022-05-18,2022-05-17,test
2022-05-19,2022-05-18,test
2022-05-20,2022-05-19,test
2022-05-21,2022-05-20,test
2022-05-22,2022-05-21,test
2022-05-23,2022-05-22,test
2022-05-24,2022-05-23,test
2022-05-25,2022-05-24,test
2022-05-26,2022-05-25,test
2022-05-27,2022-05-26,test
2022-05-28,2022-05-27,test
2022-05-29,2022-05-28,test
2022-05-30,2022-05-29,test
2022-05-31,2022-05-30,test
2022-06-01,2022-05-31,test
2022-06-02,2022-06-01,test
2022-06-03,2022-06-02,test
2022-06-04,2022-06-03,test
2022-06-05,2022-06-04,test
2022-06-06,2022-06-05,test
2022-06-07,2022-06-06,test
2022-06-08,2022-06-07,test
2022-06-09,2022-06-08,test
2022-06-10,2022-06-09,test
2022-06-11,2022-06-10,test
2022-06-12,2022-06-11,test
2022-06-13,2022-06-12,test
2022-06-14,2022-06-13,test
2022-06-15,2022-06-14,test
2022-06-16,2022-06-15,test
2022-06-17,2022-06-16,test
2022-06-18,2022-06-17,test
2022-06-19,2022-06-18,test
2022-06-20,2022-06-19,test
2022-06-21,2022-06-20,test
2022-06-22,2022-06-21,test
2022-06-23,2022-06-22,test
2022-06-24,2022-06-23,test
2022-06-25,2022-06-24,test
2022-06-26,2022-06-25,test
2022-06-27,2022-06-26,test
2022-06-28,2022-06-27,test
2022-06-29,2022-06-28,test
2022-06-30,2022-06-29,test
2022-07-01,2022-06-30,test
2022-07-02,2022-07-01,test
2022-07-03,2022-07-02,test
2022-07-04,2022-07-03,test
2022-07-05,2022-07-04,test
2022-07-06,2022-07-05,test
2022-07-07,2022-07-06,test
2022-07-08,2022-07-07,test
2022-07-09,2022-07-08,test
2022-07-10,2022-07-09,test
2022-07-11,2022-07-10,test
2022-07-12,2022-07-11,test
2022-07-13,2022-07-12,test
2022-07-14,2022-07-13,test
2022-07-15,2022-07-14,test
2022-07-16,2022-07-15,test
2022-07-17,2022-07-16,test
2022-07-18,2022-07-17,test
2022-07-19,2022-07-18,test
2022-07-20,2022-07-19,test
2022-07-21,2022-07-20,test
2022-07-22,2022-07-21,test
2022-07-23,2022-07-22,test
2022-07-24,2022-07-23,test
2022-07-25,2022-07-24,test
2022-07-26,2022-07-25,test
2022-07-27,2022-07-26,test
2022-07-28,2022-07-27,test
2022-07-29,2022-07-28,test
2022-07-30,2022-07-29,test
2022-07-31,2022-07-30,test
2022-08-01,2022-07-31,test
2022-08-02,2022-08-01,test
2022-08-03,2022-08-02,test
2022-08-04,2022-08-03,test
2022-08-05,2022-08-04,test
2022-08-06,2022-08-05,test
2022-08-07,2022-08-06,test
2022-08-08,2022-08-07,test
2022-08-09,2022-08-08,test
2022-08-10,2022-08-09,test
2022-08-11,2022-08-10,test
2022-08-12,2022-08-11,test
2022-08-13,2022-08-12,test
2022-08-14,2022-08-13,test
2022-08-15,2022-08-14,test
2022-08-16,2022-08-15,test
2022-08-17,2022-08-16,test
2022-08-18,2022-08-17,test
2022-08-19,2022-08-18,test
2022-08-20,2022-08-19,test
2022-08-21,2022-08-20,test
2022-08-22,2022-08-21,test
2022-08-23,2022-08-22,test
2022-08-24,2022-08-23,test
2022-08-25,2022-08-24,test
2022-08-26,2022-08-25,test
2022-08-27,2022-08-26,test
2022-08-28,2022-08-27,test
2022-08-29,2022-08-28,test
2022-08-30,2022-08-29,test
2022-08-31,2022-08-30,test
2022-09-01,2022-08-31,test
2022-09-02,2022-09-01,test
2022-09-03,2022-09-02,test
2022-09-04,2022-09-03,test
2022-09-05,2022-09-04,test
2022-09-06,2022-09-05,test
2022-09-07,2022-09-06,test
2022-09-08,2022-09-07,test
2022-09-09,2022-09-08,test
2022-09-10,2022-09-09,test
2022-09-11,2022-09-10,test
2022-09-12,2022-09-11,test
2022-09-13,2022-09-12,test
2022-09-14,2022-09-13,test
2022-09-15,2022-09-14,test
2022-09-16,2022-09-15,test
2022-09-17,2022-09-16,test
2022-09-18,2022-09-17,test
2022-09-19,2022-09-18,test
2022-09-20,2022-09-19,test
2022-09-21,2022-09-20,test
2022-09-22,2022-09-21,test
2022-09-23,2022-09-22,test
2022-09-24,2022-09-23,test
2022-09-25,2022-09-24,test
2022-09-26,2022-09-25,test
2022-09-27,2022-09-26,test
2022-09-28,2022-09-27,test
2022-09-29,2022-09-28,test
2022-09-30,2022-09-29,test
2022-10-01,2022-09-30,test
2022-10-02,2022-10-01,test
2022-10-03,2022-10-02,test
2022-10-04,2022-10-03,test
2022-10-05,2022-10-04,test
2022-10-06,2022-10-05,test
2022-10-07,2022-10-06,test
2022-10-08,2022-10-07,test
2022-10-09,2022-10-08,test
2022-10-10,2022-10-09,test
2022-10-11,2022-10-10,test
2022-10-12,2022-10-11,test
2022-10-13,2022-10-12,test
2022-10-14,2022-10-13,test
2022-10-15,2022-10-14,test
2022-10-16,2022-10-15,test
2022-10-17,2022-10-16,test
2022-10-18,2022-10-17,test
2022-10-19,2022-10-18,test
2022-10-20,2022-10-19,test
2022-10-21,2022-10-20,test
2022-10-22,2022-10-21,test
2022-10-23,2022-10-22,test
2022-10-24,2022-10-23,test
2022-10-25,2022-10-24,test
2022-10-26,2022-10-25,test
2022-10-27,2022-10-26,test
2022-10-28,2022-10-27,test
2022-10-29,2022-10-28,test
2022-10-30,2022-10-29,test
2022-10-31,2022-10-30,test
2022-11-01,2022-10-31,test
2022-11-02,2022-11-01,test
2022-11-03,2022-11-02,test
2022-11-04,2022-11-03,test
2022-11-05,2022-11-04,test
2022-11-06,2022-11-05,test
2022-11-07,2022-11-06,test
2022-11-08,2022-11-07,test
2022-11-09,2022-11-08,test
2022-11-10,2022-11-09,test
2022-11-11,2022-11-10,test
2022-11-12,2022-11-11,test
2022-11-13,2022-11-12,test
2022-11-14,2022-11-13,test
2022-11-15,2022-11-14,test
2022-11-16,2022-11-15,test
2022-11-17,2022-11-16,test
2022-11-18,2022-11-17,test
2022-11-19,2022-11-18,test
2022-11-20,2022-11-19,test
2022-11-21,2022-11-20,test
2022-11-22,2022-11-21,test
2022-11-23,2022-11-22,test
2022-11-24,2022-11-23,test
2022-11-25,2022-11-24,test
2022-11-26,2022-11-25,test
2022-11-27,2022-11-26,test
2022-11-28,2022-11-27,test
2022-11-29,2022-11-28,test
2022-11-30,2022-11-29,test
2022-12-01,2022-11-30,test
2022-12-02,2022-12-01,test
2022-12-03,2022-12-02,test
2022-12-04,2022-12-03,test
2022-12-05,2022-12-04,test
2022-12-06,2022-12-05,test
2022-12-07,2022-12-06,test
2022-12-08,2022-12-07,test
2022-12-09,2022-12-08,test
2022-12-10,2022-12-09,test
2022-12-11,2022-12-10,test
2022-12-12,2022-12-11,test
2022-12-13,2022-12-12,test
2022-12-14,2022-12-13,test
2022-12-15,2022-12-14,test
2022-12-16,2022-12-15,test
2022-12-17,2022-12-16,test
2022-12-18,2022-12-17,test
2022-12-19,2022-12-18,test
2022-12-20,2022-12-19,test
2022-12-21,2022-12-20,test
2022-12-22,2022-12-21,test
2022-12-23,2022-12-22,test
2022-12-24,2022-12-23,test
2022-12-25,2022-12-24,test
2022-12-26,2022-12-25,test
2022-12-27,2022-12-26,test
2022-12-28,2022-12-27,test
2022-12-29,2022-12-28,test
2022-12-30,2022-12-29,test
2022-12-31,2022-12-30,test
