source_id,purpose,title,organization_author,url,license_status,geography,period,local_file,accessed,sha256
AIRDATA,dataset,Open Air Quality Dataset for Kazakhstan,AirData.kz / Global Shapers Almaty Hub,https://github.com/qazybekb/AirDatakz-OpenData,"CC BY-NC 4.0; upstream KGMT agreement asserted by publisher, not independently available",Kazakhstan,2020–2026,01_Air_Pollution/raw,2026-09-25,
DATASHEET,data_documentation,Datasheet for Dataset: AirData.kz Open Air Quality Data,AirData.kz,https://github.com/qazybekb/AirDatakz-OpenData/blob/0fe9a615baf614346e282796f685ce72b852187f/DATASHEET.md,CC BY-NC 4.0,Kazakhstan,2017–2026,01_Air_Pollution/provenance/DATASHEET.md,2026-09-25,
KGMT_ATYRAU,primary_context,Мониторинг промышленной зоны Атырау,РГП Казгидромет,https://www.kazhydromet.kz/ru/post/1063,"Public webpage; linked, not redistributed",Atyrau,2021,,2026-09-25,
BNS_AIR,candidate_dataset,21.2.a Air quality,Bureau of National Statistics of Kazakhstan,https://stat.gov.kz/en/open-data/pollution/482928/,BNS open data license; not downloaded as empirical input,Kazakhstan,annual since 2014,,2026-09-25,
WHO2021,guideline,WHO global air quality guidelines,World Health Organization,https://www.who.int/publications/i/item/9789240034228,"WHO publication; cited, not redistributed",Global,2021,,2026-09-25,
WHO_EXPLAIN,guideline,What are the WHO Air quality guidelines?,World Health Organization,https://www.who.int/news-room/feature-stories/detail/what-are-the-who-air-quality-guidelines,"WHO publication; cited, not redistributed",Global,2021,,2026-09-25,
KZ_DSM70,legal_reference,Об утверждении Гигиенических нормативов к атмосферному воздуху,Министерство здравоохранения Республики Казахстан,https://old.adilet.zan.kz/rus/docs/V2200029011,"Official legal text; current reference comparison, not legal conclusion",Kazakhstan,"2022, amended 2025",,2026-09-25,
ERA5,dataset,"Historical Weather API, ERA5",Open-Meteo / Copernicus / ECMWF,https://open-meteo.com/en/docs/historical-weather-api,CC BY 4.0; attribution Open-Meteo and Copernicus ERA5,Atyrau ERA5 grid point,2022–2025,01_Air_Pollution/raw/atyrau_era5.json,2026-09-25,
WEST_INVENTORY,research,Инвентаризация источников загрязнения атмосферного воздуха Западно-Казахстанского региона,Гидрометеорология и экология,https://journal.kazhydromet.kz/kazgidro/article/view/2341,Article cited only,Western Kazakhstan four regions,2018–2022,,2026-09-25,
ATYRAU_H2S,research,Analysis of the Content of Hydrogen Sulfide in the Air of the City of Atyrau,"M. Yessenamanova, Z. Yessenamanova, A. Tlepbergenova, G. Batyrbayeva",https://www.iieta.org/journals/ijsdp/paper/10.18280/ijsdp.160308,CC BY 4.0,Atyrau,2020 observations; published 2021,,2026-09-25,
SKLEARN_LAGS,method,Lagged features for time series forecasting,scikit-learn developers,https://scikit-learn.org/stable/auto_examples/applications/plot_time_series_lagged_features.html,BSD documentation,Methodological,accessed 2026,,2026-09-25,
KUNSCH1989,method,"The Jackknife and the Bootstrap for General Stationary Observations. Annals of Statistics 17(3), 1217–1241",Hans R. Künsch,https://doi.org/10.1214/aos/1176347265,Article cited; not redistributed,Methodological,1989,,2026-09-26,
AIR_pm2_5,downloaded_dataset,"AIR_pm2_5 hourly archive, pinned commit",AirData.kz / Global Shapers Almaty Hub; upstream KazHydroMet,https://raw.githubusercontent.com/qazybekb/AirDatakz-OpenData/0fe9a615baf614346e282796f685ce72b852187f/rest_of_kz/pm2_5.csv.gz,CC BY-NC 4.0; publisher states upstream KGMT agreement,Kazakhstan; selected Atyrau/Aktau/Aktobe,2022–2025 analysis,01_Air_Pollution/raw/pm2_5.csv.gz,2026-09-25,3595834cef57f5ef05aca91d87469fb7f213b86c0720fcb5d430a616e1fdd85c
AIR_pm10,downloaded_dataset,"AIR_pm10 hourly archive, pinned commit",AirData.kz / Global Shapers Almaty Hub; upstream KazHydroMet,https://raw.githubusercontent.com/qazybekb/AirDatakz-OpenData/0fe9a615baf614346e282796f685ce72b852187f/rest_of_kz/pm10.csv.gz,CC BY-NC 4.0; publisher states upstream KGMT agreement,Kazakhstan; selected Atyrau/Aktau/Aktobe,2022–2025 analysis,01_Air_Pollution/raw/pm10.csv.gz,2026-09-25,a20950d545bc40fa0d4fc38a835d99f3137c8a23d23c885fed8bed51b437d8e1
AIR_no2,downloaded_dataset,"AIR_no2 hourly archive, pinned commit",AirData.kz / Global Shapers Almaty Hub; upstream KazHydroMet,https://raw.githubusercontent.com/qazybekb/AirDatakz-OpenData/0fe9a615baf614346e282796f685ce72b852187f/rest_of_kz/no2.csv.gz,CC BY-NC 4.0; publisher states upstream KGMT agreement,Kazakhstan; selected Atyrau/Aktau/Aktobe,2022–2025 analysis,01_Air_Pollution/raw/no2.csv.gz,2026-09-25,9b666a5be02bf023f1a17efdb66dbebdbe002e5c96e093910e7d3c401528bbf4
AIR_so2,downloaded_dataset,"AIR_so2 hourly archive, pinned commit",AirData.kz / Global Shapers Almaty Hub; upstream KazHydroMet,https://raw.githubusercontent.com/qazybekb/AirDatakz-OpenData/0fe9a615baf614346e282796f685ce72b852187f/rest_of_kz/so2.csv.gz,CC BY-NC 4.0; publisher states upstream KGMT agreement,Kazakhstan; selected Atyrau/Aktau/Aktobe,2022–2025 analysis,01_Air_Pollution/raw/so2.csv.gz,2026-09-25,74e0e54db05b03603f3a591c3afd9db32fe1f929a33936a607d8d85484d03213
AIR_co,downloaded_dataset,"AIR_co hourly archive, pinned commit",AirData.kz / Global Shapers Almaty Hub; upstream KazHydroMet,https://raw.githubusercontent.com/qazybekb/AirDatakz-OpenData/0fe9a615baf614346e282796f685ce72b852187f/rest_of_kz/co.csv.gz,CC BY-NC 4.0; publisher states upstream KGMT agreement,Kazakhstan; selected Atyrau/Aktau/Aktobe,2022–2025 analysis,01_Air_Pollution/raw/co.csv.gz,2026-09-25,785633acd311312272bc5e5adce5984aaddcf1c498d727d7faa156ee32a87f0b
AIR_h2s,downloaded_dataset,"AIR_h2s hourly archive, pinned commit",AirData.kz / Global Shapers Almaty Hub; upstream KazHydroMet,https://raw.githubusercontent.com/qazybekb/AirDatakz-OpenData/0fe9a615baf614346e282796f685ce72b852187f/rest_of_kz/h2s.csv.gz,CC BY-NC 4.0; publisher states upstream KGMT agreement,Kazakhstan; selected Atyrau/Aktau/Aktobe,2022–2025 analysis,01_Air_Pollution/raw/h2s.csv.gz,2026-09-25,0c78dfeb1fd54f603759ce776a20172e75aa7d53685bb09efc26ba1550139f08
AIR_o3,downloaded_dataset,"AIR_o3 hourly archive, pinned commit",AirData.kz / Global Shapers Almaty Hub; upstream KazHydroMet,https://raw.githubusercontent.com/qazybekb/AirDatakz-OpenData/0fe9a615baf614346e282796f685ce72b852187f/rest_of_kz/o3.csv.gz,CC BY-NC 4.0; publisher states upstream KGMT agreement,Kazakhstan; selected Atyrau/Aktau/Aktobe,2022–2025 analysis,01_Air_Pollution/raw/o3.csv.gz,2026-09-25,997e399b497f29e44c96c018bee9addd24a8140ed5d137c7c5a384f626b520e7
ERA5_DOWNLOAD,downloaded_dataset,Atyrau ERA5 daily weather response,Open-Meteo / Copernicus ERA5,https://archive-api.open-meteo.com/v1/archive?latitude=47.096617&longitude=51.942701&start_date=2022-01-01&end_date=2025-12-31&daily=temperature_2m_mean%2Crelative_humidity_2m_mean%2Cwind_speed_10m_mean%2Cprecipitation_sum&timezone=Asia%2FAtyrau&wind_speed_unit=ms&models=era5,"CC BY 4.0, Open-Meteo / Copernicus ERA5",Atyrau model grid,2022–2025,01_Air_Pollution/raw/atyrau_era5.json,2026-09-25,e5676da1e57ba45170e3a0c9139f0851e4aa6fff870f295ffd693f336ee45672
