source_id,purpose,title,organization_author,url,access_date,license_status,geography,period,local_file,sha256,source_pdf_sha256,used_in,source_archive_sha256
AIRDATA,dataset,Open Air Quality Dataset for Kazakhstan,AirData.kz / Global Shapers Almaty Hub,https://github.com/qazybekb/AirDatakz-OpenData,2026-09-25,"CC BY-NC 4.0; upstream KGMT agreement asserted by publisher, not independently available",Kazakhstan,2020–2026,01_Air_Pollution/raw,,,01_Air_Pollution;02_Air_Quality_Prediction,
DATASHEET,data_documentation,Datasheet for Dataset: AirData.kz Open Air Quality Data,AirData.kz,https://github.com/qazybekb/AirDatakz-OpenData/blob/0fe9a615baf614346e282796f685ce72b852187f/DATASHEET.md,2026-09-25,CC BY-NC 4.0,Kazakhstan,2017–2026,01_Air_Pollution/provenance/DATASHEET.md,a62adc56667297cc7b42adedebb7e5f115e3b146f3e44398fd7609ff60d2d2fa,,01_Air_Pollution;02_Air_Quality_Prediction,
KGMT_ATYRAU,primary_context,Мониторинг промышленной зоны Атырау,РГП Казгидромет,https://www.kazhydromet.kz/ru/post/1063,2026-09-25,"Public webpage; linked, not redistributed",Atyrau,2021,,,,01_Air_Pollution;02_Air_Quality_Prediction,
BNS_AIR,candidate_dataset,21.2.a Air quality,Bureau of National Statistics of Kazakhstan,https://stat.gov.kz/en/open-data/pollution/482928/,2026-09-25,BNS open data license; not downloaded as empirical input,Kazakhstan,annual since 2014,,,,01_Air_Pollution;02_Air_Quality_Prediction,
WHO2021,guideline,WHO global air quality guidelines,World Health Organization,https://www.who.int/publications/i/item/9789240034228,2026-09-25,"WHO publication; cited, not redistributed",Global,2021,,,,01_Air_Pollution;02_Air_Quality_Prediction,
WHO_EXPLAIN,guideline,What are the WHO Air quality guidelines?,World Health Organization,https://www.who.int/news-room/feature-stories/detail/what-are-the-who-air-quality-guidelines,2026-09-25,"WHO publication; cited, not redistributed",Global,2021,,,,01_Air_Pollution;02_Air_Quality_Prediction,
KZ_DSM70,legal_reference,Об утверждении Гигиенических нормативов к атмосферному воздуху,Министерство здравоохранения Республики Казахстан,https://old.adilet.zan.kz/rus/docs/V2200029011,2026-09-25,"Official legal text; current reference comparison, not legal conclusion",Kazakhstan,"2022, amended 2025",,,,01_Air_Pollution;02_Air_Quality_Prediction,
ERA5,dataset,"Historical Weather API, ERA5",Open-Meteo / Copernicus / ECMWF,https://open-meteo.com/en/docs/historical-weather-api,2026-09-25,CC BY 4.0; attribution Open-Meteo and Copernicus ERA5,Atyrau ERA5 grid point,2022–2025,01_Air_Pollution/raw/atyrau_era5.json,e5676da1e57ba45170e3a0c9139f0851e4aa6fff870f295ffd693f336ee45672,,01_Air_Pollution;02_Air_Quality_Prediction,
WEST_INVENTORY,research,Инвентаризация источников загрязнения атмосферного воздуха Западно-Казахстанского региона,Гидрометеорология и экология,https://journal.kazhydromet.kz/kazgidro/article/view/2341,2026-09-25,Article cited only,Western Kazakhstan four regions,2018–2022,,,,01_Air_Pollution;02_Air_Quality_Prediction,
ATYRAU_H2S,research,Analysis of the Content of Hydrogen Sulfide in the Air of the City of Atyrau,"M. Yessenamanova, Z. Yessenamanova, A. Tlepbergenova, G. Batyrbayeva",https://www.iieta.org/journals/ijsdp/paper/10.18280/ijsdp.160308,2026-09-25,CC BY 4.0,Atyrau,2020 observations; published 2021,,,,01_Air_Pollution;02_Air_Quality_Prediction,
SKLEARN_LAGS,method,Lagged features for time series forecasting,scikit-learn developers,https://scikit-learn.org/stable/auto_examples/applications/plot_time_series_lagged_features.html,2026-09-25,BSD documentation,Methodological,accessed 2026,,,,01_Air_Pollution;02_Air_Quality_Prediction,
KUNSCH1989,method,"The Jackknife and the Bootstrap for General Stationary Observations. Annals of Statistics 17(3), 1217–1241",Hans R. Künsch,https://doi.org/10.1214/aos/1176347265,2026-09-26,Article cited; not redistributed,Methodological,1989,,,,01_Air_Pollution;02_Air_Quality_Prediction,
AIR_pm2_5,downloaded_dataset,"AIR_pm2_5 hourly archive, pinned commit",AirData.kz / Global Shapers Almaty Hub; upstream KazHydroMet,https://raw.githubusercontent.com/qazybekb/AirDatakz-OpenData/0fe9a615baf614346e282796f685ce72b852187f/rest_of_kz/pm2_5.csv.gz,2026-09-25,CC BY-NC 4.0; publisher states upstream KGMT agreement,Kazakhstan; selected Atyrau/Aktau/Aktobe,2022–2025 analysis,01_Air_Pollution/raw/pm2_5.csv.gz,3595834cef57f5ef05aca91d87469fb7f213b86c0720fcb5d430a616e1fdd85c,,01_Air_Pollution;02_Air_Quality_Prediction,
AIR_pm10,downloaded_dataset,"AIR_pm10 hourly archive, pinned commit",AirData.kz / Global Shapers Almaty Hub; upstream KazHydroMet,https://raw.githubusercontent.com/qazybekb/AirDatakz-OpenData/0fe9a615baf614346e282796f685ce72b852187f/rest_of_kz/pm10.csv.gz,2026-09-25,CC BY-NC 4.0; publisher states upstream KGMT agreement,Kazakhstan; selected Atyrau/Aktau/Aktobe,2022–2025 analysis,01_Air_Pollution/raw/pm10.csv.gz,a20950d545bc40fa0d4fc38a835d99f3137c8a23d23c885fed8bed51b437d8e1,,01_Air_Pollution;02_Air_Quality_Prediction,
AIR_no2,downloaded_dataset,"AIR_no2 hourly archive, pinned commit",AirData.kz / Global Shapers Almaty Hub; upstream KazHydroMet,https://raw.githubusercontent.com/qazybekb/AirDatakz-OpenData/0fe9a615baf614346e282796f685ce72b852187f/rest_of_kz/no2.csv.gz,2026-09-25,CC BY-NC 4.0; publisher states upstream KGMT agreement,Kazakhstan; selected Atyrau/Aktau/Aktobe,2022–2025 analysis,01_Air_Pollution/raw/no2.csv.gz,9b666a5be02bf023f1a17efdb66dbebdbe002e5c96e093910e7d3c401528bbf4,,01_Air_Pollution;02_Air_Quality_Prediction,
AIR_so2,downloaded_dataset,"AIR_so2 hourly archive, pinned commit",AirData.kz / Global Shapers Almaty Hub; upstream KazHydroMet,https://raw.githubusercontent.com/qazybekb/AirDatakz-OpenData/0fe9a615baf614346e282796f685ce72b852187f/rest_of_kz/so2.csv.gz,2026-09-25,CC BY-NC 4.0; publisher states upstream KGMT agreement,Kazakhstan; selected Atyrau/Aktau/Aktobe,2022–2025 analysis,01_Air_Pollution/raw/so2.csv.gz,74e0e54db05b03603f3a591c3afd9db32fe1f929a33936a607d8d85484d03213,,01_Air_Pollution;02_Air_Quality_Prediction,
AIR_co,downloaded_dataset,"AIR_co hourly archive, pinned commit",AirData.kz / Global Shapers Almaty Hub; upstream KazHydroMet,https://raw.githubusercontent.com/qazybekb/AirDatakz-OpenData/0fe9a615baf614346e282796f685ce72b852187f/rest_of_kz/co.csv.gz,2026-09-25,CC BY-NC 4.0; publisher states upstream KGMT agreement,Kazakhstan; selected Atyrau/Aktau/Aktobe,2022–2025 analysis,01_Air_Pollution/raw/co.csv.gz,785633acd311312272bc5e5adce5984aaddcf1c498d727d7faa156ee32a87f0b,,01_Air_Pollution;02_Air_Quality_Prediction,
AIR_h2s,downloaded_dataset,"AIR_h2s hourly archive, pinned commit",AirData.kz / Global Shapers Almaty Hub; upstream KazHydroMet,https://raw.githubusercontent.com/qazybekb/AirDatakz-OpenData/0fe9a615baf614346e282796f685ce72b852187f/rest_of_kz/h2s.csv.gz,2026-09-25,CC BY-NC 4.0; publisher states upstream KGMT agreement,Kazakhstan; selected Atyrau/Aktau/Aktobe,2022–2025 analysis,01_Air_Pollution/raw/h2s.csv.gz,0c78dfeb1fd54f603759ce776a20172e75aa7d53685bb09efc26ba1550139f08,,01_Air_Pollution;02_Air_Quality_Prediction,
AIR_o3,downloaded_dataset,"AIR_o3 hourly archive, pinned commit",AirData.kz / Global Shapers Almaty Hub; upstream KazHydroMet,https://raw.githubusercontent.com/qazybekb/AirDatakz-OpenData/0fe9a615baf614346e282796f685ce72b852187f/rest_of_kz/o3.csv.gz,2026-09-25,CC BY-NC 4.0; publisher states upstream KGMT agreement,Kazakhstan; selected Atyrau/Aktau/Aktobe,2022–2025 analysis,01_Air_Pollution/raw/o3.csv.gz,997e399b497f29e44c96c018bee9addd24a8140ed5d137c7c5a384f626b520e7,,01_Air_Pollution;02_Air_Quality_Prediction,
ERA5_DOWNLOAD,downloaded_dataset,Atyrau ERA5 daily weather response,Open-Meteo / Copernicus ERA5,https://archive-api.open-meteo.com/v1/archive?latitude=47.096617&longitude=51.942701&start_date=2022-01-01&end_date=2025-12-31&daily=temperature_2m_mean%2Crelative_humidity_2m_mean%2Cwind_speed_10m_mean%2Cprecipitation_sum&timezone=Asia%2FAtyrau&wind_speed_unit=ms&models=era5,2026-09-25,"CC BY 4.0, Open-Meteo / Copernicus ERA5",Atyrau model grid,2022–2025,01_Air_Pollution/raw/atyrau_era5.json,e5676da1e57ba45170e3a0c9139f0851e4aa6fff870f295ffd693f336ee45672,,01_Air_Pollution;02_Air_Quality_Prediction,
W2018,data,"Ежегодные данные о режиме и ресурсах поверхностных вод суши, 2018, выпуск 4, часть 1, таблица 1.2, PDF с. 35",РГП Казгидромет,https://www.kazhydromet.kz/uploads/files/495/file/630840dd1094fbasseyn-rek-ural-srednee-i-nizhnee-techenie-i-emba-i-ustevaya-chast-reki-volga-vypusk-4-2018-god.pdf,2026-09-25,© Казгидромет; явная открытая лицензия не найдена; полный PDF не распространяется,"Урал — Атырау, Казахстан; пост 19802",2018,03_Water_Monitoring/data/raw/atyrau_level_observations.csv,155f74f0043c12047402032fdeac1cc7eedc51dcb192ffb3c77f31d20a81f1d1,48f6e58ed06631b92b04b84e64dfc771911b415df2eaae364b178687bdd444c9,03_Water_Monitoring,
W2019,data,"Ежегодные данные о режиме и ресурсах поверхностных вод суши, 2019, выпуск 4, часть 1, таблица 1.2, PDF с. 35",РГП Казгидромет,https://kazhydromet.kz/uploads/files/496/file/630840f50875ebasseyn-rek-ural-srednee-i-nizhnee-techenie-i-emba-i-ustevaya-chast-reki-volga-vypusk-4-2019-god.pdf,2026-09-25,© Казгидромет; явная открытая лицензия не найдена; полный PDF не распространяется,"Урал — Атырау, Казахстан; пост 19802",2019,03_Water_Monitoring/data/raw/atyrau_level_observations.csv,155f74f0043c12047402032fdeac1cc7eedc51dcb192ffb3c77f31d20a81f1d1,754a2b2a1c7768529f040c06c0a41e82346cafe461e535bbc8636a1377d7e476,03_Water_Monitoring,
W2022,data,"Ежегодные данные о режиме и ресурсах поверхностных вод суши, 2022, выпуск 4, часть 1, таблица 1.2, PDF с. 37",РГП Казгидромет,https://www.kazhydromet.kz/uploads/files/1885/file/66e7e0b8ce51deds-vypusk-4-2022-ural-1.pdf,2026-09-25,© Казгидромет; явная открытая лицензия не найдена; полный PDF не распространяется,"Урал — Атырау, Казахстан; пост 19802",2022,03_Water_Monitoring/data/raw/atyrau_level_observations.csv,155f74f0043c12047402032fdeac1cc7eedc51dcb192ffb3c77f31d20a81f1d1,b67004d491322437a88aa250c050d896afb168bcff504e29416e462d504831fd,03_Water_Monitoring,
W_HISTORY,context,История филиала по Атырауской области,Казгидромет,https://kazhydromet.kz/ru/branches_history/5,2026-09-25,цитирование первоисточника; полный материал не включён,применимость указана в тексте,не является входным рядом,03_Water_Monitoring/References.md,157c32ab33a738ad81fd0721a721bc43c624cfd8e9f87d1b59577c6084965849,,03_Water_Monitoring,
W_DB,feasibility,"Открытие гидрологической базы данных, 25.01.2023",Казгидромет,https://www.kazhydromet.kz/ru/post/2045,2026-09-25,цитирование первоисточника; полный материал не включён,применимость указана в тексте,не является входным рядом,03_Water_Monitoring/References.md,157c32ab33a738ad81fd0721a721bc43c624cfd8e9f87d1b59577c6084965849,,03_Water_Monitoring,
W_CATALOG,feasibility,Государственный водный кадастр: авторизация для каталога,Казгидромет,https://www.kazhydromet.kz/ru/gidrologiya/gosudarstvennyy-vodnyy-kadastr-poverhnostnye-vody,2026-09-25,цитирование первоисточника; полный материал не включён,применимость указана в тексте,не является входным рядом,03_Water_Monitoring/References.md,157c32ab33a738ad81fd0721a721bc43c624cfd8e9f87d1b59577c6084965849,,03_Water_Monitoring,
W_BULLETIN,candidate_not_used,"Ежедневный бюллетень Атырау, 06.04.2025",Казгидромет,https://www.kazhydromet.kz/uploads/files_calendar/7688/file_kk/67f21f5377f94atyrau-06-04-2025.pdf,2026-09-25,цитирование первоисточника; полный материал не включён,применимость указана в тексте,не является входным рядом,03_Water_Monitoring/References.md,157c32ab33a738ad81fd0721a721bc43c624cfd8e9f87d1b59577c6084965849,,03_Water_Monitoring,
W_FPP,methods,"Forecasting: Principles and Practice, 3rd ed., §5.8 Evaluating point forecast accuracy",Hyndman R.J.; Athanasopoulos G.,https://otexts.com/fpp3/accuracy.html,2026-09-25,цитирование первоисточника; полный материал не включён,применимость указана в тексте,не является входным рядом,03_Water_Monitoring/References.md,157c32ab33a738ad81fd0721a721bc43c624cfd8e9f87d1b59577c6084965849,,03_Water_Monitoring,
W_RIDGE,methods,Ridge — scikit-learn documentation,scikit-learn developers,https://scikit-learn.org/stable/modules/generated/sklearn.linear_model.Ridge.html,2026-09-25,цитирование первоисточника; полный материал не включён,применимость указана в тексте,не является входным рядом,03_Water_Monitoring/References.md,157c32ab33a738ad81fd0721a721bc43c624cfd8e9f87d1b59577c6084965849,,03_Water_Monitoring,
W_RF,methods,RandomForestRegressor — scikit-learn documentation,scikit-learn developers,https://scikit-learn.org/stable/modules/generated/sklearn.ensemble.RandomForestRegressor.html,2026-09-25,цитирование первоисточника; полный материал не включён,применимость указана в тексте,не является входным рядом,03_Water_Monitoring/References.md,157c32ab33a738ad81fd0721a721bc43c624cfd8e9f87d1b59577c6084965849,,03_Water_Monitoring,
W_GLOFAS,literature,"Daily ensemble river discharge reforecasts and real-time forecasts from the operational Global Flood Awareness System, HESS 27, 1–19 (2023)",Harrigan et al.,https://hess.copernicus.org/articles/27/1/2023/,2026-09-25,цитирование первоисточника; полный материал не включён,применимость указана в тексте,не является входным рядом,03_Water_Monitoring/References.md,157c32ab33a738ad81fd0721a721bc43c624cfd8e9f87d1b59577c6084965849,,03_Water_Monitoring,
V01,data,COCO 2017 instance annotations and image downloads,COCO Consortium,http://images.cocodataset.org/annotations/annotations_trainval2017.zip,2026-09-25,CC BY 4.0 annotations; per-image CC terms,Location unspecified in COCO metadata; Atyrau unconfirmed,COCO 2017 release,04_Vehicle_Classification/raw/instances_val2017.json,e8c7f7908f1d7278341fae127d0da654f102f11bd7b21d8aeefa635b8c810b6f,,04_Vehicle_Classification,
V02,terms,COCO Terms of Use,COCO Consortium,https://github.com/cocodataset/cocodataset.github.io/blob/master/dataset/termsofuse.htm,2026-09-25,Official terms inspected,Global,Accessed2026,04_Vehicle_Classification/DATA_CARD.md,2f023a3cff776241e77f6f8f470a95044e2254392108c172e79cc2cca0b54950,,04_Vehicle_Classification,
V03,literature,Microsoft COCO: Common Objects in Context,Tsung-Yi Lin et al.,https://arxiv.org/abs/1405.0312,2026-09-25,Citation; no full-text redistribution,General dataset,2014/2015,04_Vehicle_Classification/References.md,cd2870940bd5359263a5efe8c04dd819c532e3cb22b556cc9e553a11a5bbed9d,,04_Vehicle_Classification,
V04,literature,Histograms of Oriented Gradients for Human Detection,Navneet Dalal and Bill Triggs,https://lear.inrialpes.fr/people/triggs/pubs/Dalal-cvpr05.pdf,2026-09-25,Citation; no full-text redistribution,Method,2005,04_Vehicle_Classification/References.md,cd2870940bd5359263a5efe8c04dd819c532e3cb22b556cc9e553a11a5bbed9d,,04_Vehicle_Classification,
V05,candidate,BDD100K: A Diverse Driving Dataset for Heterogeneous Multitask Learning,Fisher Yu et al.,https://openaccess.thecvf.com/content_CVPR_2020/papers/Yu_BDD100K_A_Diverse_Driving_Dataset_for_Heterogeneous_Multitask_Learning_CVPR_2020_paper.pdf,2026-09-25,Paper accessible; data license not verified for redistribution,United States driving dataset,2020,04_Vehicle_Classification/DATA_FEASIBILITY.md,7fc21a0e1f45b650b529acdd0ed9bd36840a003328c0140faece9965357c36c8,,04_Vehicle_Classification,
V06,candidate,BDD100K official download portal,Berkeley DeepDrive,https://bdd-data.berkeley.edu/,2026-09-25,User portal; no authenticated download attempted,United States,Accessed2026,04_Vehicle_Classification/DATA_FEASIBILITY.md,7fc21a0e1f45b650b529acdd0ed9bd36840a003328c0140faece9965357c36c8,,04_Vehicle_Classification,
V07,candidate,UA-DETRAC project,Dawei Du et al.,https://sites.google.com/view/daweidu/projects/ua-detrac,2026-09-25,No explicit data redistribution license found on inspected page,Traffic surveillance; not local dashcam,2020 reference,04_Vehicle_Classification/DATA_FEASIBILITY.md,7fc21a0e1f45b650b529acdd0ed9bd36840a003328c0140faece9965357c36c8,,04_Vehicle_Classification,
V08,demo,Dashcam Recording (urban).ogv,Fernost,https://commons.wikimedia.org/wiki/File:Dashcam_Recording_(urban).ogv,2026-09-25,CC0 1.0,Filming location not established; Atyrau unconfirmed,2013,04_Vehicle_Classification/raw/dashcam_urban_480p.webm,fa90043b949a468a4669cf68294c313db40ad1403ebd785ddfc4e7bd5206af7f,,04_Vehicle_Classification,
V09,method,f1_score documentation,scikit-learn contributors,https://scikit-learn.org/stable/modules/generated/sklearn.metrics.f1_score.html,2026-09-25,Official documentation,Method,Accessed2026,04_Vehicle_Classification/References.md,cd2870940bd5359263a5efe8c04dd819c532e3cb22b556cc9e553a11a5bbed9d,,04_Vehicle_Classification,
V10,terms,Creative Commons BY 2.0,Creative Commons,https://creativecommons.org/licenses/by/2.0/,2026-09-25,CC BY 2.0,License,2.0,04_Vehicle_Classification/results/image_attribution.csv,6264d483abf9da48003192a00da6579e2d356869763fe06960504b6f01de760e,,04_Vehicle_Classification,
V11,terms,Creative Commons BY-SA 2.0,Creative Commons,https://creativecommons.org/licenses/by-sa/2.0/,2026-09-25,CC BY-SA 2.0,License,2.0,04_Vehicle_Classification/results/image_attribution.csv,6264d483abf9da48003192a00da6579e2d356869763fe06960504b6f01de760e,,04_Vehicle_Classification,
V12,terms,Creative Commons BY-NC 2.0,Creative Commons,https://creativecommons.org/licenses/by-nc/2.0/,2026-09-25,CC BY-NC 2.0,License,2.0,04_Vehicle_Classification/results/image_attribution.csv,6264d483abf9da48003192a00da6579e2d356869763fe06960504b6f01de760e,,04_Vehicle_Classification,
V13,terms,Creative Commons BY-NC-SA 2.0,Creative Commons,https://creativecommons.org/licenses/by-nc-sa/2.0/,2026-09-25,CC BY-NC-SA 2.0,License,2.0,04_Vehicle_Classification/results/image_attribution.csv,6264d483abf9da48003192a00da6579e2d356869763fe06960504b6f01de760e,,04_Vehicle_Classification,
