date,station_id,level_cm,source_marks,source_year,source_page,source_id
2018-01-01,19802,248,I,2018,35,W2018
2018-01-02,19802,246,I,2018,35,W2018
2018-01-03,19802,243,I,2018,35,W2018
2018-01-04,19802,239,I,2018,35,W2018
2018-01-05,19802,236,_I,2018,35,W2018
2018-01-06,19802,236,I,2018,35,W2018
2018-01-07,19802,237,_I,2018,35,W2018
2018-01-08,19802,247,I,2018,35,W2018
2018-01-09,19802,255,I,2018,35,W2018
2018-01-10,19802,259,I,2018,35,W2018
2018-01-11,19802,264,I,2018,35,W2018
2018-01-12,19802,264,^I,2018,35,W2018
2018-01-13,19802,255,I,2018,35,W2018
2018-01-14,19802,244,I,2018,35,W2018
2018-01-15,19802,240,I,2018,35,W2018
2018-01-16,19802,243,I,2018,35,W2018
2018-01-17,19802,252,I,2018,35,W2018
2018-01-18,19802,252,I,2018,35,W2018
2018-01-19,19802,248,I,2018,35,W2018
2018-01-20,19802,245,I,2018,35,W2018
2018-01-21,19802,242,I,2018,35,W2018
2018-01-22,19802,248,I,2018,35,W2018
2018-01-23,19802,256,I,2018,35,W2018
2018-01-24,19802,261,I,2018,35,W2018
2018-01-25,19802,261,I,2018,35,W2018
2018-01-26,19802,258,I,2018,35,W2018
2018-01-27,19802,255,I,2018,35,W2018
2018-01-28,19802,252,I,2018,35,W2018
2018-01-29,19802,256,I,2018,35,W2018
2018-01-30,19802,258,I,2018,35,W2018
2018-01-31,19802,261,I,2018,35,W2018
2018-02-01,19802,272,I,2018,35,W2018
2018-02-02,19802,278,^I,2018,35,W2018
2018-02-03,19802,273,I,2018,35,W2018
2018-02-04,19802,270,I,2018,35,W2018
2018-02-05,19802,268,I,2018,35,W2018
2018-02-06,19802,268,I,2018,35,W2018
2018-02-07,19802,265,I,2018,35,W2018
2018-02-08,19802,267,I,2018,35,W2018
2018-02-09,19802,265,I,2018,35,W2018
2018-02-10,19802,256,I,2018,35,W2018
2018-02-11,19802,254,I,2018,35,W2018
2018-02-12,19802,255,I,2018,35,W2018
2018-02-13,19802,252,I,2018,35,W2018
2018-02-14,19802,248,_I,2018,35,W2018
2018-02-15,19802,248,I,2018,35,W2018
2018-02-16,19802,256,I,2018,35,W2018
2018-02-17,19802,256,I,2018,35,W2018
2018-02-18,19802,259,I,2018,35,W2018
2018-02-19,19802,260,I,2018,35,W2018
2018-02-20,19802,258,I,2018,35,W2018
2018-02-21,19802,255,I,2018,35,W2018
2018-02-22,19802,256,I,2018,35,W2018
2018-02-23,19802,254,I,2018,35,W2018
2018-02-24,19802,251,I,2018,35,W2018
2018-02-25,19802,255,I~,2018,35,W2018
2018-02-26,19802,258,I~,2018,35,W2018
2018-02-27,19802,263,I~,2018,35,W2018
2018-02-28,19802,265,I~,2018,35,W2018
2018-03-01,19802,259,I,2018,35,W2018
2018-03-02,19802,256,I,2018,35,W2018
2018-03-03,19802,253,I,2018,35,W2018
2018-03-04,19802,257,I,2018,35,W2018
2018-03-05,19802,264,I,2018,35,W2018
2018-03-06,19802,265,I,2018,35,W2018
2018-03-07,19802,269,I,2018,35,W2018
2018-03-08,19802,275,I~,2018,35,W2018
2018-03-09,19802,277,I~,2018,35,W2018
2018-03-10,19802,276,^I~,2018,35,W2018
2018-03-11,19802,271,I,2018,35,W2018
2018-03-12,19802,269,I,2018,35,W2018
2018-03-13,19802,265,I,2018,35,W2018
2018-03-14,19802,260,I,2018,35,W2018
2018-03-15,19802,262,I,2018,35,W2018
2018-03-16,19802,265,ZI,2018,35,W2018
2018-03-17,19802,261,Z,2018,35,W2018
2018-03-18,19802,260,Z,2018,35,W2018
2018-03-19,19802,258,Z,2018,35,W2018
2018-03-20,19802,253,Л),2018,35,W2018
2018-03-21,19802,248,Х),2018,35,W2018
2018-03-22,19802,254,Х),2018,35,W2018
2018-03-23,19802,264,),2018,35,W2018
2018-03-24,19802,264,),2018,35,W2018
2018-03-25,19802,259,),2018,35,W2018
2018-03-26,19802,259,),2018,35,W2018
2018-03-27,19802,268,),2018,35,W2018
2018-03-28,19802,266,,2018,35,W2018
2018-03-29,19802,263,,2018,35,W2018
2018-03-30,19802,249,,2018,35,W2018
2018-03-31,19802,240,_,2018,35,W2018
2018-04-01,19802,249,,2018,35,W2018
2018-04-02,19802,260,,2018,35,W2018
2018-04-03,19802,275,,2018,35,W2018
2018-04-04,19802,277,,2018,35,W2018
2018-04-05,19802,284,,2018,35,W2018
2018-04-06,19802,290,,2018,35,W2018
2018-04-07,19802,294,,2018,35,W2018
2018-04-08,19802,292,,2018,35,W2018
2018-04-09,19802,277,,2018,35,W2018
2018-04-10,19802,269,,2018,35,W2018
2018-04-11,19802,274,,2018,35,W2018
2018-04-12,19802,272,,2018,35,W2018
2018-04-13,19802,254,,2018,35,W2018
2018-04-14,19802,245,,2018,35,W2018
2018-04-15,19802,235,,2018,35,W2018
2018-04-16,19802,235,_,2018,35,W2018
2018-04-17,19802,245,,2018,35,W2018
2018-04-18,19802,278,,2018,35,W2018
2018-04-19,19802,319,,2018,35,W2018
2018-04-20,19802,341,,2018,35,W2018
2018-04-21,19802,350,,2018,35,W2018
2018-04-22,19802,364,,2018,35,W2018
2018-04-23,19802,376,,2018,35,W2018
2018-04-24,19802,389,,2018,35,W2018
2018-04-25,19802,398,,2018,35,W2018
2018-04-26,19802,410,,2018,35,W2018
2018-04-27,19802,412,^,2018,35,W2018
2018-04-28,19802,408,,2018,35,W2018
2018-04-29,19802,405,,2018,35,W2018
2018-04-30,19802,402,,2018,35,W2018
2018-05-01,19802,409,,2018,35,W2018
2018-05-02,19802,411,,2018,35,W2018
2018-05-03,19802,413,^,2018,35,W2018
2018-05-04,19802,405,,2018,35,W2018
2018-05-05,19802,398,,2018,35,W2018
2018-05-06,19802,397,,2018,35,W2018
2018-05-07,19802,392,,2018,35,W2018
2018-05-08,19802,388,,2018,35,W2018
2018-05-09,19802,384,,2018,35,W2018
2018-05-10,19802,379,,2018,35,W2018
2018-05-11,19802,382,,2018,35,W2018
2018-05-12,19802,376,,2018,35,W2018
2018-05-13,19802,377,,2018,35,W2018
2018-05-14,19802,376,,2018,35,W2018
2018-05-15,19802,375,,2018,35,W2018
2018-05-16,19802,374,,2018,35,W2018
2018-05-17,19802,376,,2018,35,W2018
2018-05-18,19802,379,,2018,35,W2018
2018-05-19,19802,381,,2018,35,W2018
2018-05-20,19802,381,,2018,35,W2018
2018-05-21,19802,379,,2018,35,W2018
2018-05-22,19802,372,,2018,35,W2018
2018-05-23,19802,365,,2018,35,W2018
2018-05-24,19802,364,,2018,35,W2018
2018-05-25,19802,359,,2018,35,W2018
2018-05-26,19802,347,,2018,35,W2018
2018-05-27,19802,334,_,2018,35,W2018
2018-05-28,19802,338,,2018,35,W2018
2018-05-29,19802,341,,2018,35,W2018
2018-05-30,19802,339,,2018,35,W2018
2018-05-31,19802,349,,2018,35,W2018
2018-06-01,19802,338,^,2018,35,W2018
2018-06-02,19802,323,,2018,35,W2018
2018-06-03,19802,336,,2018,35,W2018
2018-06-04,19802,339,,2018,35,W2018
2018-06-05,19802,339,,2018,35,W2018
2018-06-06,19802,339,,2018,35,W2018
2018-06-07,19802,333,,2018,35,W2018
2018-06-08,19802,321,,2018,35,W2018
2018-06-09,19802,320,,2018,35,W2018
2018-06-10,19802,322,,2018,35,W2018
2018-06-11,19802,320,,2018,35,W2018
2018-06-12,19802,318,,2018,35,W2018
2018-06-13,19802,315,,2018,35,W2018
2018-06-14,19802,313,,2018,35,W2018
2018-06-15,19802,318,,2018,35,W2018
2018-06-16,19802,314,,2018,35,W2018
2018-06-17,19802,302,,2018,35,W2018
2018-06-18,19802,298,,2018,35,W2018
2018-06-19,19802,295,,2018,35,W2018
2018-06-20,19802,303,,2018,35,W2018
2018-06-21,19802,317,,2018,35,W2018
2018-06-22,19802,315,,2018,35,W2018
2018-06-23,19802,312,,2018,35,W2018
2018-06-24,19802,309,,2018,35,W2018
2018-06-25,19802,305,,2018,35,W2018
2018-06-26,19802,305,,2018,35,W2018
2018-06-27,19802,298,,2018,35,W2018
2018-06-28,19802,296,,2018,35,W2018
2018-06-29,19802,293,,2018,35,W2018
2018-06-30,19802,291,_,2018,35,W2018
2018-07-01,19802,297,,2018,35,W2018
2018-07-02,19802,300,,2018,35,W2018
2018-07-03,19802,319,^,2018,35,W2018
2018-07-04,19802,310,,2018,35,W2018
2018-07-05,19802,296,,2018,35,W2018
2018-07-06,19802,281,,2018,35,W2018
2018-07-07,19802,269,,2018,35,W2018
2018-07-08,19802,275,,2018,35,W2018
2018-07-09,19802,286,,2018,35,W2018
2018-07-10,19802,290,,2018,35,W2018
2018-07-11,19802,287,,2018,35,W2018
2018-07-12,19802,282,,2018,35,W2018
2018-07-13,19802,283,,2018,35,W2018
2018-07-14,19802,275,,2018,35,W2018
2018-07-15,19802,274,,2018,35,W2018
2018-07-16,19802,260,_,2018,35,W2018
2018-07-17,19802,274,,2018,35,W2018
2018-07-18,19802,290,,2018,35,W2018
2018-07-19,19802,291,,2018,35,W2018
2018-07-20,19802,273,,2018,35,W2018
2018-07-21,19802,269,,2018,35,W2018
2018-07-22,19802,267,,2018,35,W2018
2018-07-23,19802,284,,2018,35,W2018
2018-07-24,19802,292,,2018,35,W2018
2018-07-25,19802,286,,2018,35,W2018
2018-07-26,19802,284,,2018,35,W2018
2018-07-27,19802,273,,2018,35,W2018
2018-07-28,19802,268,,2018,35,W2018
2018-07-29,19802,271,,2018,35,W2018
2018-07-30,19802,266,,2018,35,W2018
2018-07-31,19802,261,,2018,35,W2018
2018-08-01,19802,260,,2018,35,W2018
2018-08-02,19802,259,,2018,35,W2018
2018-08-03,19802,260,,2018,35,W2018
2018-08-04,19802,257,,2018,35,W2018
2018-08-05,19802,256,,2018,35,W2018
2018-08-06,19802,271,,2018,35,W2018
2018-08-07,19802,291,^,2018,35,W2018
2018-08-08,19802,294,,2018,35,W2018
2018-08-09,19802,283,,2018,35,W2018
2018-08-10,19802,262,,2018,35,W2018
2018-08-11,19802,245,,2018,35,W2018
2018-08-12,19802,258,,2018,35,W2018
2018-08-13,19802,263,,2018,35,W2018
2018-08-14,19802,259,,2018,35,W2018
2018-08-15,19802,263,,2018,35,W2018
2018-08-16,19802,258,,2018,35,W2018
2018-08-17,19802,258,,2018,35,W2018
2018-08-18,19802,258,,2018,35,W2018
2018-08-19,19802,244,,2018,35,W2018
2018-08-20,19802,224,_,2018,35,W2018
2018-08-21,19802,241,,2018,35,W2018
2018-08-22,19802,259,,2018,35,W2018
2018-08-23,19802,262,,2018,35,W2018
2018-08-24,19802,251,,2018,35,W2018
2018-08-25,19802,249,,2018,35,W2018
2018-08-26,19802,256,,2018,35,W2018
2018-08-27,19802,247,,2018,35,W2018
2018-08-28,19802,243,,2018,35,W2018
2018-08-29,19802,244,,2018,35,W2018
2018-08-30,19802,257,,2018,35,W2018
2018-08-31,19802,256,,2018,35,W2018
2018-09-01,19802,248,,2018,35,W2018
2018-09-02,19802,241,,2018,35,W2018
2018-09-03,19802,251,,2018,35,W2018
2018-09-04,19802,260,,2018,35,W2018
2018-09-05,19802,249,,2018,35,W2018
2018-09-06,19802,246,,2018,35,W2018
2018-09-07,19802,238,,2018,35,W2018
2018-09-08,19802,226,R,2018,35,W2018
2018-09-09,19802,224,_R,2018,35,W2018
2018-09-10,19802,228,R,2018,35,W2018
2018-09-11,19802,231,R,2018,35,W2018
2018-09-12,19802,229,R,2018,35,W2018
2018-09-13,19802,239,,2018,35,W2018
2018-09-14,19802,257,,2018,35,W2018
2018-09-15,19802,261,,2018,35,W2018
2018-09-16,19802,259,,2018,35,W2018
2018-09-17,19802,256,,2018,35,W2018
2018-09-18,19802,252,,2018,35,W2018
2018-09-19,19802,252,,2018,35,W2018
2018-09-20,19802,258,R,2018,35,W2018
2018-09-21,19802,263,R,2018,35,W2018
2018-09-22,19802,263,^R,2018,35,W2018
2018-09-23,19802,258,R,2018,35,W2018
2018-09-24,19802,253,,2018,35,W2018
2018-09-25,19802,243,,2018,35,W2018
2018-09-26,19802,232,R,2018,35,W2018
2018-09-27,19802,225,_R,2018,35,W2018
2018-09-28,19802,237,R,2018,35,W2018
2018-09-29,19802,246,,2018,35,W2018
2018-09-30,19802,238,,2018,35,W2018
2018-10-01,19802,230,R,2018,35,W2018
2018-10-02,19802,226,R,2018,35,W2018
2018-10-03,19802,232,R,2018,35,W2018
2018-10-04,19802,239,,2018,35,W2018
2018-10-05,19802,243,,2018,35,W2018
2018-10-06,19802,249,,2018,35,W2018
2018-10-07,19802,255,,2018,35,W2018
2018-10-08,19802,266,R,2018,35,W2018
2018-10-09,19802,271,R,2018,35,W2018
2018-10-10,19802,268,^R,2018,35,W2018
2018-10-11,19802,253,R,2018,35,W2018
2018-10-12,19802,243,,2018,35,W2018
2018-10-13,19802,234,,2018,35,W2018
2018-10-14,19802,243,,2018,35,W2018
2018-10-15,19802,236,,2018,35,W2018
2018-10-16,19802,233,,2018,35,W2018
2018-10-17,19802,253,R,2018,35,W2018
2018-10-18,19802,261,R,2018,35,W2018
2018-10-19,19802,248,R,2018,35,W2018
2018-10-20,19802,246,,2018,35,W2018
2018-10-21,19802,243,,2018,35,W2018
2018-10-22,19802,232,R,2018,35,W2018
2018-10-23,19802,228,_R,2018,35,W2018
2018-10-24,19802,243,R,2018,35,W2018
2018-10-25,19802,248,,2018,35,W2018
2018-10-26,19802,239,,2018,35,W2018
2018-10-27,19802,242,,2018,35,W2018
2018-10-28,19802,257,R,2018,35,W2018
2018-10-29,19802,266,R,2018,35,W2018
2018-10-30,19802,250,R,2018,35,W2018
2018-10-31,19802,233,R,2018,35,W2018
2018-11-01,19802,219,R,2018,35,W2018
2018-11-02,19802,216,R,2018,35,W2018
2018-11-03,19802,221,R,2018,35,W2018
2018-11-04,19802,236,R,2018,35,W2018
2018-11-05,19802,240,,2018,35,W2018
2018-11-06,19802,229,R,2018,35,W2018
2018-11-07,19802,221,R,2018,35,W2018
2018-11-08,19802,233,R,2018,35,W2018
2018-11-09,19802,245,,2018,35,W2018
2018-11-10,19802,245,,2018,35,W2018
2018-11-11,19802,225,R,2018,35,W2018
2018-11-12,19802,198,R,2018,35,W2018
2018-11-13,19802,186,)R,2018,35,W2018
2018-11-14,19802,188,)R,2018,35,W2018
2018-11-15,19802,190,)R,2018,35,W2018
2018-11-16,19802,184,)R,2018,35,W2018
2018-11-17,19802,181,)R,2018,35,W2018
2018-11-18,19802,180,_)R,2018,35,W2018
2018-11-19,19802,186,ZR,2018,35,W2018
2018-11-20,19802,197,ZR,2018,35,W2018
2018-11-21,19802,214,ZR,2018,35,W2018
2018-11-22,19802,227,ZR,2018,35,W2018
2018-11-23,19802,245,Z(,2018,35,W2018
2018-11-24,19802,251,I,2018,35,W2018
2018-11-25,19802,251,^I,2018,35,W2018
2018-11-26,19802,245,I,2018,35,W2018
2018-11-27,19802,244,IZ,2018,35,W2018
2018-11-28,19802,248,Z,2018,35,W2018
2018-11-29,19802,249,Z,2018,35,W2018
2018-11-30,19802,232,I,2018,35,W2018
2018-12-01,19802,217,I,2018,35,W2018
2018-12-02,19802,214,I,2018,35,W2018
2018-12-03,19802,208,_I,2018,35,W2018
2018-12-04,19802,213,I,2018,35,W2018
2018-12-05,19802,214,I,2018,35,W2018
2018-12-06,19802,212,I,2018,35,W2018
2018-12-07,19802,209,I,2018,35,W2018
2018-12-08,19802,208,_I,2018,35,W2018
2018-12-09,19802,209,I,2018,35,W2018
2018-12-10,19802,209,_I,2018,35,W2018
2018-12-11,19802,214,I,2018,35,W2018
2018-12-12,19802,222,I,2018,35,W2018
2018-12-13,19802,231,I~,2018,35,W2018
2018-12-14,19802,233,I,2018,35,W2018
2018-12-15,19802,236,IZ,2018,35,W2018
2018-12-16,19802,239,^IZ,2018,35,W2018
2018-12-17,19802,235,I,2018,35,W2018
2018-12-18,19802,226,I,2018,35,W2018
2018-12-19,19802,219,I,2018,35,W2018
2018-12-20,19802,215,I,2018,35,W2018
2018-12-21,19802,213,I,2018,35,W2018
2018-12-22,19802,215,I,2018,35,W2018
2018-12-23,19802,223,I,2018,35,W2018
2018-12-24,19802,224,I,2018,35,W2018
2018-12-25,19802,222,I,2018,35,W2018
2018-12-26,19802,218,I,2018,35,W2018
2018-12-27,19802,222,I,2018,35,W2018
2018-12-28,19802,216,I,2018,35,W2018
2018-12-29,19802,219,I,2018,35,W2018
2018-12-30,19802,218,I,2018,35,W2018
2018-12-31,19802,217,I,2018,35,W2018
2019-01-01,19802,223,I,2019,35,W2019
2019-01-02,19802,220,I,2019,35,W2019
2019-01-03,19802,218,I,2019,35,W2019
2019-01-04,19802,218,I,2019,35,W2019
2019-01-05,19802,219,I,2019,35,W2019
2019-01-06,19802,216,I,2019,35,W2019
2019-01-07,19802,211,I,2019,35,W2019
2019-01-08,19802,207,I,2019,35,W2019
2019-01-09,19802,205,_I,2019,35,W2019
2019-01-10,19802,205,I,2019,35,W2019
2019-01-11,19802,210,I,2019,35,W2019
2019-01-12,19802,221,I~,2019,35,W2019
2019-01-13,19802,228,I~,2019,35,W2019
2019-01-14,19802,231,I~,2019,35,W2019
2019-01-15,19802,228,I~,2019,35,W2019
2019-01-16,19802,228,I~,2019,35,W2019
2019-01-17,19802,237,^I~,2019,35,W2019
2019-01-18,19802,230,I,2019,35,W2019
2019-01-19,19802,221,I,2019,35,W2019
2019-01-20,19802,220,I,2019,35,W2019
2019-01-21,19802,226,I,2019,35,W2019
2019-01-22,19802,232,I,2019,35,W2019
2019-01-23,19802,235,I,2019,35,W2019
2019-01-24,19802,230,I,2019,35,W2019
2019-01-25,19802,227,I,2019,35,W2019
2019-01-26,19802,221,I,2019,35,W2019
2019-01-27,19802,219,I,2019,35,W2019
2019-01-28,19802,223,I,2019,35,W2019
2019-01-29,19802,222,I,2019,35,W2019
2019-01-30,19802,221,I,2019,35,W2019
2019-01-31,19802,224,I,2019,35,W2019
2019-02-01,19802,226,I,2019,35,W2019
2019-02-02,19802,227,I,2019,35,W2019
2019-02-03,19802,229,I,2019,35,W2019
2019-02-04,19802,231,I,2019,35,W2019
2019-02-05,19802,228,I,2019,35,W2019
2019-02-06,19802,227,I,2019,35,W2019
2019-02-07,19802,225,I,2019,35,W2019
2019-02-08,19802,228,I,2019,35,W2019
2019-02-09,19802,218,I,2019,35,W2019
2019-02-10,19802,210,I,2019,35,W2019
2019-02-11,19802,207,_I,2019,35,W2019
2019-02-12,19802,208,_I,2019,35,W2019
2019-02-13,19802,210,I,2019,35,W2019
2019-02-14,19802,212,I,2019,35,W2019
2019-02-15,19802,214,I,2019,35,W2019
2019-02-16,19802,219,I,2019,35,W2019
2019-02-17,19802,226,I,2019,35,W2019
2019-02-18,19802,228,I,2019,35,W2019
2019-02-19,19802,228,I,2019,35,W2019
2019-02-20,19802,214,I,2019,35,W2019
2019-02-21,19802,226,I,2019,35,W2019
2019-02-22,19802,229,I,2019,35,W2019
2019-02-23,19802,229,I,2019,35,W2019
2019-02-24,19802,223,I,2019,35,W2019
2019-02-25,19802,219,I,2019,35,W2019
2019-02-26,19802,218,I,2019,35,W2019
2019-02-27,19802,223,(Z,2019,35,W2019
2019-02-28,19802,232,^(Z,2019,35,W2019
2019-03-01,19802,230,(Z,2019,35,W2019
2019-03-02,19802,232,(Z,2019,35,W2019
2019-03-03,19802,241,(Z,2019,35,W2019
2019-03-04,19802,238,(Z,2019,35,W2019
2019-03-05,19802,237,(Z,2019,35,W2019
2019-03-06,19802,241,Z,2019,35,W2019
2019-03-07,19802,241,Z,2019,35,W2019
2019-03-08,19802,233,Z,2019,35,W2019
2019-03-09,19802,224,РZ,2019,35,W2019
2019-03-10,19802,225,_ЛР,2019,35,W2019
2019-03-11,19802,241,Х),2019,35,W2019
2019-03-12,19802,249,),2019,35,W2019
2019-03-13,19802,244,,2019,35,W2019
2019-03-14,19802,237,,2019,35,W2019
2019-03-15,19802,236,,2019,35,W2019
2019-03-16,19802,236,,2019,35,W2019
2019-03-17,19802,232,,2019,35,W2019
2019-03-18,19802,229,,2019,35,W2019
2019-03-19,19802,221,_,2019,35,W2019
2019-03-20,19802,223,,2019,35,W2019
2019-03-21,19802,227,,2019,35,W2019
2019-03-22,19802,240,,2019,35,W2019
2019-03-23,19802,255,,2019,35,W2019
2019-03-24,19802,253,,2019,35,W2019
2019-03-25,19802,244,,2019,35,W2019
2019-03-26,19802,255,,2019,35,W2019
2019-03-27,19802,251,,2019,35,W2019
2019-03-28,19802,238,,2019,35,W2019
2019-03-29,19802,250,,2019,35,W2019
2019-03-30,19802,264,^,2019,35,W2019
2019-03-31,19802,261,,2019,35,W2019
2019-04-01,19802,266,,2019,35,W2019
2019-04-02,19802,277,,2019,35,W2019
2019-04-03,19802,276,,2019,35,W2019
2019-04-04,19802,276,,2019,35,W2019
2019-04-05,19802,271,,2019,35,W2019
2019-04-06,19802,266,,2019,35,W2019
2019-04-07,19802,260,,2019,35,W2019
2019-04-08,19802,250,,2019,35,W2019
2019-04-09,19802,240,,2019,35,W2019
2019-04-10,19802,242,,2019,35,W2019
2019-04-11,19802,253,,2019,35,W2019
2019-04-12,19802,260,,2019,35,W2019
2019-04-13,19802,273,,2019,35,W2019
2019-04-14,19802,272,,2019,35,W2019
2019-04-15,19802,271,,2019,35,W2019
2019-04-16,19802,255,,2019,35,W2019
2019-04-17,19802,262,,2019,35,W2019
2019-04-18,19802,250,,2019,35,W2019
2019-04-19,19802,234,_,2019,35,W2019
2019-04-20,19802,245,,2019,35,W2019
2019-04-21,19802,256,,2019,35,W2019
2019-04-22,19802,270,,2019,35,W2019
2019-04-23,19802,280,,2019,35,W2019
2019-04-24,19802,289,,2019,35,W2019
2019-04-25,19802,297,,2019,35,W2019
2019-04-26,19802,310,,2019,35,W2019
2019-04-27,19802,309,,2019,35,W2019
2019-04-28,19802,321,^,2019,35,W2019
2019-04-29,19802,312,,2019,35,W2019
2019-04-30,19802,296,,2019,35,W2019
2019-05-01,19802,289,,2019,35,W2019
2019-05-02,19802,295,,2019,35,W2019
2019-05-03,19802,298,,2019,35,W2019
2019-05-04,19802,297,,2019,35,W2019
2019-05-05,19802,296,,2019,35,W2019
2019-05-06,19802,316,,2019,35,W2019
2019-05-07,19802,324,^,2019,35,W2019
2019-05-08,19802,307,,2019,35,W2019
2019-05-09,19802,299,,2019,35,W2019
2019-05-10,19802,306,,2019,35,W2019
2019-05-11,19802,305,,2019,35,W2019
2019-05-12,19802,299,,2019,35,W2019
2019-05-13,19802,304,,2019,35,W2019
2019-05-14,19802,310,,2019,35,W2019
2019-05-15,19802,315,,2019,35,W2019
2019-05-16,19802,308,,2019,35,W2019
2019-05-17,19802,304,,2019,35,W2019
2019-05-18,19802,290,,2019,35,W2019
2019-05-19,19802,287,,2019,35,W2019
2019-05-20,19802,282,,2019,35,W2019
2019-05-21,19802,275,_,2019,35,W2019
2019-05-22,19802,280,,2019,35,W2019
2019-05-23,19802,288,,2019,35,W2019
2019-05-24,19802,291,,2019,35,W2019
2019-05-25,19802,302,,2019,35,W2019
2019-05-26,19802,292,,2019,35,W2019
2019-05-27,19802,289,,2019,35,W2019
2019-05-28,19802,292,,2019,35,W2019
2019-05-29,19802,288,,2019,35,W2019
2019-05-30,19802,280,,2019,35,W2019
2019-05-31,19802,281,,2019,35,W2019
2019-06-01,19802,283,,2019,35,W2019
2019-06-02,19802,286,,2019,35,W2019
2019-06-03,19802,290,^R,2019,35,W2019
2019-06-04,19802,286,R,2019,35,W2019
2019-06-05,19802,263,,2019,35,W2019
2019-06-06,19802,260,,2019,35,W2019
2019-06-07,19802,262,,2019,35,W2019
2019-06-08,19802,266,,2019,35,W2019
2019-06-09,19802,268,,2019,35,W2019
2019-06-10,19802,271,,2019,35,W2019
2019-06-11,19802,266,,2019,35,W2019
2019-06-12,19802,261,,2019,35,W2019
2019-06-13,19802,253,R,2019,35,W2019
2019-06-14,19802,239,_R,2019,35,W2019
2019-06-15,19802,247,R,2019,35,W2019
2019-06-16,19802,269,,2019,35,W2019
2019-06-17,19802,268,,2019,35,W2019
2019-06-18,19802,263,,2019,35,W2019
2019-06-19,19802,265,,2019,35,W2019
2019-06-20,19802,262,,2019,35,W2019
2019-06-21,19802,251,R,2019,35,W2019
2019-06-22,19802,246,R,2019,35,W2019
2019-06-23,19802,246,R,2019,35,W2019
2019-06-24,19802,257,,2019,35,W2019
2019-06-25,19802,257,,2019,35,W2019
2019-06-26,19802,246,R,2019,35,W2019
2019-06-27,19802,243,R,2019,35,W2019
2019-06-28,19802,257,,2019,35,W2019
2019-06-29,19802,262,R,2019,35,W2019
2019-06-30,19802,252,R,2019,35,W2019
2019-07-01,19802,254,,2019,35,W2019
2019-07-02,19802,265,R,2019,35,W2019
2019-07-03,19802,291,R,2019,35,W2019
2019-07-04,19802,297,^R,2019,35,W2019
2019-07-05,19802,282,R,2019,35,W2019
2019-07-06,19802,268,R,2019,35,W2019
2019-07-07,19802,259,,2019,35,W2019
2019-07-08,19802,261,,2019,35,W2019
2019-07-09,19802,256,,2019,35,W2019
2019-07-10,19802,256,,2019,35,W2019
2019-07-11,19802,270,R,2019,35,W2019
2019-07-12,19802,258,,2019,35,W2019
2019-07-13,19802,250,R,2019,35,W2019
2019-07-14,19802,229,R,2019,35,W2019
2019-07-15,19802,237,R,2019,35,W2019
2019-07-16,19802,243,,2019,35,W2019
2019-07-17,19802,238,,2019,35,W2019
2019-07-18,19802,230,R,2019,35,W2019
2019-07-19,19802,221,R,2019,35,W2019
2019-07-20,19802,239,R,2019,35,W2019
2019-07-21,19802,250,,2019,35,W2019
2019-07-22,19802,233,R,2019,35,W2019
2019-07-23,19802,218,R,2019,35,W2019
2019-07-24,19802,208,R,2019,35,W2019
2019-07-25,19802,206,_R,2019,35,W2019
2019-07-26,19802,227,R,2019,35,W2019
2019-07-27,19802,258,R,2019,35,W2019
2019-07-28,19802,268,R,2019,35,W2019
2019-07-29,19802,277,R,2019,35,W2019
2019-07-30,19802,282,R,2019,35,W2019
2019-07-31,19802,279,R,2019,35,W2019
2019-08-01,19802,267,^R,2019,35,W2019
2019-08-02,19802,262,R,2019,35,W2019
2019-08-03,19802,255,R,2019,35,W2019
2019-08-04,19802,255,R,2019,35,W2019
2019-08-05,19802,248,R,2019,35,W2019
2019-08-06,19802,242,R,2019,35,W2019
2019-08-07,19802,257,,2019,35,W2019
2019-08-08,19802,251,,2019,35,W2019
2019-08-09,19802,247,,2019,35,W2019
2019-08-10,19802,247,R,2019,35,W2019
2019-08-11,19802,258,R,2019,35,W2019
2019-08-12,19802,245,,2019,35,W2019
2019-08-13,19802,237,,2019,35,W2019
2019-08-14,19802,237,,2019,35,W2019
2019-08-15,19802,239,,2019,35,W2019
2019-08-16,19802,239,,2019,35,W2019
2019-08-17,19802,231,R,2019,35,W2019
2019-08-18,19802,234,R,2019,35,W2019
2019-08-19,19802,235,,2019,35,W2019
2019-08-20,19802,232,,2019,35,W2019
2019-08-21,19802,236,,2019,35,W2019
2019-08-22,19802,239,,2019,35,W2019
2019-08-23,19802,240,,2019,35,W2019
2019-08-24,19802,243,,2019,35,W2019
2019-08-25,19802,241,,2019,35,W2019
2019-08-26,19802,234,R,2019,35,W2019
2019-08-27,19802,225,R,2019,35,W2019
2019-08-28,19802,229,R,2019,35,W2019
2019-08-29,19802,211,_R,2019,35,W2019
2019-08-30,19802,221,R,2019,35,W2019
2019-08-31,19802,238,,2019,35,W2019
2019-09-01,19802,224,,2019,35,W2019
2019-09-02,19802,235,,2019,35,W2019
2019-09-03,19802,235,,2019,35,W2019
2019-09-04,19802,231,,2019,35,W2019
2019-09-05,19802,230,,2019,35,W2019
2019-09-06,19802,225,,2019,35,W2019
2019-09-07,19802,223,,2019,35,W2019
2019-09-08,19802,214,R,2019,35,W2019
2019-09-09,19802,213,R,2019,35,W2019
2019-09-10,19802,208,R,2019,35,W2019
2019-09-11,19802,209,R,2019,35,W2019
2019-09-12,19802,209,R,2019,35,W2019
2019-09-13,19802,215,R,2019,35,W2019
2019-09-14,19802,216,R,2019,35,W2019
2019-09-15,19802,228,,2019,35,W2019
2019-09-16,19802,240,,2019,35,W2019
2019-09-17,19802,240,,2019,35,W2019
2019-09-18,19802,245,R,2019,35,W2019
2019-09-19,19802,266,R,2019,35,W2019
2019-09-20,19802,234,,2019,35,W2019
2019-09-21,19802,218,R,2019,35,W2019
2019-09-22,19802,222,R,2019,35,W2019
2019-09-23,19802,277,^R,2019,35,W2019
2019-09-24,19802,241,R,2019,35,W2019
2019-09-25,19802,218,R,2019,35,W2019
2019-09-26,19802,207,R,2019,35,W2019
2019-09-27,19802,196,_R,2019,35,W2019
2019-09-28,19802,198,R,2019,35,W2019
2019-09-29,19802,202,R,2019,35,W2019
2019-09-30,19802,216,R,2019,35,W2019
2019-10-01,19802,239,R,2019,35,W2019
2019-10-02,19802,242,R,2019,35,W2019
2019-10-03,19802,233,,2019,35,W2019
2019-10-04,19802,240,,2019,35,W2019
2019-10-05,19802,241,R,2019,35,W2019
2019-10-06,19802,250,R,2019,35,W2019
2019-10-07,19802,241,R,2019,35,W2019
2019-10-08,19802,223,,2019,35,W2019
2019-10-09,19802,207,,2019,35,W2019
2019-10-10,19802,202,_,2019,35,W2019
2019-10-11,19802,225,,2019,35,W2019
2019-10-12,19802,227,,2019,35,W2019
2019-10-13,19802,229,R,2019,35,W2019
2019-10-14,19802,247,^R,2019,35,W2019
2019-10-15,19802,248,R,2019,35,W2019
2019-10-16,19802,242,R,2019,35,W2019
2019-10-17,19802,228,R,2019,35,W2019
2019-10-18,19802,219,,2019,35,W2019
2019-10-19,19802,216,,2019,35,W2019
2019-10-20,19802,213,,2019,35,W2019
2019-10-21,19802,209,,2019,35,W2019
2019-10-22,19802,204,,2019,35,W2019
2019-10-23,19802,210,,2019,35,W2019
2019-10-24,19802,217,,2019,35,W2019
2019-10-25,19802,217,,2019,35,W2019
2019-10-26,19802,220,,2019,35,W2019
2019-10-27,19802,222,,2019,35,W2019
2019-10-28,19802,228,,2019,35,W2019
2019-10-29,19802,229,,2019,35,W2019
2019-10-30,19802,222,,2019,35,W2019
2019-10-31,19802,222,,2019,35,W2019
2019-11-01,19802,220,,2019,35,W2019
2019-11-02,19802,208,R,2019,35,W2019
2019-11-03,19802,190,R,2019,35,W2019
2019-11-04,19802,204,R,2019,35,W2019
2019-11-05,19802,246,^R,2019,35,W2019
2019-11-06,19802,248,R,2019,35,W2019
2019-11-07,19802,240,R,2019,35,W2019
2019-11-08,19802,233,R,2019,35,W2019
2019-11-09,19802,227,R,2019,35,W2019
2019-11-10,19802,228,R,2019,35,W2019
2019-11-11,19802,233,R,2019,35,W2019
2019-11-12,19802,227,,2019,35,W2019
2019-11-13,19802,226,,2019,35,W2019
2019-11-14,19802,208,,2019,35,W2019
2019-11-15,19802,199,R,2019,35,W2019
2019-11-16,19802,201,R,2019,35,W2019
2019-11-17,19802,206,R,2019,35,W2019
2019-11-18,19802,210,,2019,35,W2019
2019-11-19,19802,214,,2019,35,W2019
2019-11-20,19802,200,R,2019,35,W2019
2019-11-21,19802,169,)R,2019,35,W2019
2019-11-22,19802,153,IR,2019,35,W2019
2019-11-23,19802,166,_IR,2019,35,W2019
2019-11-24,19802,197,IR,2019,35,W2019
2019-11-25,19802,209,IR,2019,35,W2019
2019-11-26,19802,213,IR,2019,35,W2019
2019-11-27,19802,217,IR,2019,35,W2019
2019-11-28,19802,223,I,2019,35,W2019
2019-11-29,19802,223,I,2019,35,W2019
2019-11-30,19802,219,I,2019,35,W2019
2019-12-01,19802,218,I,2019,35,W2019
2019-12-02,19802,224,I,2019,35,W2019
2019-12-03,19802,210,_I,2019,35,W2019
2019-12-04,19802,209,_I,2019,35,W2019
2019-12-05,19802,220,_I~,2019,35,W2019
2019-12-06,19802,243,I~,2019,35,W2019
2019-12-07,19802,244,I~,2019,35,W2019
2019-12-08,19802,239,I~,2019,35,W2019
2019-12-09,19802,227,I,2019,35,W2019
2019-12-10,19802,219,I,2019,35,W2019
2019-12-11,19802,219,I,2019,35,W2019
2019-12-12,19802,220,I,2019,35,W2019
2019-12-13,19802,218,I,2019,35,W2019
2019-12-14,19802,217,I,2019,35,W2019
2019-12-15,19802,217,I,2019,35,W2019
2019-12-16,19802,230,I,2019,35,W2019
2019-12-17,19802,237,I~,2019,35,W2019
2019-12-18,19802,237,I~,2019,35,W2019
2019-12-19,19802,244,I~,2019,35,W2019
2019-12-20,19802,244,^Z,2019,35,W2019
2019-12-21,19802,240,Z,2019,35,W2019
2019-12-22,19802,237,IZ,2019,35,W2019
2019-12-23,19802,234,I,2019,35,W2019
2019-12-24,19802,231,I,2019,35,W2019
2019-12-25,19802,222,I,2019,35,W2019
2019-12-26,19802,215,I,2019,35,W2019
2019-12-27,19802,213,I,2019,35,W2019
2019-12-28,19802,216,I~,2019,35,W2019
2019-12-29,19802,227,I~,2019,35,W2019
2019-12-30,19802,225,Z,2019,35,W2019
2019-12-31,19802,227,Z,2019,35,W2019
2022-01-01,19802,178,I,2022,37,W2022
2022-01-02,19802,187,I,2022,37,W2022
2022-01-03,19802,181,I,2022,37,W2022
2022-01-04,19802,198,I,2022,37,W2022
2022-01-05,19802,200,I,2022,37,W2022
2022-01-06,19802,199,I,2022,37,W2022
2022-01-07,19802,201,I,2022,37,W2022
2022-01-08,19802,196,I,2022,37,W2022
2022-01-09,19802,185,I,2022,37,W2022
2022-01-10,19802,179,I,2022,37,W2022
2022-01-11,19802,174,I,2022,37,W2022
2022-01-12,19802,177,I,2022,37,W2022
2022-01-13,19802,178,I,2022,37,W2022
2022-01-14,19802,186,I,2022,37,W2022
2022-01-15,19802,212,I,2022,37,W2022
2022-01-16,19802,217,^I,2022,37,W2022
2022-01-17,19802,218,I,2022,37,W2022
2022-01-18,19802,210,I,2022,37,W2022
2022-01-19,19802,203,I,2022,37,W2022
2022-01-20,19802,194,I,2022,37,W2022
2022-01-21,19802,177,I,2022,37,W2022
2022-01-22,19802,174,I,2022,37,W2022
2022-01-23,19802,176,I,2022,37,W2022
2022-01-24,19802,180,I,2022,37,W2022
2022-01-25,19802,171,I,2022,37,W2022
2022-01-26,19802,167,I,2022,37,W2022
2022-01-27,19802,166,I,2022,37,W2022
2022-01-28,19802,162,_I,2022,37,W2022
2022-01-29,19802,171,I,2022,37,W2022
2022-01-30,19802,182,I,2022,37,W2022
2022-01-31,19802,180,I,2022,37,W2022
2022-02-01,19802,178,I,2022,37,W2022
2022-02-02,19802,179,I,2022,37,W2022
2022-02-03,19802,177,I,2022,37,W2022
2022-02-04,19802,180,I,2022,37,W2022
2022-02-05,19802,176,I,2022,37,W2022
2022-02-06,19802,176,I,2022,37,W2022
2022-02-07,19802,186,I,2022,37,W2022
2022-02-08,19802,188,I,2022,37,W2022
2022-02-09,19802,192,I,2022,37,W2022
2022-02-10,19802,189,I,2022,37,W2022
2022-02-11,19802,183,I,2022,37,W2022
2022-02-12,19802,194,I,2022,37,W2022
2022-02-13,19802,198,^I,2022,37,W2022
2022-02-14,19802,194,I,2022,37,W2022
2022-02-15,19802,198,I,2022,37,W2022
2022-02-16,19802,194,I,2022,37,W2022
2022-02-17,19802,183,I,2022,37,W2022
2022-02-18,19802,189,I,2022,37,W2022
2022-02-19,19802,185,I,2022,37,W2022
2022-02-20,19802,181,I,2022,37,W2022
2022-02-21,19802,185,ZI,2022,37,W2022
2022-02-22,19802,177,Z,2022,37,W2022
2022-02-23,19802,176,Z,2022,37,W2022
2022-02-24,19802,181,)Р,2022,37,W2022
2022-02-25,19802,176,),2022,37,W2022
2022-02-26,19802,169,_,2022,37,W2022
2022-02-27,19802,170,,2022,37,W2022
2022-02-28,19802,169,_,2022,37,W2022
2022-03-01,19802,177,,2022,37,W2022
2022-03-02,19802,172,,2022,37,W2022
2022-03-03,19802,166,,2022,37,W2022
2022-03-04,19802,158,,2022,37,W2022
2022-03-05,19802,242,Я,2022,37,W2022
2022-03-06,19802,246,Я,2022,37,W2022
2022-03-07,19802,219,Я,2022,37,W2022
2022-03-08,19802,218,Я,2022,37,W2022
2022-03-09,19802,192,,2022,37,W2022
2022-03-10,19802,180,,2022,37,W2022
2022-03-11,19802,165,,2022,37,W2022
2022-03-12,19802,155,,2022,37,W2022
2022-03-13,19802,162,,2022,37,W2022
2022-03-14,19802,170,,2022,37,W2022
2022-03-15,19802,212,Я,2022,37,W2022
2022-03-16,19802,207,Я,2022,37,W2022
2022-03-17,19802,178,,2022,37,W2022
2022-03-18,19802,166,Я,2022,37,W2022
2022-03-19,19802,152,Я,2022,37,W2022
2022-03-20,19802,144,_Я,2022,37,W2022
2022-03-21,19802,179,Я,2022,37,W2022
2022-03-22,19802,179,,2022,37,W2022
2022-03-23,19802,164,,2022,37,W2022
2022-03-24,19802,181,,2022,37,W2022
2022-03-25,19802,169,,2022,37,W2022
2022-03-26,19802,155,,2022,37,W2022
2022-03-27,19802,196,Я,2022,37,W2022
2022-03-28,19802,209,Я,2022,37,W2022
2022-03-29,19802,248,^Я,2022,37,W2022
2022-03-30,19802,252,Я,2022,37,W2022
2022-03-31,19802,206,Я,2022,37,W2022
2022-04-01,19802,192,,2022,37,W2022
2022-04-02,19802,191,,2022,37,W2022
2022-04-03,19802,195,,2022,37,W2022
2022-04-04,19802,185,,2022,37,W2022
2022-04-05,19802,200,,2022,37,W2022
2022-04-06,19802,183,,2022,37,W2022
2022-04-07,19802,174,,2022,37,W2022
2022-04-08,19802,172,_,2022,37,W2022
2022-04-09,19802,179,,2022,37,W2022
2022-04-10,19802,193,,2022,37,W2022
2022-04-11,19802,199,,2022,37,W2022
2022-04-12,19802,188,,2022,37,W2022
2022-04-13,19802,195,,2022,37,W2022
2022-04-14,19802,194,,2022,37,W2022
2022-04-15,19802,210,,2022,37,W2022
2022-04-16,19802,221,,2022,37,W2022
2022-04-17,19802,239,,2022,37,W2022
2022-04-18,19802,249,,2022,37,W2022
2022-04-19,19802,263,,2022,37,W2022
2022-04-20,19802,277,,2022,37,W2022
2022-04-21,19802,285,,2022,37,W2022
2022-04-22,19802,294,,2022,37,W2022
2022-04-23,19802,310,,2022,37,W2022
2022-04-24,19802,316,,2022,37,W2022
2022-04-25,19802,324,,2022,37,W2022
2022-04-26,19802,325,,2022,37,W2022
2022-04-27,19802,331,,2022,37,W2022
2022-04-28,19802,332,,2022,37,W2022
2022-04-29,19802,334,^,2022,37,W2022
2022-04-30,19802,333,,2022,37,W2022
2022-05-01,19802,337,,2022,37,W2022
2022-05-02,19802,340,,2022,37,W2022
2022-05-03,19802,344,,2022,37,W2022
2022-05-04,19802,348,,2022,37,W2022
2022-05-05,19802,350,,2022,37,W2022
2022-05-06,19802,348,,2022,37,W2022
2022-05-07,19802,349,,2022,37,W2022
2022-05-08,19802,352,,2022,37,W2022
2022-05-09,19802,357,,2022,37,W2022
2022-05-10,19802,366,,2022,37,W2022
2022-05-11,19802,363,,2022,37,W2022
2022-05-12,19802,366,,2022,37,W2022
2022-05-13,19802,371,,2022,37,W2022
2022-05-14,19802,375,^,2022,37,W2022
2022-05-15,19802,370,,2022,37,W2022
2022-05-16,19802,366,,2022,37,W2022
2022-05-17,19802,359,,2022,37,W2022
2022-05-18,19802,356,,2022,37,W2022
2022-05-19,19802,349,,2022,37,W2022
2022-05-20,19802,340,,2022,37,W2022
2022-05-21,19802,336,,2022,37,W2022
2022-05-22,19802,338,,2022,37,W2022
2022-05-23,19802,342,,2022,37,W2022
2022-05-24,19802,325,,2022,37,W2022
2022-05-25,19802,319,,2022,37,W2022
2022-05-26,19802,318,,2022,37,W2022
2022-05-27,19802,317,,2022,37,W2022
2022-05-28,19802,319,,2022,37,W2022
2022-05-29,19802,312,,2022,37,W2022
2022-05-30,19802,302,,2022,37,W2022
2022-05-31,19802,295,_,2022,37,W2022
2022-06-01,19802,285,,2022,37,W2022
2022-06-02,19802,277,,2022,37,W2022
2022-06-03,19802,275,,2022,37,W2022
2022-06-04,19802,275,,2022,37,W2022
2022-06-05,19802,274,,2022,37,W2022
2022-06-06,19802,275,,2022,37,W2022
2022-06-07,19802,274,_,2022,37,W2022
2022-06-08,19802,276,_,2022,37,W2022
2022-06-09,19802,278,,2022,37,W2022
2022-06-10,19802,275,,2022,37,W2022
2022-06-11,19802,282,,2022,37,W2022
2022-06-12,19802,294,,2022,37,W2022
2022-06-13,19802,288,,2022,37,W2022
2022-06-14,19802,281,,2022,37,W2022
2022-06-15,19802,280,,2022,37,W2022
2022-06-16,19802,286,,2022,37,W2022
2022-06-17,19802,298,,2022,37,W2022
2022-06-18,19802,306,,2022,37,W2022
2022-06-19,19802,308,,2022,37,W2022
2022-06-20,19802,314,Я,2022,37,W2022
2022-06-21,19802,319,^Я,2022,37,W2022
2022-06-22,19802,312,Я,2022,37,W2022
2022-06-23,19802,305,Я,2022,37,W2022
2022-06-24,19802,302,Я,2022,37,W2022
2022-06-25,19802,301,,2022,37,W2022
2022-06-26,19802,297,,2022,37,W2022
2022-06-27,19802,287,,2022,37,W2022
2022-06-28,19802,280,,2022,37,W2022
2022-06-29,19802,275,_,2022,37,W2022
2022-06-30,19802,273,_,2022,37,W2022
2022-07-01,19802,270,,2022,37,W2022
2022-07-02,19802,275,^,2022,37,W2022
2022-07-03,19802,271,,2022,37,W2022
2022-07-04,19802,269,,2022,37,W2022
2022-07-05,19802,269,,2022,37,W2022
2022-07-06,19802,266,,2022,37,W2022
2022-07-07,19802,269,,2022,37,W2022
2022-07-08,19802,266,,2022,37,W2022
2022-07-09,19802,262,,2022,37,W2022
2022-07-10,19802,260,,2022,37,W2022
2022-07-11,19802,256,,2022,37,W2022
2022-07-12,19802,253,,2022,37,W2022
2022-07-13,19802,252,,2022,37,W2022
2022-07-14,19802,255,,2022,37,W2022
2022-07-15,19802,253,,2022,37,W2022
2022-07-16,19802,248,,2022,37,W2022
2022-07-17,19802,238,,2022,37,W2022
2022-07-18,19802,245,,2022,37,W2022
2022-07-19,19802,239,,2022,37,W2022
2022-07-20,19802,227,,2022,37,W2022
2022-07-21,19802,226,,2022,37,W2022
2022-07-22,19802,226,_,2022,37,W2022
2022-07-23,19802,233,,2022,37,W2022
2022-07-24,19802,242,,2022,37,W2022
2022-07-25,19802,250,Я,2022,37,W2022
2022-07-26,19802,255,Я,2022,37,W2022
2022-07-27,19802,257,Я,2022,37,W2022
2022-07-28,19802,241,Я,2022,37,W2022
2022-07-29,19802,241,,2022,37,W2022
2022-07-30,19802,241,,2022,37,W2022
2022-07-31,19802,237,,2022,37,W2022
2022-08-01,19802,228,,2022,37,W2022
2022-08-02,19802,227,,2022,37,W2022
2022-08-03,19802,223,,2022,37,W2022
2022-08-04,19802,219,,2022,37,W2022
2022-08-05,19802,215,,2022,37,W2022
2022-08-06,19802,206,,2022,37,W2022
2022-08-07,19802,204,,2022,37,W2022
2022-08-08,19802,203,,2022,37,W2022
2022-08-09,19802,202,,2022,37,W2022
2022-08-10,19802,204,,2022,37,W2022
2022-08-11,19802,205,,2022,37,W2022
2022-08-12,19802,210,,2022,37,W2022
2022-08-13,19802,208,,2022,37,W2022
2022-08-14,19802,203,,2022,37,W2022
2022-08-15,19802,196,,2022,37,W2022
2022-08-16,19802,195,,2022,37,W2022
2022-08-17,19802,201,,2022,37,W2022
2022-08-18,19802,223,^Я,2022,37,W2022
2022-08-19,19802,214,Я,2022,37,W2022
2022-08-20,19802,187,,2022,37,W2022
2022-08-21,19802,181,,2022,37,W2022
2022-08-22,19802,181,_,2022,37,W2022
2022-08-23,19802,180,_,2022,37,W2022
2022-08-24,19802,181,,2022,37,W2022
2022-08-25,19802,185,,2022,37,W2022
2022-08-26,19802,188,,2022,37,W2022
2022-08-27,19802,187,,2022,37,W2022
2022-08-28,19802,188,,2022,37,W2022
2022-08-29,19802,191,,2022,37,W2022
2022-08-30,19802,200,,2022,37,W2022
2022-08-31,19802,204,,2022,37,W2022
2022-09-01,19802,206,,2022,37,W2022
2022-09-02,19802,219,^,2022,37,W2022
2022-09-03,19802,211,,2022,37,W2022
2022-09-04,19802,199,,2022,37,W2022
2022-09-05,19802,201,,2022,37,W2022
2022-09-06,19802,187,,2022,37,W2022
2022-09-07,19802,196,,2022,37,W2022
2022-09-08,19802,201,,2022,37,W2022
2022-09-09,19802,206,,2022,37,W2022
2022-09-10,19802,191,,2022,37,W2022
2022-09-11,19802,178,_,2022,37,W2022
2022-09-12,19802,186,,2022,37,W2022
2022-09-13,19802,194,,2022,37,W2022
2022-09-14,19802,200,,2022,37,W2022
2022-09-15,19802,197,,2022,37,W2022
2022-09-16,19802,207,,2022,37,W2022
2022-09-17,19802,207,,2022,37,W2022
2022-09-18,19802,206,,2022,37,W2022
2022-09-19,19802,210,,2022,37,W2022
2022-09-20,19802,200,,2022,37,W2022
2022-09-21,19802,193,,2022,37,W2022
2022-09-22,19802,192,,2022,37,W2022
2022-09-23,19802,198,,2022,37,W2022
2022-09-24,19802,190,,2022,37,W2022
2022-09-25,19802,187,_,2022,37,W2022
2022-09-26,19802,210,,2022,37,W2022
2022-09-27,19802,213,,2022,37,W2022
2022-09-28,19802,202,,2022,37,W2022
2022-09-29,19802,208,,2022,37,W2022
2022-09-30,19802,192,,2022,37,W2022
2022-10-01,19802,188,,2022,37,W2022
2022-10-02,19802,198,Я,2022,37,W2022
2022-10-03,19802,218,Я,2022,37,W2022
2022-10-04,19802,205,Я,2022,37,W2022
2022-10-05,19802,203,Я,2022,37,W2022
2022-10-06,19802,191,,2022,37,W2022
2022-10-07,19802,180,,2022,37,W2022
2022-10-08,19802,184,,2022,37,W2022
2022-10-09,19802,180,,2022,37,W2022
2022-10-10,19802,188,,2022,37,W2022
2022-10-11,19802,185,,2022,37,W2022
2022-10-12,19802,197,Я,2022,37,W2022
2022-10-13,19802,205,Я,2022,37,W2022
2022-10-14,19802,201,Я,2022,37,W2022
2022-10-15,19802,193,,2022,37,W2022
2022-10-16,19802,173,Я,2022,37,W2022
2022-10-17,19802,164,_Я,2022,37,W2022
2022-10-18,19802,167,_Я,2022,37,W2022
2022-10-19,19802,191,Я,2022,37,W2022
2022-10-20,19802,194,Я,2022,37,W2022
2022-10-21,19802,189,,2022,37,W2022
2022-10-22,19802,205,Я,2022,37,W2022
2022-10-23,19802,192,,2022,37,W2022
2022-10-24,19802,196,,2022,37,W2022
2022-10-25,19802,200,,2022,37,W2022
2022-10-26,19802,189,,2022,37,W2022
2022-10-27,19802,187,,2022,37,W2022
2022-10-28,19802,184,,2022,37,W2022
2022-10-29,19802,174,,2022,37,W2022
2022-10-30,19802,183,,2022,37,W2022
2022-10-31,19802,224,^Я,2022,37,W2022
2022-11-01,19802,228,^Я,2022,37,W2022
2022-11-02,19802,219,Я,2022,37,W2022
2022-11-03,19802,219,Я,2022,37,W2022
2022-11-04,19802,209,Я,2022,37,W2022
2022-11-05,19802,201,Я,2022,37,W2022
2022-11-06,19802,185,,2022,37,W2022
2022-11-07,19802,173,,2022,37,W2022
2022-11-08,19802,179,,2022,37,W2022
2022-11-09,19802,180,,2022,37,W2022
2022-11-10,19802,178,,2022,37,W2022
2022-11-11,19802,180,,2022,37,W2022
2022-11-12,19802,185,,2022,37,W2022
2022-11-13,19802,224,^Я,2022,37,W2022
2022-11-14,19802,221,Я,2022,37,W2022
2022-11-15,19802,200,Я,2022,37,W2022
2022-11-16,19802,199,Я,2022,37,W2022
2022-11-17,19802,204,Я,2022,37,W2022
2022-11-18,19802,192,,2022,37,W2022
2022-11-19,19802,188,,2022,37,W2022
2022-11-20,19802,194,,2022,37,W2022
2022-11-21,19802,195,,2022,37,W2022
2022-11-22,19802,192,,2022,37,W2022
2022-11-23,19802,187,,2022,37,W2022
2022-11-24,19802,190,,2022,37,W2022
2022-11-25,19802,186,,2022,37,W2022
2022-11-26,19802,172,Я,2022,37,W2022
2022-11-27,19802,168,Я,2022,37,W2022
2022-11-28,19802,166,_Я,2022,37,W2022
2022-11-29,19802,169,)Я,2022,37,W2022
2022-11-30,19802,172,)Я,2022,37,W2022
2022-12-01,19802,172,Z,2022,37,W2022
2022-12-02,19802,166,Z,2022,37,W2022
2022-12-03,19802,164,Z,2022,37,W2022
2022-12-04,19802,163,I,2022,37,W2022
2022-12-05,19802,162,I,2022,37,W2022
2022-12-06,19802,161,I,2022,37,W2022
2022-12-07,19802,158,I,2022,37,W2022
2022-12-08,19802,159,_I,2022,37,W2022
2022-12-09,19802,160,I,2022,37,W2022
2022-12-10,19802,162,I,2022,37,W2022
2022-12-11,19802,165,I,2022,37,W2022
2022-12-12,19802,167,I,2022,37,W2022
2022-12-13,19802,166,I,2022,37,W2022
2022-12-14,19802,164,I,2022,37,W2022
2022-12-15,19802,164,I,2022,37,W2022
2022-12-16,19802,164,I,2022,37,W2022
2022-12-17,19802,167,I,2022,37,W2022
2022-12-18,19802,168,I,2022,37,W2022
2022-12-19,19802,174,I,2022,37,W2022
2022-12-20,19802,174,I,2022,37,W2022
2022-12-21,19802,176,I,2022,37,W2022
2022-12-22,19802,182,I,2022,37,W2022
2022-12-23,19802,180,I,2022,37,W2022
2022-12-24,19802,182,^I,2022,37,W2022
2022-12-25,19802,183,^I,2022,37,W2022
2022-12-26,19802,180,I,2022,37,W2022
2022-12-27,19802,178,I,2022,37,W2022
2022-12-28,19802,177,I,2022,37,W2022
2022-12-29,19802,179,I,2022,37,W2022
2022-12-30,19802,181,I,2022,37,W2022
2022-12-31,19802,183,I~,2022,37,W2022
