source_id,purpose,title,organization,url,access_date,license_status,geography,period,local_file,sha256,source_pdf_sha256
W2018,data,"Ежегодные данные о режиме и ресурсах поверхностных вод суши, 2018, выпуск 4, часть 1, таблица 1.2, PDF с. 35",РГП Казгидромет,https://www.kazhydromet.kz/uploads/files/495/file/630840dd1094fbasseyn-rek-ural-srednee-i-nizhnee-techenie-i-emba-i-ustevaya-chast-reki-volga-vypusk-4-2018-god.pdf,2026-09-25,© Казгидромет; явная открытая лицензия не найдена; полный PDF не распространяется,"Урал — Атырау, Казахстан; пост 19802",2018,data/raw/atyrau_level_observations.csv,155f74f0043c12047402032fdeac1cc7eedc51dcb192ffb3c77f31d20a81f1d1,48f6e58ed06631b92b04b84e64dfc771911b415df2eaae364b178687bdd444c9
W2019,data,"Ежегодные данные о режиме и ресурсах поверхностных вод суши, 2019, выпуск 4, часть 1, таблица 1.2, PDF с. 35",РГП Казгидромет,https://kazhydromet.kz/uploads/files/496/file/630840f50875ebasseyn-rek-ural-srednee-i-nizhnee-techenie-i-emba-i-ustevaya-chast-reki-volga-vypusk-4-2019-god.pdf,2026-09-25,© Казгидромет; явная открытая лицензия не найдена; полный PDF не распространяется,"Урал — Атырау, Казахстан; пост 19802",2019,data/raw/atyrau_level_observations.csv,155f74f0043c12047402032fdeac1cc7eedc51dcb192ffb3c77f31d20a81f1d1,754a2b2a1c7768529f040c06c0a41e82346cafe461e535bbc8636a1377d7e476
W2022,data,"Ежегодные данные о режиме и ресурсах поверхностных вод суши, 2022, выпуск 4, часть 1, таблица 1.2, PDF с. 37",РГП Казгидромет,https://www.kazhydromet.kz/uploads/files/1885/file/66e7e0b8ce51deds-vypusk-4-2022-ural-1.pdf,2026-09-25,© Казгидромет; явная открытая лицензия не найдена; полный PDF не распространяется,"Урал — Атырау, Казахстан; пост 19802",2022,data/raw/atyrau_level_observations.csv,155f74f0043c12047402032fdeac1cc7eedc51dcb192ffb3c77f31d20a81f1d1,b67004d491322437a88aa250c050d896afb168bcff504e29416e462d504831fd
W_HISTORY,context,История филиала по Атырауской области,Казгидромет,https://kazhydromet.kz/ru/branches_history/5,2026-09-25,цитирование первоисточника; полный материал не включён,применимость указана в тексте,не является входным рядом,References.md,,
W_DB,feasibility,"Открытие гидрологической базы данных, 25.01.2023",Казгидромет,https://www.kazhydromet.kz/ru/post/2045,2026-09-25,цитирование первоисточника; полный материал не включён,применимость указана в тексте,не является входным рядом,References.md,,
W_CATALOG,feasibility,Государственный водный кадастр: авторизация для каталога,Казгидромет,https://www.kazhydromet.kz/ru/gidrologiya/gosudarstvennyy-vodnyy-kadastr-poverhnostnye-vody,2026-09-25,цитирование первоисточника; полный материал не включён,применимость указана в тексте,не является входным рядом,References.md,,
W_BULLETIN,candidate_not_used,"Ежедневный бюллетень Атырау, 06.04.2025",Казгидромет,https://www.kazhydromet.kz/uploads/files_calendar/7688/file_kk/67f21f5377f94atyrau-06-04-2025.pdf,2026-09-25,цитирование первоисточника; полный материал не включён,применимость указана в тексте,не является входным рядом,References.md,,
W_FPP,methods,"Forecasting: Principles and Practice, 3rd ed., §5.8 Evaluating point forecast accuracy",Hyndman R.J.; Athanasopoulos G.,https://otexts.com/fpp3/accuracy.html,2026-09-25,цитирование первоисточника; полный материал не включён,применимость указана в тексте,не является входным рядом,References.md,,
W_RIDGE,methods,Ridge — scikit-learn documentation,scikit-learn developers,https://scikit-learn.org/stable/modules/generated/sklearn.linear_model.Ridge.html,2026-09-25,цитирование первоисточника; полный материал не включён,применимость указана в тексте,не является входным рядом,References.md,,
W_RF,methods,RandomForestRegressor — scikit-learn documentation,scikit-learn developers,https://scikit-learn.org/stable/modules/generated/sklearn.ensemble.RandomForestRegressor.html,2026-09-25,цитирование первоисточника; полный материал не включён,применимость указана в тексте,не является входным рядом,References.md,,
W_GLOFAS,literature,"Daily ensemble river discharge reforecasts and real-time forecasts from the operational Global Flood Awareness System, HESS 27, 1–19 (2023)",Harrigan et al.,https://hess.copernicus.org/articles/27/1/2023/,2026-09-25,цитирование первоисточника; полный материал не включён,применимость указана в тексте,не является входным рядом,References.md,,
